metal,level,replicate,block,model,run_id,limit,n_train,n_test,n_test_censored,deep,rmse,mae,bias,crps,picp90,width90,picp95,width95,joint_log_score,rhat_max,ess_min,ess_bulk_min,ess_tail_min,divergences,draws,tune,chains,diagnostics_na,kriging_params
As,0.2,0,0,censored GP,F3-20260908,36.96,88,26,2,True,1.1891033953807548,0.8719679989067642,-0.15202689652999565,0.6631302554998444,0.9230769230769231,4.586357650782784,0.9615384615384616,5.493290191961434,-1.5386799471012824,1.0113824006551775,600.4170458528455,600.4170458528455,1006.5936782701971,0,1000,2000,4,,
As,0.2,1,1,censored GP,F3-20260908,36.96,78,36,5,True,1.2364299664243321,1.1745253031257308,1.1348198288538685,0.7236236762058685,1.0,4.902817018089562,1.0,5.894507145316045,-1.6468728182750274,1.0059729058941984,838.7925763619132,838.7925763619132,1198.1000094598983,0,1000,2000,4,,
As,0.2,2,2,censored GP,F3-20260908,36.96,102,12,2,True,1.0625436635175463,0.7566546751137905,-0.2985918062495208,0.6015795652958689,1.0,4.614613345753111,1.0,5.549812497810845,-1.5033034467074184,1.009355095761612,476.35843017108147,476.35843017108147,804.8577704314881,0,1000,2000,4,,
As,0.2,3,3,censored GP,F3-20260908,36.96,81,33,13,True,1.4923946189280939,1.349647784905769,0.6857982127593187,0.9196867229127133,0.7272727272727273,3.55616277479105,0.8484848484848485,4.300726955326492,-1.9095424169234263,1.006826535136865,1074.4140353214113,1074.4140353214113,1408.2944873253048,0,1000,2000,4,,
As,0.2,4,4,censored GP,F3-20260908,36.96,107,7,1,True,0.7110661597064479,0.6594253295211846,-0.12777489535736533,0.4512243384971629,1.0,4.2218282010914825,1.0,5.032977510969231,-1.3080491860537387,1.0056777477468393,631.8324432305313,631.8324432305313,1007.8084979109,0,1000,2000,4,,
As,0.2,5,0,censored GP,F3-20260908,36.96,88,26,2,True,1.1838219659581946,0.8532825181114669,-0.11074687701044915,0.6641534083344299,0.9230769230769231,4.671083356975226,0.9615384615384616,5.623983780981039,-1.5328835393224955,1.009009659416879,461.6561388856259,461.6561388856259,703.2028301403288,0,1000,2000,4,,
As,0.2,6,1,censored GP,F3-20260908,36.96,78,36,5,True,1.2256918895409272,1.1671933460227548,1.1234165664811837,0.7199036031903722,1.0,4.933888322544919,1.0,5.929286953342402,-1.6478589216019357,1.0048519385298227,783.0875755279565,783.0875755279565,1216.1433628909413,0,1000,2000,4,,
As,0.2,7,2,censored GP,F3-20260908,36.96,102,12,2,True,1.0720631213641372,0.8008113890167182,-0.34208371404905763,0.612824610617719,1.0,4.652575489785316,1.0,5.6006087770277135,-1.5320486632443266,1.0076803081851473,516.418471881999,516.418471881999,642.2054763600416,0,1000,2000,4,,
As,0.2,8,3,censored GP,F3-20260908,36.96,81,33,13,True,1.5161014878939658,1.3722934859413087,0.7009401745169606,0.9392545653474342,0.696969696969697,3.593894200216928,0.8181818181818182,4.334339013688558,-1.9291872068019753,1.0061593257996682,866.932697703281,866.932697703281,1133.658050067553,0,1000,2000,4,,
As,0.2,9,4,censored GP,F3-20260908,36.96,107,7,1,True,0.680276192244802,0.6199304869765597,-0.08431372169367947,0.4415640632001466,1.0,4.262825902657761,1.0,5.115258128389292,-1.2959790510356843,1.0071837336432234,723.9454120820377,723.9454120820377,1087.8935047390455,0,1000,2000,4,,
As,0.4,0,0,censored GP,F3-20260908,64.88000000000001,88,26,2,True,1.2003670889675035,0.8518595508522073,0.06427123593612098,0.6620047681060275,0.9230769230769231,4.690857635299595,0.9230769230769231,5.626889669509982,-1.4977130120839033,1.0042352909430405,671.9035381126829,671.9035381126829,711.4836481715253,0,1000,2000,4,,
As,0.4,1,1,censored GP,F3-20260908,64.88000000000001,78,36,21,True,1.2111398371027742,1.1672036588254724,1.1317994741815436,0.71365896961879,1.0,4.682110497502126,1.0,5.577520378525625,-1.443755185773236,1.0075603498565657,680.3311678200398,680.3311678200398,936.0754910894938,0,1000,2000,4,,
As,0.4,2,2,censored GP,F3-20260908,64.88000000000001,102,12,2,True,1.111586008423506,0.7988936463693119,-0.3337488093687206,0.6379354607421346,0.9166666666666666,4.695794587011631,1.0,5.682275083139937,-1.4783888969757228,1.009478891932297,735.0618921632168,735.0618921632168,909.1831071483572,0,1000,2000,4,,
As,0.4,3,3,censored GP,F3-20260908,64.88000000000001,81,33,18,True,1.5120032511192616,1.360731078680672,0.7002484540174255,0.9306359423200017,0.7575757575757576,3.7344738015215753,0.9090909090909091,4.497428124754198,-1.6023839306447236,1.0091335430585582,595.4414140147383,595.4414140147383,833.2490354169695,0,1000,2000,4,,
As,0.4,4,4,censored GP,F3-20260908,64.88000000000001,107,7,3,True,0.711692767831107,0.6467291173391875,-0.22997995610357597,0.45157266401561963,1.0,4.198978554187053,1.0,5.042751009216974,-1.1396433540432196,1.0101448586050141,616.9618587208804,616.9618587208804,958.1129529546786,0,1000,2000,4,,
As,0.4,5,0,censored GP,F3-20260908,64.88000000000001,88,26,2,True,1.199020611859725,0.848310577242008,0.03448078374103458,0.6685148097625049,0.9230769230769231,4.825993564129804,0.9230769230769231,5.830911043297205,-1.5091956313751627,1.009067734083554,681.1221087636927,681.1221087636927,985.9401046565076,0,1000,2000,4,,
As,0.4,6,1,censored GP,F3-20260908,64.88000000000001,78,36,21,True,1.213480792921,1.1704236541783284,1.1288050733426087,0.7120124178079666,1.0,4.609905905642061,1.0,5.550540951658922,-1.4420023048019806,1.0073565504570603,780.4201039069256,780.4201039069256,1082.4071679629674,0,1000,2000,4,,
As,0.4,7,2,censored GP,F3-20260908,64.88000000000001,102,12,2,True,1.066991230781084,0.7816436261796045,-0.31285618266218534,0.6166974131923945,0.9166666666666666,4.657098824405847,1.0,5.500779115521716,-1.4613078554005503,1.007191777753839,603.9122399754739,603.9122399754739,798.3956302611198,0,1000,2000,4,,
As,0.4,8,3,censored GP,F3-20260908,64.88000000000001,81,33,18,True,1.5101492082128778,1.3630565450316503,0.697969923023221,0.9302387722779536,0.7878787878787878,3.7424196165734203,0.9393939393939394,4.522374045775029,-1.5886333055160513,1.009243217916089,573.5969721834001,573.5969721834001,906.9433994152421,0,1000,2000,4,,
As,0.4,9,4,censored GP,F3-20260908,64.88000000000001,107,7,3,True,0.7338436604356536,0.667609909659169,-0.1933382968606625,0.4640107304674084,1.0,4.238589087067835,1.0,5.0985293517843635,-1.1671730531206899,1.0069593197472857,494.1930455633383,494.1930455633383,542.1378894567551,0,1000,2000,4,,
As,0.6,0,0,censored GP,F3-20260908,134.92,88,26,5,True,1.1923402661161846,0.8418531107395998,0.42580491834661277,0.6573399559240142,0.9230769230769231,4.610016578550683,0.9230769230769231,5.5710541448229804,-1.4044994300306093,1.007679057719463,551.3763571772128,695.2533351671211,551.3763571772128,0,1000,2000,4,,
As,0.6,1,1,censored GP,F3-20260908,134.92,78,36,30,True,1.1820524854114622,1.1502769286400176,1.1107588950716119,0.6986219687838492,1.0,4.40657910545498,1.0,5.327756375916564,-1.0038207789518463,1.0068528584597127,769.5401720092752,769.5401720092752,1181.6318400811276,0,1000,2000,4,,
As,0.6,2,2,censored GP,F3-20260908,134.92,102,12,6,True,1.0556515091780558,0.8403494810229043,-0.4737163031588074,0.6011610210847672,0.9166666666666666,4.244704765522349,1.0,5.1143469658250424,-1.1091037792308538,1.0067793202775868,567.721424726158,567.721424726158,948.2469766532944,0,1000,2000,4,,
As,0.6,3,3,censored GP,F3-20260908,134.92,81,33,23,True,1.555391175855737,1.3922785762203207,0.8075075894920817,0.9448119356594729,0.7575757575757576,3.925026648229775,0.8787878787878788,4.739252019880077,-1.1295259792959835,1.0099914963808732,845.988799957276,845.988799957276,960.5238313709364,0,1000,2000,4,,
As,0.6,4,4,censored GP,F3-20260908,134.92,107,7,4,True,0.7041373212263892,0.6074686387068642,0.14641259522956412,0.45060908372929837,1.0,4.370782036283773,1.0,5.27319639280592,-0.9099085874519532,1.0096432395610329,536.5569471797803,536.5569471797803,787.8788982548089,0,1000,2000,4,,
As,0.6,5,0,censored GP,F3-20260908,134.92,88,26,5,True,1.174350474064954,0.8263692100421566,0.357607390621034,0.6446718397701272,0.9230769230769231,4.5807965044496095,0.9230769230769231,5.484700244883389,-1.3870591936695769,1.0064560745852984,610.38595237509,610.38595237509,919.5107312949253,0,1000,2000,4,,
As,0.6,6,1,censored GP,F3-20260908,134.92,78,36,30,True,1.1934536375186657,1.1610686580699925,1.1201942590450034,0.7051616107905907,1.0,4.422981798379109,1.0,5.348096654711515,-1.0107138324653966,1.0087943625789817,637.9346806542218,637.9346806542218,890.8139788505315,0,1000,2000,4,,
As,0.6,7,2,censored GP,F3-20260908,134.92,102,12,6,True,1.0388000053687034,0.8035140783512277,-0.4255793140282124,0.5940688835872555,0.9166666666666666,4.309920001940106,1.0,5.198446231698683,-1.113287305014405,1.0045092902366368,674.8642728786867,674.8642728786867,866.5022367915931,0,1000,2000,4,,
As,0.6,8,3,censored GP,F3-20260908,134.92,81,33,23,True,1.5400866335522,1.3843121600902588,0.7981111448691873,0.9334659288231998,0.7878787878787878,4.016395024642247,0.9393939393939394,4.829359030579482,-1.1115258522613136,1.0081398715224206,720.4118032223404,720.4118032223404,954.7652626521959,0,1000,2000,4,,
As,0.6,9,4,censored GP,F3-20260908,134.92,107,7,4,True,0.7257564138417265,0.6270741841985973,0.1689476895065165,0.45934388366291584,1.0,4.319563265516285,1.0,5.190808786436883,-0.9155661099405668,1.0184725900073173,459.07584970406145,459.07584970406145,784.625354203761,0,1000,2000,4,,
As,0.8,0,0,censored GP,F3-20260908,324.44000000000005,88,26,14,True,1.2667640936295588,0.857518476831274,0.588220412939706,0.668832112944397,0.8846153846153846,4.066594625827185,0.9230769230769231,4.929221007640572,-1.0810147576408424,1.016071903269842,458.9974059315285,458.9974059315285,734.046243295918,0,1000,2000,4,,
As,0.8,1,1,censored GP,F3-20260908,324.44000000000005,78,36,35,True,1.2254478977993095,1.18049712179248,1.143442717712216,0.7364943904389981,1.0,3.9954941553243026,1.0,4.858932525449007,-0.4989873538185398,1.002466708551011,961.1648126714322,961.1648126714322,1258.2395352246542,0,1000,2000,4,,
As,0.8,2,2,censored GP,F3-20260908,324.44000000000005,102,12,10,True,1.0929738195817773,0.8383292884145264,-0.3561357553195901,0.607224184783458,0.9166666666666666,3.6109342785546805,0.9166666666666666,4.376529333677129,-0.6579397072024658,1.0031926194158922,1130.8171262717494,1130.8171262717494,1230.7473603439994,0,1000,2000,4,,
As,0.8,3,3,censored GP,F3-20260908,324.44000000000005,81,33,25,True,1.667761171346267,1.5344791225982588,1.0157990610969927,1.0476718418279387,0.6666666666666666,3.842879407756463,0.8484848484848485,4.670049162527708,-0.7609339848480527,1.0031419966491926,1465.1253961684515,1465.1253961684515,1838.73039854439,0,1000,2000,4,,
As,0.8,4,4,censored GP,F3-20260908,324.44000000000005,107,7,7,True,0.8564625355249496,0.6707943704922327,0.49598014528410905,0.4938077799908993,1.0,3.7004405414631654,1.0,4.539640888510154,-0.3375575710163487,1.0027626998903523,976.2685673727227,976.2685673727227,1038.066699382056,0,1000,2000,4,,
As,0.8,5,0,censored GP,F3-20260908,324.44000000000005,88,26,14,True,1.2501802457388849,0.8287106807565104,0.5229333587137924,0.6630364418381839,0.9230769230769231,4.086300735405154,0.9230769230769231,4.932656193504932,-1.0639873721250739,1.0067475096588325,651.0252265217692,651.0252265217692,1081.1561027539924,0,1000,2000,4,,
As,0.8,6,1,censored GP,F3-20260908,324.44000000000005,78,36,35,True,1.2281542024600731,1.1838904268731045,1.1460756093748334,0.7339915669375424,1.0,3.9941725037554585,1.0,4.824802650822438,-0.5025118003757377,1.008611284723257,975.5858556886717,989.2720417589975,975.5858556886717,0,1000,2000,4,,
As,0.8,7,2,censored GP,F3-20260908,324.44000000000005,102,12,10,True,1.0536761958685703,0.8143134373910907,-0.3454832288176206,0.585379067861102,0.9166666666666666,3.6863640875373562,0.9166666666666666,4.472811282640281,-0.6080693101951878,1.0033142030620652,1061.3284938899212,1061.3284938899212,1130.048300847223,0,1000,2000,4,,
As,0.8,8,3,censored GP,F3-20260908,324.44000000000005,81,33,25,True,1.6610729997747697,1.5301144503006676,1.0037794606974817,1.033974513784507,0.696969696969697,3.8498523424479525,0.8484848484848485,4.720091594317982,-0.7593612964393481,1.0051747742804231,1339.3004396879012,1339.3004396879012,1690.9060489542328,0,1000,2000,4,,
As,0.8,9,4,censored GP,F3-20260908,324.44000000000005,107,7,7,True,0.886689317664763,0.6864526101339065,0.5317075974498823,0.5073456555473653,1.0,3.701861146880554,1.0,4.448435142379909,-0.3489705328393153,1.005098956080281,844.1271486233646,844.1271486233646,928.2922726125163,0,1000,2000,4,,
Hg,0.2,0,0,censored GP,F3-20260908,9.464,88,26,2,True,1.1845978226747467,1.0016302078531272,-0.3230567732597219,0.6886462673836908,1.0,5.010424989813762,1.0,6.064413116577433,-1.6074065166943508,1.004867436769989,659.8145602087903,659.8145602087903,716.8872666580885,0,1000,2000,4,,
Hg,0.2,1,1,censored GP,F3-20260908,9.464,78,36,0,True,0.9667219708398146,0.8378913016832489,0.20239106067610718,0.5957089101197766,1.0,5.53372342541149,1.0,6.601087479301237,-1.591533342405138,1.0027119262676196,1187.5772521171089,1187.5772521171089,1243.0206820722483,0,1000,2000,4,,
Hg,0.2,2,2,censored GP,F3-20260908,9.464,102,12,0,True,1.2408852359973102,1.093857538431962,-0.4904549364484145,0.7313326465617603,1.0,5.529979489441627,1.0,6.636152249079763,-1.7082741507639014,1.017363947279048,241.86643527075455,338.1377002007,241.86643527075455,0,1000,2000,4,,
Hg,0.2,3,3,censored GP,F3-20260908,9.464,81,33,20,True,2.287114862924458,2.056960590756759,1.8137180583704973,1.4533552670515228,0.6060606060606061,4.495938503371718,0.7272727272727273,5.4507360630836095,-1.8672753754431022,1.012759617943796,366.2437017980722,366.2437017980722,436.10083692501485,0,1000,2000,4,,
Hg,0.2,4,4,censored GP,F3-20260908,9.464,107,7,1,True,1.886686090315465,1.6833897489219847,-0.5738949736375314,1.1711150855377332,0.5714285714285714,4.537584835620442,1.0,5.505185231489547,-2.1529302550143963,1.0124519713932223,494.3729698107378,494.3729698107378,578.1050741028984,0,1000,2000,4,,
Hg,0.2,5,0,censored GP,F3-20260908,9.464,88,26,2,True,1.1944716493704943,1.0089941971629086,-0.3252074365280477,0.6986764967951049,0.9615384615384616,5.10354646002449,1.0,6.055033618772735,-1.6269712310114346,1.0089531231124216,360.36788987373683,360.36788987373683,360.5554556266923,0,1000,2000,4,,
Hg,0.2,6,1,censored GP,F3-20260908,9.464,78,36,0,True,0.9611967444759149,0.8421421695489942,0.16997889584669176,0.5984334341438942,1.0,5.588552526649256,1.0,6.712415164824595,-1.6026169737819536,1.0032710888800433,1143.97147906699,1143.97147906699,1197.5373778602834,0,1000,2000,4,,
Hg,0.2,7,2,censored GP,F3-20260908,9.464,102,12,0,True,1.2493743237188872,1.0918060835983239,-0.5124744407042318,0.7299431278571168,1.0,5.533311854581697,1.0,6.720586443536658,-1.722356510350857,1.0070872638882,334.12836682625226,334.12836682625226,345.00269148940106,0,1000,2000,4,,
Hg,0.2,8,3,censored GP,F3-20260908,9.464,81,33,20,True,2.312587157229405,2.0807436681917784,1.83594685059412,1.4646519414788255,0.6060606060606061,4.565103063278887,0.7272727272727273,5.475632124410124,-1.8638500532603228,1.008893947354084,554.7161907651337,554.7161907651337,669.358140289132,0,1000,2000,4,,
Hg,0.2,9,4,censored GP,F3-20260908,9.464,107,7,1,True,1.90647400791002,1.7055807873673696,-0.5675476476730141,1.1786972345843165,0.5714285714285714,4.560360060936747,0.8571428571428571,5.503732851603538,-2.1522799123255214,1.0100968926465848,350.80868621392244,363.0134529575812,350.80868621392244,0,1000,2000,4,,
Hg,0.4,0,0,censored GP,F3-20260908,37.59,88,26,11,True,1.1755579629674635,0.9955981652720257,0.013653440067162506,0.6858866227954229,1.0,4.764433637797735,1.0,5.829012481386965,-1.2832890127159446,1.011278637469533,455.1952014118472,455.1952014118472,681.5266117454895,0,1000,2000,4,,
Hg,0.4,1,1,censored GP,F3-20260908,37.59,78,36,4,True,1.3318894962496666,1.0868606733775816,0.6515567234441981,0.7587659958391538,1.0,5.689130906881624,1.0,6.800738703363589,-1.725426137246907,1.0017654814123724,1223.5413950145075,1223.5413950145075,1366.9749544128165,0,1000,2000,4,,
Hg,0.4,2,2,censored GP,F3-20260908,37.59,102,12,2,True,1.1730257571796445,1.0256648938603046,-0.25655177607341595,0.6971477296742501,1.0,5.501957322106051,1.0,6.702347038439007,-1.5821470914969344,1.0074085444782843,165.43347289972596,203.03685403425564,165.43347289972596,0,1000,2000,4,,
Hg,0.4,3,3,censored GP,F3-20260908,37.59,81,33,27,True,2.3902336726084394,2.1556837423454196,1.926428236053782,1.5364351721090406,0.6060606060606061,4.508186411228554,0.7575757575757576,5.448783118149405,-1.0331854315574953,1.00861627687751,309.1558921280747,319.9822993604954,309.1558921280747,0,1000,2000,4,,
Hg,0.4,4,4,censored GP,F3-20260908,37.59,107,7,2,True,1.825768704816126,1.6275440325693427,-0.49821321491948317,1.1208815540022738,0.7142857142857143,4.718914873062303,1.0,5.700740188353281,-1.8072234863316454,1.022745366676283,252.59770988037494,274.6237683422984,252.59770988037494,0,1000,2000,4,,
Hg,0.4,5,0,censored GP,F3-20260908,37.59,88,26,11,True,1.1670625494038,0.983874114660331,-0.022669407473604873,0.6779072171005113,0.9615384615384616,4.711197635174887,1.0,5.665285924303799,-1.2764532817272263,1.0126174981862066,443.16464493135976,443.16464493135976,774.0790831674003,0,1000,2000,4,,
Hg,0.4,6,1,censored GP,F3-20260908,37.59,78,36,4,True,1.3717510590448134,1.105785068171183,0.6868547128403545,0.7755604373751208,1.0,5.680455413792341,1.0,6.856629069917772,-1.7320878022924846,1.002271559806445,1138.1566072448707,1138.1566072448707,1225.3858474278486,0,1000,2000,4,,
Hg,0.4,7,2,censored GP,F3-20260908,37.59,102,12,2,True,1.2078342702865237,1.0518214029261073,-0.3327512787898684,0.7144566642830145,1.0,5.6027737350378075,1.0,6.738442556766141,-1.599833423188004,1.0189088459903088,133.86211983250874,197.32177728719827,133.86211983250874,0,1000,2000,4,,
Hg,0.4,8,3,censored GP,F3-20260908,37.59,81,33,27,True,2.3535344435733365,2.120880348342055,1.8823185127919382,1.5062647821752522,0.6060606060606061,4.524632416930625,0.696969696969697,5.422081279772996,-1.005623669903249,1.0101217736437065,433.44897056048273,433.44897056048273,436.0355197012482,0,1000,2000,4,,
Hg,0.4,9,4,censored GP,F3-20260908,37.59,107,7,2,True,1.8141210094989821,1.6323650613842433,-0.4792806443671882,1.1037749490041755,0.7142857142857143,4.732713787756483,1.0,5.696542835588348,-1.7882564849081528,1.0239813188897513,318.2721762566137,374.47445217555907,318.2721762566137,0,1000,2000,4,,
Hg,0.6,0,0,censored GP,F3-20260908,100.32399999999997,88,26,18,True,1.2154031318344714,1.0172739608604995,0.22206211931462178,0.7015705108035925,0.9615384615384616,4.633630240181288,1.0,5.588568995119745,-0.8328456043313222,1.016911419002502,555.245402919402,555.245402919402,1140.0862482309744,0,1000,2000,4,,
Hg,0.6,1,1,censored GP,F3-20260908,100.32399999999997,78,36,15,True,1.2755528249662922,1.0175120468325602,0.5476835122935486,0.7167379447399127,0.9722222222222222,4.725543835129154,1.0,5.711469409876284,-1.388068195472285,1.0034086968119238,1560.4573709027277,1560.4573709027277,1833.8408351359583,0,1000,2000,4,,
Hg,0.6,2,2,censored GP,F3-20260908,100.32399999999997,102,12,3,True,1.1676445338305892,1.0165763222181352,-0.2683548365144135,0.6821881801253494,1.0,4.912638457230102,1.0,5.977616391690273,-1.4426528246766963,1.0051765207911092,390.4178230553699,390.4178230553699,603.8165652187778,0,1000,2000,4,,
Hg,0.6,3,3,censored GP,F3-20260908,100.32399999999997,81,33,30,True,2.491630480013727,2.2673958460087826,2.040915608079702,1.6510312209610087,0.5454545454545454,4.217440570323423,0.6666666666666666,5.058275070942752,-0.5931032985418923,1.0043650563812008,653.3687912908612,653.3687912908612,957.36331301246,0,1000,2000,4,,
Hg,0.6,4,4,censored GP,F3-20260908,100.32399999999997,107,7,2,True,1.7934567168821882,1.540820122754554,-0.22507877546096275,1.1303412752283222,0.42857142857142855,3.762256065775221,0.8571428571428571,4.573797146237035,-1.581059368660916,1.0061810449108912,481.2188702443898,481.2188702443898,685.2175629357067,0,1000,2000,4,,
Hg,0.6,5,0,censored GP,F3-20260908,100.32399999999997,88,26,18,True,1.2208842903991646,1.011769307928923,0.3059281562300165,0.6964835865167867,0.9615384615384616,4.5837691127871905,1.0,5.534834659460255,-0.8339999483102019,1.010772038907349,476.41956835825346,476.41956835825346,943.4843931606168,0,1000,2000,4,,
Hg,0.6,6,1,censored GP,F3-20260908,100.32399999999997,78,36,15,True,1.261717070860241,1.0078877289718189,0.5298973520039646,0.709505091208105,0.9722222222222222,4.761480588336563,1.0,5.7768101503947955,-1.3778456876193208,1.0029289433048778,1692.4763877577002,1692.4763877577002,1765.8681502767574,0,1000,2000,4,,
Hg,0.6,7,2,censored GP,F3-20260908,100.32399999999997,102,12,3,True,1.1699729553477909,1.0298523834257767,-0.3127099397543129,0.6939262391979034,1.0,5.05218334598559,1.0,6.071019904172144,-1.4438620421025614,1.0051959060272457,368.6102447181268,368.6102447181268,769.7916198096486,0,1000,2000,4,,
Hg,0.6,8,3,censored GP,F3-20260908,100.32399999999997,81,33,30,True,2.5067068160226325,2.2791742502507772,2.048065309802779,1.6685692814360529,0.5454545454545454,4.206204161823964,0.6060606060606061,5.05909278666251,-0.5963252793555014,1.0068152667001793,737.6967331440219,737.6967331440219,919.9625039770099,0,1000,2000,4,,
Hg,0.6,9,4,censored GP,F3-20260908,100.32399999999997,107,7,2,True,1.788615024686654,1.5404328604267012,-0.24591992547783384,1.1226067860591757,0.5714285714285714,3.780441116947029,0.8571428571428571,4.668972357672764,-1.6012227127586265,1.014739086789133,394.66173180052095,394.66173180052095,446.4490843850524,0,1000,2000,4,,
Hg,0.8,0,0,censored GP,F3-20260908,229.08000000000004,88,26,24,True,1.1979316224788756,1.0064945786662103,0.18372471485789285,0.6863976785889551,0.9615384615384616,4.353572662004765,1.0,5.25647486095986,-0.3209739994170873,1.0050668354458676,875.9340916038503,875.9340916038503,1013.0513021057274,0,1000,2000,4,,
Hg,0.8,1,1,censored GP,F3-20260908,229.08000000000004,78,36,24,True,1.083432642679155,0.8920560798787831,0.350706211293734,0.6167298143213198,1.0,4.473637922197108,1.0,5.419212394858753,-0.8861540270949106,1.004209587698709,1468.7960600385088,1468.7960600385088,1617.994510025103,0,1000,2000,4,,
Hg,0.8,2,2,censored GP,F3-20260908,229.08000000000004,102,12,6,True,1.219853485481553,0.9442370068569028,0.48471687927338974,0.6877846084918341,0.9166666666666666,4.482896825769983,1.0,5.518791847019333,-1.1470951002778447,1.0053778611044044,680.3874120570623,680.3874120570623,708.101604618967,0,1000,2000,4,,
Hg,0.8,3,3,censored GP,F3-20260908,229.08000000000004,81,33,33,True,2.6217575348763615,2.372932547390287,2.2016555829598845,1.7806467494689158,0.42424242424242425,4.153945420837357,0.6060606060606061,5.008394652767476,-0.21907368345391243,1.0042184110156342,1309.0307242700708,1309.0307242700708,1349.4667486059686,0,1000,2000,4,,
Hg,0.8,4,4,censored GP,F3-20260908,229.08000000000004,107,7,4,True,1.8118607171884846,1.6010914221411727,-0.4173888130019314,1.2006540847179121,0.42857142857142855,3.2381459367979764,0.5714285714285714,3.928415422886092,-1.4649782929422488,1.005925625959771,1221.5552776497004,1221.5552776497004,1251.0539694596873,0,1000,2000,4,,
Hg,0.8,5,0,censored GP,F3-20260908,229.08000000000004,88,26,24,True,1.1839178497551595,0.9947685379907077,0.1571364555020696,0.6756040923040338,0.9230769230769231,4.192727547658047,0.9615384615384616,5.051976967548399,-0.31590401071453883,1.00687603154939,904.374252683143,904.374252683143,1112.5445388435953,0,1000,2000,4,,
Hg,0.8,6,1,censored GP,F3-20260908,229.08000000000004,78,36,24,True,1.0748247246635405,0.8954923718336024,0.3125087418194609,0.6087621685148913,1.0,4.5158177504757635,1.0,5.465562539250565,-0.8853527401601137,1.0021325440282658,1545.710757538222,1624.124930798779,1545.710757538222,0,1000,2000,4,,
Hg,0.8,7,2,censored GP,F3-20260908,229.08000000000004,102,12,6,True,1.2111222978556018,0.9348578597603335,0.5061088950597569,0.690469095260343,0.9166666666666666,4.526835967830505,1.0,5.509049559454355,-1.1464024085960223,1.0079699634740977,604.7650232334372,604.7650232334372,731.2934869473155,0,1000,2000,4,,
Hg,0.8,8,3,censored GP,F3-20260908,229.08000000000004,81,33,33,True,2.6061464551311744,2.3560540595652064,2.1823138464720557,1.7574171689276104,0.42424242424242425,4.144726808251322,0.6060606060606061,5.008574993697833,-0.21318860130956888,1.0047273430461103,1119.7139390328884,1161.9562007474315,1119.7139390328884,0,1000,2000,4,,
Hg,0.8,9,4,censored GP,F3-20260908,229.08000000000004,107,7,4,True,1.8351979816054902,1.613506940495888,-0.45205823481537394,1.2016595302859219,0.42857142857142855,3.335742362715556,0.5714285714285714,4.048247534508497,-1.4552383348722653,1.0036699483097176,985.1806268249682,985.1806268249682,1298.3910538532994,0,1000,2000,4,,
Pb,0.2,0,0,censored GP,F3-20260908,68.6,88,26,0,True,2.1304756413755026,1.8651683164405979,-1.849297596790524,1.2836603227984886,0.8846153846153846,5.300622026879968,0.9230769230769231,6.369325326747499,-2.2508223045518907,1.0082538568696522,470.8625378439513,470.8625378439513,627.9679629440543,0,1000,2000,4,,
Pb,0.2,1,1,censored GP,F3-20260908,68.6,78,36,8,True,1.2895138845941385,1.0715586577899652,1.0526613141935437,0.7655679880976575,1.0,6.045707294200253,1.0,7.223043752885835,-1.6777759175666604,1.0070136384222246,529.0128031125114,529.0128031125114,761.7255840928915,0,1000,2000,4,,
Pb,0.2,2,2,censored GP,F3-20260908,68.6,102,12,0,True,1.2673887508408783,1.1542043838880511,-0.7842780524266937,0.7500162594183591,1.0,5.820939800964889,1.0,7.016604712526576,-1.7492785525714547,1.0100899402685246,618.5325366358387,618.5325366358387,968.2265204885954,0,1000,2000,4,,
Pb,0.2,3,3,censored GP,F3-20260908,68.6,81,33,13,True,2.5144643313435586,2.153296844224641,2.0585086966215727,1.5759861847683858,0.5454545454545454,4.770853503111477,0.6363636363636364,5.734134926713113,-2.4017810965749944,1.0085018835295194,797.0652668748463,797.0652668748463,1154.1056055253882,0,1000,2000,4,,
Pb,0.2,4,4,censored GP,F3-20260908,68.6,107,7,2,True,1.7278444625315807,1.5184751447304328,0.15615149568797074,1.0431098566768247,0.8571428571428571,4.533148164073324,0.8571428571428571,5.539652243669534,-1.9372344331287052,1.005360935063975,793.6463386669184,793.6463386669184,987.0030812474089,0,1000,2000,4,,
Pb,0.2,5,0,censored GP,F3-20260908,68.6,88,26,0,True,2.127808345639143,1.870671961569407,-1.8540893836147438,1.2836222335609595,0.8846153846153846,5.364879024646499,0.8846153846153846,6.427908933984309,-2.235565265009773,1.0151464662180112,453.7150611179805,453.7150611179805,490.5121682886523,0,1000,2000,4,,
Pb,0.2,6,1,censored GP,F3-20260908,68.6,78,36,8,True,1.2563197280701832,1.0223502052080786,0.9855483903813061,0.7400956498273829,1.0,5.9152428805355735,1.0,7.134574863723466,-1.6387788075720178,1.007724239679112,648.0033282974524,648.0033282974524,840.0140453266891,0,1000,2000,4,,
Pb,0.2,7,2,censored GP,F3-20260908,68.6,102,12,0,True,1.2953124114365313,1.1600638816617224,-0.7621295852356219,0.7577308948064178,1.0,5.860901410409501,1.0,6.987120175684971,-1.7497450484762886,1.0125966064083223,727.3351162485416,727.3351162485416,1095.8107146084342,0,1000,2000,4,,
Pb,0.2,8,3,censored GP,F3-20260908,68.6,81,33,13,True,2.500046595387136,2.1254308867870053,2.0503707960982616,1.5657225463537803,0.5454545454545454,4.87075629648363,0.6363636363636364,5.825986585785488,-2.3769799740168507,1.0031603959217303,774.5319578083297,774.5319578083297,1263.8118284718864,0,1000,2000,4,,
Pb,0.2,9,4,censored GP,F3-20260908,68.6,107,7,2,True,1.7261809651352886,1.5040739246812134,0.15290909612081668,1.0232992101911977,0.8571428571428571,4.66095785299362,0.8571428571428571,5.636556244412551,-1.8892891379508847,1.0051235106412448,788.8804938268457,788.8804938268457,982.9940663239679,0,1000,2000,4,,
Pb,0.4,0,0,censored GP,F3-20260908,229.0,88,26,0,True,1.6986541498170593,1.4164046369124628,-1.3413633751943306,0.9790213260991808,0.9230769230769231,5.4112302285502825,0.9615384615384616,6.4227107294012065,-1.9455037232918535,1.0161089905944136,335.2826381982626,335.2826381982626,343.83717630352004,0,1000,2000,4,,
Pb,0.4,1,1,censored GP,F3-20260908,229.0,78,36,18,True,1.5778129392820661,1.440226819242912,1.440226819242912,0.9168401870155901,1.0,5.73422474813445,1.0,6.846308735138152,-1.3891962013065597,1.0037662780865544,827.8242066653658,827.8242066653658,1006.6144383989821,0,1000,2000,4,,
Pb,0.4,2,2,censored GP,F3-20260908,229.0,102,12,2,True,1.1004904437037484,0.9092236415614333,-0.39165173763477273,0.6570501992872578,1.0,5.592476532344514,1.0,6.715864474179178,-1.5455073412352671,1.0092766356253793,466.13933730036774,466.13933730036774,673.466826262861,0,1000,2000,4,,
Pb,0.4,3,3,censored GP,F3-20260908,229.0,81,33,21,True,2.651490283907477,2.270269985953795,2.2074639203515103,1.6855336367740388,0.5151515151515151,4.777511000180611,0.6060606060606061,5.7274621218223025,-1.835561057933278,1.0069375076081826,695.1379440283987,695.1379440283987,1010.4103997868901,0,1000,2000,4,,
Pb,0.4,4,4,censored GP,F3-20260908,229.0,107,7,4,True,1.7281739161125278,1.4841505841722689,-0.039278011218024655,1.0383161985387623,0.8571428571428571,4.57919603653822,0.8571428571428571,5.394071952391284,-1.4892429967366585,1.0143336411557702,616.3555319183171,616.3555319183171,855.718165558037,0,1000,2000,4,,
Pb,0.4,5,0,censored GP,F3-20260908,229.0,88,26,0,True,1.716068592911386,1.4187091377504972,-1.351462614550642,0.9827625558537052,0.9230769230769231,5.4340425563040435,0.9615384615384616,6.606323087381288,-1.9408754959558532,1.011504326537277,412.9859889927175,412.9859889927175,548.7684124547826,0,1000,2000,4,,
Pb,0.4,6,1,censored GP,F3-20260908,229.0,78,36,18,True,1.5088547349635146,1.3665157349982286,1.3665157349982286,0.8768808444399743,1.0,5.707737312208831,1.0,6.847825124737366,-1.3526501960898185,1.0052902764749794,835.8383348375628,835.8383348375628,1113.0393093517782,0,1000,2000,4,,
Pb,0.4,7,2,censored GP,F3-20260908,229.0,102,12,2,True,1.0658271491144586,0.8825690111763237,-0.4106759342445678,0.643242865357054,1.0,5.622078635665645,1.0,6.821991045835873,-1.5341489652991418,1.0125545652528105,552.4714115328584,552.4714115328584,716.0528788829112,0,1000,2000,4,,
Pb,0.4,8,3,censored GP,F3-20260908,229.0,81,33,21,True,2.6699608411419655,2.2851251080372594,2.2229073995097206,1.707771942875086,0.45454545454545453,4.696524314255813,0.5757575757575758,5.6598065143414145,-1.8717987206933178,1.009129562251206,737.746309147707,737.746309147707,1114.4182259319496,0,1000,2000,4,,
Pb,0.4,9,4,censored GP,F3-20260908,229.0,107,7,4,True,1.7550019011812448,1.5148652615962077,-0.05370165323995587,1.0547422390914845,0.8571428571428571,4.56584132221448,0.8571428571428571,5.443046911458649,-1.5253895358621816,1.006952549535236,574.8350566029276,574.8350566029276,726.2973246795427,0,1000,2000,4,,
Pb,0.6,0,0,censored GP,F3-20260908,594.2921912813802,88,26,2,True,1.4166645644732971,1.1615464257813446,-0.9187706516618874,0.7997319595974635,0.9230769230769231,5.371060601766219,0.9615384615384616,6.469084253487917,-1.7240864011817567,1.005939541362896,947.7707593395055,947.7707593395055,1484.802975089552,0,1000,2000,4,,
Pb,0.6,1,1,censored GP,F3-20260908,594.2921912813802,78,36,32,True,1.9447812383264722,1.8209303725720767,1.8209303725720767,1.1813354391250541,0.9166666666666666,5.0330122730891595,0.9722222222222222,6.086862244204501,-1.108208150596967,1.0092918371875423,674.6325794018737,674.6325794018737,992.2670181840697,0,1000,2000,4,,
Pb,0.6,2,2,censored GP,F3-20260908,594.2921912813802,102,12,2,True,1.1612148305751517,1.0257925812577238,-0.5631116624998983,0.7057033686112689,1.0,5.553683703962553,1.0,6.690536365309945,-1.501543942244271,1.0078224191124845,605.2407216712121,622.1264219608998,605.2407216712121,0,1000,2000,4,,
Pb,0.6,3,3,censored GP,F3-20260908,594.2921912813802,81,33,27,True,2.978646653271191,2.559585856209328,2.5400713916372046,1.962323964797692,0.36363636363636365,4.680862105017632,0.5454545454545454,5.621575015657235,-1.4479460268608322,1.0052651509262729,1009.5449321320542,1009.5449321320542,1227.6028058509698,0,1000,2000,4,,
Pb,0.6,4,4,censored GP,F3-20260908,594.2921912813802,107,7,5,True,1.7737777394630194,1.5244151484824626,-0.06515264620101968,1.0541934961994905,0.8571428571428571,5.193942311538265,0.8571428571428571,6.170651720686493,-1.0549187413474999,1.0068640720846214,448.3017117055773,448.3017117055773,822.6941383276312,0,1000,2000,4,,
Pb,0.6,5,0,censored GP,F3-20260908,594.2921912813802,88,26,2,True,1.4236961260973118,1.1606466330129779,-0.8989106602888016,0.7928781275650437,0.9230769230769231,5.2151516706874945,0.9615384615384616,6.342705047515376,-1.7198703379961071,1.0043273909876904,820.4659282563824,820.4659282563824,1111.4740117846175,0,1000,2000,4,,
Pb,0.6,6,1,censored GP,F3-20260908,594.2921912813802,78,36,32,True,2.0180003285383585,1.8937889149867364,1.8937889149867364,1.2327610463618774,0.8611111111111112,5.1028342235907,1.0,6.140103076380667,-1.1509349145067622,1.0094665937079919,665.8710666022446,665.8710666022446,832.2237087859354,0,1000,2000,4,,
Pb,0.6,7,2,censored GP,F3-20260908,594.2921912813802,102,12,2,True,1.21190906142363,1.0738330891849863,-0.6189550616600276,0.7101718552096017,0.9166666666666666,5.474808916819864,1.0,6.661356963420093,-1.5097565528854142,1.007584692950077,642.5722407041311,642.5722407041311,732.8134468606671,0,1000,2000,4,,
Pb,0.6,8,3,censored GP,F3-20260908,594.2921912813802,81,33,27,True,2.9585175181860817,2.5465254466462808,2.518155614301157,1.9498143854621208,0.36363636363636365,4.744426994535698,0.5454545454545454,5.648543754005835,-1.437256930986311,1.0050801687490583,835.2412711598508,835.2412711598508,1277.657059227293,0,1000,2000,4,,
Pb,0.6,9,4,censored GP,F3-20260908,594.2921912813802,107,7,5,True,1.7451761016628216,1.499349992320624,-0.07792117554189959,1.02129320053383,0.8571428571428571,5.256980624800432,1.0,6.377421214759451,-1.04943024286561,1.015145633397229,538.3323715583941,538.3323715583941,801.9092146369512,0,1000,2000,4,,
Pb,0.8,0,0,censored GP,F3-20260908,2720.600000000002,88,26,9,True,1.08334532124108,0.8516470380967565,-0.38826176145525504,0.5987828485927822,0.8846153846153846,3.59863853668175,0.9615384615384616,4.418474492607759,-1.228889345616098,1.0039640577083893,1042.3755507000303,1284.42564746467,1042.3755507000303,0,1000,2000,4,,
Pb,0.8,1,1,censored GP,F3-20260908,2720.600000000002,78,36,36,True,2.2791464941648747,2.145048859375931,2.145048859375931,1.504777323164849,0.5,4.313293565846944,0.7222222222222222,5.235499682213306,-0.4065668631215973,1.0078549840090916,1213.57468174457,1213.57468174457,1567.2769454459335,0,1000,2000,4,,
Pb,0.8,2,2,censored GP,F3-20260908,2720.600000000002,102,12,11,True,1.2381433128584005,0.9998005905786412,-0.5264674113387442,0.680657154460243,0.9166666666666666,4.235090690173731,0.9166666666666666,5.153847392732147,-0.42672205728330465,1.0084081812895453,980.7886308294316,980.7886308294316,1392.5933876638246,0,1000,2000,4,,
Pb,0.8,3,3,censored GP,F3-20260908,2720.600000000002,81,33,29,True,3.3491223458367507,2.9385068984714513,2.9385068984714513,2.324865530230053,0.36363636363636365,4.411865047714231,0.36363636363636365,5.301073767490741,-0.7648089298461204,1.0015610589712682,1319.2676824583157,1319.2676824583157,1617.4742540947561,0,1000,2000,4,,
Pb,0.8,4,4,censored GP,F3-20260908,2720.600000000002,107,7,6,True,1.9894739307199845,1.781798209528014,0.9341067015575,1.240655267391532,0.7142857142857143,4.362273638304559,0.7142857142857143,5.252693018935539,-0.4948396502821553,1.0070642403191001,779.8813036656229,779.8813036656229,1075.3565903599767,0,1000,2000,4,,
Pb,0.8,5,0,censored GP,F3-20260908,2720.600000000002,88,26,9,True,1.0892406469953806,0.8454792966154823,-0.39732289740617605,0.5936696069203239,0.8846153846153846,3.5914587212717874,0.9615384615384616,4.425148832402991,-1.21668871631094,1.0035339174707953,1257.607944624837,1550.222009219169,1257.607944624837,0,1000,2000,4,,
Pb,0.8,6,1,censored GP,F3-20260908,2720.600000000002,78,36,36,True,2.2915313442328107,2.159776767744446,2.159776767744446,1.5233267343203731,0.5,4.264031959331226,0.6111111111111112,5.126133141906,-0.40787523252585317,1.0043716727224075,1184.9004243030736,1184.9004243030736,1402.11317578681,0,1000,2000,4,,
Pb,0.8,7,2,censored GP,F3-20260908,2720.600000000002,102,12,11,True,1.2172010785103733,0.9709369841739525,-0.48552864710695237,0.661898596071561,0.9166666666666666,4.290387296945075,0.9166666666666666,5.292660469375032,-0.4213527931093641,1.002711251097265,855.3856632332896,938.9653867930159,855.3856632332896,0,1000,2000,4,,
Pb,0.8,8,3,censored GP,F3-20260908,2720.600000000002,81,33,29,True,3.3694405594953074,2.955143858833958,2.955143858833958,2.340399435531067,0.36363636363636365,4.469994197474809,0.3939393939393939,5.37794850253502,-0.7758326454950025,1.004158637662915,1159.2444319869517,1159.2444319869517,1280.049365270452,0,1000,2000,4,,
Pb,0.8,9,4,censored GP,F3-20260908,2720.600000000002,107,7,6,True,1.9772882164368912,1.775888889559471,0.9534581304205602,1.2429271351068159,0.5714285714285714,4.304166893044591,0.7142857142857143,5.19594189304304,-0.48766922849626,1.0061475346693298,723.9551476192995,723.9551476192995,1122.5035286977584,0,1000,2000,4,,
As,0.2,0,0,GP with L/2,F3-20260908,36.96,88,26,2,True,1.2361045247638784,0.9532425322185827,-0.26103760263034376,0.6999891278656307,0.9230769230769231,4.707635113356993,0.9230769230769231,5.631397112734446,-1.5722063269637956,1.0077545185787942,494.43925803217815,494.43925803217815,785.648659047081,0,1000,2000,4,,
As,0.2,1,1,GP with L/2,F3-20260908,36.96,78,36,5,True,1.0744495993847243,1.0121836395007,0.9631240852230812,0.6385570067277996,1.0,4.8899231264681156,1.0,5.874749699232551,-1.563731848129032,1.0082376613690118,596.8098586427653,596.8098586427653,1036.5333971670705,0,1000,2000,4,,
As,0.2,2,2,GP with L/2,F3-20260908,36.96,102,12,2,True,1.1387297121900242,0.8850300989112313,-0.5008633133393622,0.6503902207761901,0.9166666666666666,4.676633549541717,1.0,5.60657818625148,-1.564044568788191,1.0103503422872189,640.1890884947234,640.1890884947234,1015.3447583009789,0,1000,2000,4,,
As,0.2,3,3,GP with L/2,F3-20260908,36.96,81,33,13,True,1.4949754590224902,1.341174895411644,0.6133377417223268,0.913951786965742,0.696969696969697,3.8552871507660567,0.9090909090909091,4.622112685989142,-1.8489270405977187,1.008280670676561,626.3236409084913,626.3236409084913,828.4642480584453,0,1000,2000,4,,
As,0.2,4,4,GP with L/2,F3-20260908,36.96,107,7,1,True,0.7256842895151868,0.6623480659338661,-0.21919176614974673,0.46056381191804013,1.0,4.295407870772633,1.0,5.165687122819641,-1.3330959008426206,1.0085403285034347,568.5014137936605,568.5014137936605,741.820914484327,0,1000,2000,4,,
As,0.2,5,0,GP with L/2,F3-20260908,36.96,88,26,2,True,1.2257068185544495,0.9619091196654954,-0.32523386948993643,0.6936943040333348,0.9230769230769231,4.568040674082051,0.9230769230769231,5.5350184926362065,-1.5574112315502124,1.005771259321994,611.9219646635465,611.9219646635465,937.9988851270338,0,1000,2000,4,,
As,0.2,6,1,GP with L/2,F3-20260908,36.96,78,36,5,True,1.0117574985535853,0.9504333034859376,0.8974984507379252,0.608056617842933,1.0,4.891229475575898,1.0,5.871320362890819,-1.523599106920119,1.0061195555094007,737.4734788213266,737.4734788213266,1087.6599506588382,0,1000,2000,4,,
As,0.2,7,2,GP with L/2,F3-20260908,36.96,102,12,2,True,1.097597239134001,0.8479777970177516,-0.45334695204486125,0.6303872107944213,0.9166666666666666,4.792783327455226,1.0,5.7589933279878345,-1.5518831187675686,1.0040473474277445,654.5531532283371,654.5531532283371,1097.9461811326103,0,1000,2000,4,,
As,0.2,8,3,GP with L/2,F3-20260908,36.96,81,33,13,True,1.4839402931175407,1.3297199333407483,0.5998099950904336,0.9038760258282738,0.7272727272727273,3.845753425585919,0.9393939393939394,4.634062762965239,-1.8374016854751631,1.008429001117484,602.7912635332725,602.7912635332725,981.8348538587489,0,1000,2000,4,,
As,0.2,9,4,GP with L/2,F3-20260908,36.96,107,7,1,True,0.7216102240938047,0.6702596508148178,-0.19127018451353736,0.4538297912286235,1.0,4.282989505929677,1.0,5.057681695287079,-1.3201785303242743,1.0067584148322486,586.6231860763417,586.6231860763417,770.3833570687761,0,1000,2000,4,,
As,0.4,0,0,GP with L/2,F3-20260908,64.88000000000001,88,26,2,True,1.310796057228543,0.9947665961696023,-0.19685943635574457,0.7342276676104061,0.9230769230769231,4.327941569481632,0.9230769230769231,5.160011070536531,-1.5347330332545062,1.0047450641472033,793.7216761680105,793.7216761680105,1262.0379019824793,0,1000,2000,4,,
As,0.4,1,1,GP with L/2,F3-20260908,64.88000000000001,78,36,21,True,0.9634317028766617,0.916044278550307,0.8640331453297638,0.5783947218942828,1.0,4.536577654088118,1.0,5.488762781515681,-1.2689619640506276,1.0068098229499187,631.0906903271973,631.0906903271973,866.6331412287869,0,1000,2000,4,,
As,0.4,2,2,GP with L/2,F3-20260908,64.88000000000001,102,12,2,True,1.1507974056752956,0.8699390497913927,-0.4175958165473281,0.6479116586189894,0.9166666666666666,4.324822164894754,0.9166666666666666,5.233682414513751,-1.5001140278261735,1.0068027230171073,805.3413752039515,805.3413752039515,971.3560698376111,0,1000,2000,4,,
As,0.4,3,3,GP with L/2,F3-20260908,64.88000000000001,81,33,18,True,1.469622868206516,1.3387488532759821,0.6433773314533414,0.9003826825021933,0.7878787878787878,3.7816988163366063,0.9696969696969697,4.529405693785121,-1.5568387680477065,1.006241182717444,594.56388008267,594.56388008267,925.522211430341,0,1000,2000,4,,
As,0.4,4,4,GP with L/2,F3-20260908,64.88000000000001,107,7,3,True,0.8018502237234196,0.694853093698623,-0.3799829606150727,0.48181577143139825,1.0,4.028669842744315,1.0,4.856941317034164,-1.1516042894196936,1.0047991990895824,861.2521800596388,861.2521800596388,1305.9374588439048,0,1000,2000,4,,
As,0.4,5,0,GP with L/2,F3-20260908,64.88000000000001,88,26,2,True,1.2863662239991287,0.9800762511644421,-0.21865470646910887,0.7230615278174426,0.9230769230769231,4.377071721060657,0.9230769230769231,5.181688641920824,-1.5203148424207773,1.004356863776851,1002.2998752658622,1002.2998752658622,1461.1223708254508,0,1000,2000,4,,
As,0.4,6,1,GP with L/2,F3-20260908,64.88000000000001,78,36,21,True,0.9096969356908575,0.8588970737095222,0.8055208209382742,0.5571062280446824,1.0,4.688557134765048,1.0,5.620190332885698,-1.2375669961577187,1.0056485595177638,737.4430736652422,737.4430736652422,1106.877836989909,0,1000,2000,4,,
As,0.4,7,2,GP with L/2,F3-20260908,64.88000000000001,102,12,2,True,1.1351599248928952,0.8341954919367341,-0.3751376201211077,0.6369349046898517,0.9166666666666666,4.405869306521917,1.0,5.273344458532861,-1.479609169138065,1.0056712386797733,867.9174831303407,867.9174831303407,1257.5269989429808,0,1000,2000,4,,
As,0.4,8,3,GP with L/2,F3-20260908,64.88000000000001,81,33,18,True,1.439846247522274,1.2990950398949899,0.5939832226359869,0.8797269444659345,0.7272727272727273,3.7489380883356898,0.9696969696969697,4.483271331454969,-1.5399814017007158,1.0176625527936334,498.1948666404183,498.1948666404183,772.7856216058411,0,1000,2000,4,,
As,0.4,9,4,GP with L/2,F3-20260908,64.88000000000001,107,7,3,True,0.8143358309832543,0.6950201682898919,-0.41891845791236176,0.4914156469561993,1.0,4.060357564143179,1.0,4.8884124438984875,-1.1470831674829067,1.005851853408722,1024.2585668347904,1024.2585668347904,1464.286007181238,0,1000,2000,4,,
As,0.6,0,0,GP with L/2,F3-20260908,134.92,88,26,5,True,1.2117979761073012,0.854004319357926,-0.04952457127565216,0.656943941427378,0.8846153846153846,3.470197641452579,0.9230769230769231,4.181227356074947,-1.3208190195139324,1.010059287738154,511.7270559549903,511.7270559549903,741.043412125563,0,1000,2000,4,,
As,0.6,1,1,GP with L/2,F3-20260908,134.92,78,36,30,True,0.9719685325251437,0.9326516815273825,0.8808927722095298,0.5751102980228006,1.0,3.844520208227754,1.0,4.612849099666113,-0.8671625552683468,1.0048641138062622,779.3342448249136,779.3342448249136,1336.4617190981846,0,1000,2000,4,,
As,0.6,2,2,GP with L/2,F3-20260908,134.92,102,12,6,True,1.1093783268618216,0.7976444018140011,-0.3171736866834857,0.623631984000626,0.8333333333333334,3.3176411635849576,0.9166666666666666,3.9756063627432834,-1.1980956597942476,1.012171917795824,447.90074393010656,447.90074393010656,737.8153778707731,0,1000,2000,4,,
As,0.6,3,3,GP with L/2,F3-20260908,134.92,81,33,23,True,1.4778666540084033,1.347613044672264,0.7458884612470517,0.9397322647160731,0.5454545454545454,3.192995869919791,0.8181818181818182,3.8202918038050364,-1.1429170565945077,1.0053310690300004,1098.2951714707287,1098.2951714707287,1326.3990492340283,3,1000,2000,4,,
As,0.6,4,4,GP with L/2,F3-20260908,134.92,107,7,4,True,0.7406788803620972,0.625491047506143,0.19060005381332465,0.44414430716804737,1.0,3.390417060702966,1.0,4.135547264508246,-0.8412723896124267,1.0073076613885414,487.58726475010855,487.58726475010855,691.136242405158,0,1000,2000,4,,
As,0.6,5,0,GP with L/2,F3-20260908,134.92,88,26,5,True,1.192277440285939,0.848419583163683,-0.07363014643569654,0.6487715846596296,0.8846153846153846,3.553198517290651,0.9230769230769231,4.293135852720506,-1.3035647294330615,1.016203753045197,378.3063804765655,378.3063804765655,497.9624898518952,0,1000,2000,4,,
As,0.6,6,1,GP with L/2,F3-20260908,134.92,78,36,30,True,0.9311691298264645,0.8924242947915251,0.8401023532461704,0.5524348762280109,1.0,3.8702629494599545,1.0,4.6735478761501135,-0.8410430575061205,1.0063315449622183,920.5262021479754,920.5262021479754,1341.4045503261711,0,1000,2000,4,,
As,0.6,7,2,GP with L/2,F3-20260908,134.92,102,12,6,True,1.1211336466579458,0.8054162207227026,-0.3404843820910157,0.6261969837279121,0.8333333333333334,3.390958929124263,0.8333333333333334,4.03955260364327,-1.2382357487455615,1.0101552352339718,297.8037743139377,297.8037743139377,455.11689175067346,0,1000,2000,4,,
As,0.6,8,3,GP with L/2,F3-20260908,134.92,81,33,23,True,1.4477337149072902,1.316841724067473,0.7175790379959096,0.9197391046736451,0.5757575757575758,3.1634716845898585,0.7575757575757576,3.7943643575586377,-1.109466751267755,1.0035149730108994,905.698718116843,905.698718116843,1433.6120192982212,6,1000,2000,4,,
As,0.6,9,4,GP with L/2,F3-20260908,134.92,107,7,4,True,0.7445477743118378,0.6254609498042186,0.2152703388211621,0.4349519862835779,1.0,3.465471153561181,1.0,4.1236796891225005,-0.8389220421471703,1.0073902963531953,458.005780541918,458.005780541918,682.0115806781707,0,1000,2000,4,,
As,0.8,0,0,GP with L/2,F3-20260908,324.44000000000005,88,26,14,True,1.1982235370283267,0.7899721460563819,0.3718604468612601,0.6255549924792674,0.7692307692307693,2.273586753830998,0.8076923076923077,2.7570296189346757,-0.9295074290975353,1.1916010617001318,6.037421630763954,14.847082324663745,6.037421630763954,0,1000,2000,4,,
As,0.8,1,1,GP with L/2,F3-20260908,324.44000000000005,78,36,35,True,1.3243545576018159,1.2863142801285794,1.2531737813085282,0.8895189353744178,0.4444444444444444,2.59980688227936,0.7777777777777778,3.138001300189299,-0.48415185124820426,1.0113087404337506,460.97636764051464,460.97636764051464,701.8537599198604,0,1000,2000,4,,
As,0.8,2,2,GP with L/2,F3-20260908,324.44000000000005,102,12,10,True,0.9852847297260807,0.7941411102884426,0.25253281515486065,0.5898307809685516,0.6666666666666666,1.8302481768451024,0.75,2.1836109771630317,-0.7200399428380345,1.091589175703967,35.24901887709983,35.24901887709983,42.46361953033689,1,1000,2000,4,,
As,0.8,3,3,GP with L/2,F3-20260908,324.44000000000005,81,33,25,True,1.6245347751796733,1.47562825715695,1.0516367767447785,1.141382176921021,0.36363636363636365,2.150543457601611,0.5151515151515151,2.585875589642188,-0.6543873620046424,1.005534345311852,862.501095600296,862.501095600296,1209.9151644707313,0,1000,2000,4,,
As,0.8,4,4,GP with L/2,F3-20260908,324.44000000000005,107,7,7,True,1.0100259504665043,0.7347425263981283,0.7332781886379701,0.6034893612674102,0.5714285714285714,1.8603496775241741,0.5714285714285714,2.2111542026791056,-0.2677269380661481,1.0925019830470128,32.53758906422524,34.16378705046413,32.53758906422524,1,1000,2000,4,,
As,0.8,5,0,GP with L/2,F4-20260923,324.44000000000005,88,26,14,True,1.2365779395146086,0.8082745163315543,0.4383704747526958,0.6471458169895212,0.7692307692307693,2.189966543139733,0.7692307692307693,2.6527716120394063,-0.9736932774363591,1.020271011568787,189.75397651902387,189.75397651902387,202.5839148174043,1,1000,2000,4,,
As,0.8,6,1,GP with L/2,F3-20260908,324.44000000000005,78,36,35,True,1.3056107096134508,1.2660717157983796,1.2321557802914145,0.880628239489646,0.4166666666666667,2.526836265547513,0.75,3.053797390210895,-0.46120280065866115,1.0110576757117116,617.6182228699989,617.6182228699989,797.2460008351156,0,1000,2000,4,,
As,0.8,7,2,GP with L/2,F3-20260908,324.44000000000005,102,12,10,True,0.9816500502888629,0.7874744618990558,0.21535552768360944,0.5869355646814636,0.6666666666666666,1.8162074488906,0.75,2.148811203741415,-0.7304749886909562,1.0876106591920454,44.29508557325612,44.29508557325612,121.04525475224145,0,1000,2000,4,,
As,0.8,8,3,GP with L/2,F3-20260908,324.44000000000005,81,33,25,True,1.6203785941054112,1.4712913772960334,1.0419607446620671,1.1303747946876768,0.36363636363636365,2.2096230963531283,0.5151515151515151,2.6485979553395045,-0.6553479559285426,1.0067714179042027,946.5237876203671,946.5237876203671,1322.5634674754137,5,1000,2000,4,,
As,0.8,9,4,GP with L/2,F3-20260908,324.44000000000005,107,7,7,True,0.9964956395745339,0.7285292142080139,0.722901987315888,0.5985050056422404,0.5714285714285714,1.8114190192105608,0.5714285714285714,2.180451544617739,-0.2564601754919603,1.1084172129946739,30.84940435884186,30.84940435884186,64.91796801551513,0,1000,2000,4,,
Hg,0.2,0,0,GP with L/2,F3-20260908,9.464,88,26,2,True,1.2702868035484252,1.0603264792808214,-0.5269472794277951,0.7315323031846627,0.9230769230769231,4.700083320125022,1.0,5.695271821339237,-1.6422402626244579,1.0102402979092986,650.1189513328093,650.1189513328093,720.5348001658435,0,1000,2000,4,,
Hg,0.2,1,1,GP with L/2,F3-20260908,9.464,78,36,0,True,0.9809746152959208,0.8765882203004626,0.009764561963526104,0.5992723861774092,1.0,5.278240217901534,1.0,6.34221632374124,-1.578190629455364,1.003940959502732,778.8153517986458,778.8153517986458,920.3954209085886,0,1000,2000,4,,
Hg,0.2,2,2,GP with L/2,F3-20260908,9.464,102,12,0,True,1.2948045592267592,1.125387691253871,-0.6761524301365206,0.7525301586235101,1.0,5.47567916615738,1.0,6.580936425401681,-1.727382158267365,1.0211945371524436,345.5809285129596,345.5809285129596,411.4164574527298,0,1000,2000,4,,
Hg,0.2,3,3,GP with L/2,F3-20260908,9.464,81,33,20,True,2.275242529693533,2.0419994613793655,1.7808826728904328,1.4316851937093484,0.6060606060606061,4.636120328530539,0.7575757575757576,5.56992064886187,-1.8174121824291616,1.0141026976817822,425.14544280721543,459.85337091334793,425.14544280721543,0,1000,2000,4,,
Hg,0.2,4,4,GP with L/2,F3-20260908,9.464,107,7,1,True,1.9174653511800424,1.7288951505784262,-0.7022233646006504,1.1920810590663247,0.5714285714285714,4.503746938291649,0.8571428571428571,5.40740694205017,-2.1919210083284364,1.0057132870721905,443.20949017229043,443.20949017229043,607.3075294772634,0,1000,2000,4,,
Hg,0.2,5,0,GP with L/2,F3-20260908,9.464,88,26,2,True,1.2937448629258643,1.0743866275475549,-0.6163527934766156,0.7484482798585516,0.9615384615384616,4.695023031861974,1.0,5.619173505090003,-1.657233662967467,1.007960131770813,317.6598129962334,416.13508254277076,317.6598129962334,0,1000,2000,4,,
Hg,0.2,6,1,GP with L/2,F3-20260908,9.464,78,36,0,True,0.9880195605745973,0.8824326796793232,-0.015060512015368498,0.6039811627856333,1.0,5.285658722737477,1.0,6.342321388133919,-1.5845830041740503,1.004387100334603,904.3865779318631,904.3865779318631,991.4578120021507,0,1000,2000,4,,
Hg,0.2,7,2,GP with L/2,F3-20260908,9.464,102,12,0,True,1.3006464352578975,1.1282837410158642,-0.6585573323443417,0.7518835904594945,1.0,5.391789598796355,1.0,6.338933321716682,-1.7265258681653972,1.0083303277799445,353.57355189104106,386.64601105211364,353.57355189104106,0,1000,2000,4,,
Hg,0.2,8,3,GP with L/2,F3-20260908,9.464,81,33,20,True,2.2549513281556317,2.0179052160848325,1.766409100412315,1.4169282838842707,0.6060606060606061,4.644404710793502,0.7272727272727273,5.526413493434415,-1.8092991201401751,1.0119895743667946,477.6028528511964,477.6028528511964,496.9242667881041,0,1000,2000,4,,
Hg,0.2,9,4,GP with L/2,F3-20260908,9.464,107,7,1,True,1.8967468760976554,1.7093806208176692,-0.6342897674470807,1.1769292367720676,0.5714285714285714,4.501806636860686,1.0,5.352926607613779,-2.1387982569720267,1.0131674106261457,541.9917357406867,541.9917357406867,660.4808348792618,0,1000,2000,4,,
Hg,0.4,0,0,GP with L/2,F3-20260908,37.59,88,26,11,True,1.1794952138050454,1.0031274273974193,-0.17667538157384766,0.6827513361295726,0.9230769230769231,3.993129642105666,1.0,4.803382311786793,-1.262637098049122,1.007538238412292,530.0271676226704,530.0271676226704,920.8961051703851,0,1000,2000,4,,
Hg,0.4,1,1,GP with L/2,F3-20260908,37.59,78,36,4,True,1.0208693742982036,0.8818558007469787,0.18330824524486602,0.5927894661420855,1.0,4.330640772751187,1.0,5.215075578159084,-1.4861240758757717,1.0100583331060695,862.9636836404524,862.9636836404524,1188.3611003616254,0,1000,2000,4,,
Hg,0.4,2,2,GP with L/2,F3-20260908,37.59,102,12,2,True,1.1428478990757143,0.9883083266168596,-0.2795679831155158,0.6594088125015434,1.0,4.553430265672544,1.0,5.4340454922715145,-1.5182111201008495,1.0267663530933975,209.0528796012884,209.0528796012884,212.8561438366897,0,1000,2000,4,,
Hg,0.4,3,3,GP with L/2,F3-20260908,37.59,81,33,27,True,2.2741352584254932,2.038974785677236,1.7696856617122751,1.4493464301643215,0.6060606060606061,4.375731433145249,0.7272727272727273,5.265888449748495,-0.9607969947321796,1.0070147369370372,604.7633289506136,604.7633289506136,850.928277262808,0,1000,2000,4,,
Hg,0.4,4,4,GP with L/2,F3-20260908,37.59,107,7,2,True,1.856384491285866,1.6655458062852122,-0.5591459594536082,1.1757020567955851,0.5714285714285714,3.9359864492196874,0.7142857142857143,4.67732638324553,-1.9376780287383095,1.012685229853278,601.4240008821512,601.4240008821512,714.7388205711375,0,1000,2000,4,,
Hg,0.4,5,0,GP with L/2,F3-20260908,37.59,88,26,11,True,1.1890536020320888,1.0088485026123974,-0.19393023764304212,0.6804660995745871,0.9230769230769231,4.026932265731526,0.9615384615384616,4.822839384831785,-1.274123964029241,1.0060242064596974,622.0617039464644,622.0617039464644,969.4690899929236,0,1000,2000,4,,
Hg,0.4,6,1,GP with L/2,F3-20260908,37.59,78,36,4,True,1.0550451834604806,0.9028258249146965,0.19467667274077913,0.6141477283341067,1.0,4.380560426397698,1.0,5.260603505111053,-1.5037280083338551,1.0061545781605128,870.2402508410361,870.2402508410361,1171.5192411101884,0,1000,2000,4,,
Hg,0.4,7,2,GP with L/2,F3-20260908,37.59,102,12,2,True,1.1714130838179395,1.006000971267783,-0.2715211239640883,0.6741117478525265,0.9166666666666666,4.499994020201673,1.0,5.3262552285096305,-1.5267528017616019,1.0123083106532902,169.67966496018238,171.57398659851674,169.67966496018238,0,1000,2000,4,,
Hg,0.4,8,3,GP with L/2,F3-20260908,37.59,81,33,27,True,2.2695843045002,2.0373299648935186,1.771047625649648,1.4422707636098377,0.6060606060606061,4.468885994519674,0.6666666666666666,5.3578223842614285,-0.9609542210462941,1.009486663877731,684.3342613865779,684.3342613865779,804.9168434565285,0,1000,2000,4,,
Hg,0.4,9,4,GP with L/2,F3-20260908,37.59,107,7,2,True,1.8686662456910301,1.6597469116087085,-0.5264816455441056,1.1899438720173001,0.5714285714285714,3.8202522272230643,0.7142857142857143,4.552141825425502,-1.9916935179807715,1.011539485944229,413.2845770525992,458.8591874435939,413.2845770525992,0,1000,2000,4,,
Hg,0.6,0,0,GP with L/2,F3-20260908,100.32399999999997,88,26,18,True,1.2571191326439481,1.0268247521879965,0.4223133261912301,0.7225971988497505,0.8846153846153846,3.5521966787396426,0.9230769230769231,4.2785782405088195,-0.802299566428454,1.0047784008961391,568.4807793727658,568.4807793727658,1082.4869791836704,0,1000,2000,4,,
Hg,0.6,1,1,GP with L/2,F3-20260908,100.32399999999997,78,36,15,True,1.0256224228846027,0.8568805947031544,0.09145271024025575,0.5905170217518233,0.8611111111111112,3.285995854367612,1.0,3.9735937583135783,-1.2200893164124045,1.0063563119266477,658.638603628905,658.638603628905,791.0722163920777,0,1000,2000,4,,
Hg,0.6,2,2,GP with L/2,F3-20260908,100.32399999999997,102,12,3,True,1.1136203366240005,0.9565535374347691,-0.14877847262406255,0.6500768674295728,0.8333333333333334,3.7586917915757643,1.0,4.550485667668226,-1.3384327962381988,1.0077947157084,477.96329359009775,477.96329359009775,812.5848348158095,0,1000,2000,4,,
Hg,0.6,3,3,GP with L/2,F3-20260908,100.32399999999997,81,33,30,True,2.3455783271894965,2.1063522489453397,1.8301105261833999,1.6126606543473339,0.3333333333333333,3.211980693364574,0.5454545454545454,3.8771048370438654,-0.5294621539210782,1.00789620156058,419.16118458985505,457.4638292716403,419.16118458985505,3,1000,2000,4,,
Hg,0.6,4,4,GP with L/2,F3-20260908,100.32399999999997,107,7,2,True,1.8304746368863183,1.5810582009620513,-0.2395656340211621,1.2164693999517753,0.2857142857142857,2.969458155609708,0.5714285714285714,3.6041384833853614,-1.9048969392479709,1.0075230414700334,616.4854022892246,616.4854022892246,945.2997838411125,0,1000,2000,4,,
Hg,0.6,5,0,GP with L/2,F3-20260908,100.32399999999997,88,26,18,True,1.245145658276386,1.0194064895340538,0.39407664754116556,0.7135548566181245,0.8461538461538461,3.519112556703479,0.9230769230769231,4.216298534807407,-0.7954338816359054,1.008977390475796,544.3125096681441,544.3125096681441,787.7932697878757,0,1000,2000,4,,
Hg,0.6,6,1,GP with L/2,F3-20260908,100.32399999999997,78,36,15,True,1.034405831925728,0.8663993384530891,0.1106475523854428,0.5976148274271782,0.8611111111111112,3.2872339034102094,1.0,3.963521646342004,-1.2238642909236974,1.004205676859066,860.6775935368333,860.6775935368333,969.626377938086,0,1000,2000,4,,
Hg,0.6,7,2,GP with L/2,F3-20260908,100.32399999999997,102,12,3,True,1.1038102639668381,0.9386847862825877,-0.15769990938909673,0.6328703148837967,0.9166666666666666,3.749961913855113,1.0,4.5543293032906105,-1.3265469601264661,1.008408810191826,508.2630177506026,516.8170329767527,508.2630177506026,0,1000,2000,4,,
Hg,0.6,8,3,GP with L/2,F3-20260908,100.32399999999997,81,33,30,True,2.350823877752018,2.1123532821897273,1.8280932874805738,1.6251319639118234,0.36363636363636365,3.1518246442822235,0.5151515151515151,3.8292067708050013,-0.5558813953079962,1.014152095707661,487.0027705350768,555.8160478376009,487.0027705350768,1,1000,2000,4,,
Hg,0.6,9,4,GP with L/2,F3-20260908,100.32399999999997,107,7,2,True,1.8181839709301109,1.568238328606057,-0.26762594567093906,1.203592461817996,0.42857142857142855,3.0007259142102884,0.5714285714285714,3.6508464015286854,-1.86681214668646,1.0046051706285908,622.3173508094039,622.3173508094039,816.2012654880313,0,1000,2000,4,,
Hg,0.8,0,0,GP with L/2,F3-20260908,229.08000000000004,88,26,24,True,1.6682456001085555,1.3544756349592422,1.231984622058825,1.0637637384908958,0.5384615384615384,2.3410096049427045,0.5384615384615384,2.803112459063855,-0.45254812819649215,1.1291562967031394,22.348725041417175,22.348725041417175,32.13040232828204,4,1000,2000,4,,
Hg,0.8,1,1,GP with L/2,F3-20260908,229.08000000000004,78,36,24,True,1.0965303650121336,0.9319135284118301,0.24054820115153547,0.7017906767187099,0.5277777777777778,1.8774603912268886,0.6111111111111112,2.2583716697560305,-1.0921173504316704,1.019409886452218,279.68379969981623,279.68379969981623,364.47056568326053,1,1000,2000,4,,
Hg,0.8,2,2,GP with L/2,F3-20260908,229.08000000000004,102,12,6,True,1.3888952919836879,1.045013769981688,0.8747301486268402,0.8257578448349352,0.6666666666666666,2.344948512188149,0.75,2.830434384413625,-1.3360495024800347,1.0646788555125006,54.523626705988846,54.523626705988846,70.58498444811751,2,1000,2000,4,,
Hg,0.8,3,3,GP with L/2,F3-20260908,229.08000000000004,81,33,33,True,2.8366276686225698,2.5904624823078084,2.449011191858776,2.1954373984471114,0.15151515151515152,2.4568042030771977,0.15151515151515152,2.961082669271076,-0.17847780205481437,1.0067326423483796,475.9857386224163,475.9857386224163,524.117147175716,1,1000,2000,4,,
Hg,0.8,4,4,GP with L/2,F3-20260908,229.08000000000004,107,7,4,True,1.8114847233632916,1.557982687546542,-0.139742039099968,1.2973489661242656,0.2857142857142857,1.8930568504995937,0.2857142857142857,2.253828870655097,-2.5647601077784437,1.049807896712029,141.2953686479093,141.2953686479093,186.22937159904504,1,1000,2000,4,,
Hg,0.8,5,0,GP with L/2,F3-20260908,229.08000000000004,88,26,24,True,1.6788217486533226,1.3698037863304582,1.2402799352594784,1.0808863245684248,0.5384615384615384,2.2711834456362454,0.5384615384615384,2.702174004162635,-0.4595098177654689,1.1796301503739512,19.919829308248335,19.919829308248335,48.94919111854434,1,1000,2000,4,,
Hg,0.8,6,1,GP with L/2,F3-20260908,229.08000000000004,78,36,24,True,1.0933408512454779,0.9329153864675123,0.2262663678957862,0.7017378308671066,0.5277777777777778,1.870623923744628,0.6111111111111112,2.237037861069183,-1.0863543970771485,1.0101843127097654,390.92982022193536,390.92982022193536,505.7349373785743,1,1000,2000,4,,
Hg,0.8,7,2,GP with L/2,F3-20260908,229.08000000000004,102,12,6,True,1.366854928201441,1.0101247256137242,0.8295481307758926,0.8022278732357141,0.6666666666666666,2.377157478261843,0.75,2.8106162865852973,-1.2459901568204284,1.0776593902351383,37.966372737971895,37.966372737971895,98.90171886925009,0,1000,2000,4,,
Hg,0.8,8,3,GP with L/2,F3-20260908,229.08000000000004,81,33,33,True,2.8556635026571975,2.6089935611802124,2.4693929381521387,2.2111500227312,0.12121212121212122,2.449918296802845,0.18181818181818182,2.978649978227471,-0.18126405641893278,1.006813935024601,572.1480878156266,611.5899203461149,572.1480878156266,0,1000,2000,4,,
Hg,0.8,9,4,GP with L/2,F3-20260908,229.08000000000004,107,7,4,True,1.8175750581090735,1.5689216440577145,-0.16107773732879924,1.307687829985406,0.2857142857142857,1.874179368819208,0.2857142857142857,2.1830051548676126,-2.579672206248795,1.0391137398363632,104.64396967193449,104.64396967193449,218.10945767977972,0,1000,2000,4,,
Pb,0.2,0,0,GP with L/2,F3-20260908,68.6,88,26,0,True,2.411566478292701,2.1745300457334684,-2.1745300457334684,1.5120978480014255,0.7692307692307693,5.256516195937208,0.9230769230769231,6.296033986620377,-2.5087293919424716,1.0030900380788488,745.8392944796996,814.8099515320451,745.8392944796996,0,1000,2000,4,,
Pb,0.2,1,1,GP with L/2,F3-20260908,68.6,78,36,8,True,1.0219500995162905,0.8451013827308267,0.6093234931129431,0.6357109613751679,1.0,5.913667743110806,1.0,7.022502265286564,-1.5517868836351052,1.002073991292978,1158.1855986780186,1158.1855986780186,1595.87139053971,0,1000,2000,4,,
Pb,0.2,2,2,GP with L/2,F3-20260908,68.6,102,12,0,True,1.4294443669404,1.2881184409352373,-0.9731191771011435,0.8202189609664426,0.9166666666666666,5.740794105323755,1.0,6.895999467589139,-1.8121060760361551,1.0027943302837539,1165.8134771903426,1165.8134771903426,1286.26123953976,0,1000,2000,4,,
Pb,0.2,3,3,GP with L/2,F3-20260908,68.6,81,33,13,True,2.3899015443980756,2.0532747554283173,1.9191817458964524,1.4779506434498295,0.5757575757575758,4.86877002286248,0.6666666666666666,5.809021204461052,-2.2463965961101935,1.004269578249332,987.9220119789521,987.9220119789521,1302.9965118040584,0,1000,2000,4,,
Pb,0.2,4,4,GP with L/2,F3-20260908,68.6,107,7,2,True,1.7211815145774154,1.4903029105071313,-0.0288852588251362,1.0186758352597205,0.8571428571428571,4.745984735135237,0.8571428571428571,5.7226294431054345,-1.895483696945425,1.0121756079958557,667.3008830481435,667.3008830481435,853.0296325727309,0,1000,2000,4,,
Pb,0.2,5,0,GP with L/2,F3-20260908,68.6,88,26,0,True,2.453581740678062,2.219772152055559,-2.2194216185445104,1.5557827851199009,0.7307692307692307,5.250419158643615,0.8846153846153846,6.263462477786504,-2.5688248775878595,1.0050424135693246,767.7317061900687,767.7317061900687,872.7156911751308,0,1000,2000,4,,
Pb,0.2,6,1,GP with L/2,F3-20260908,68.6,78,36,8,True,1.0558950255263326,0.8750702275645654,0.6306902265811506,0.656219337105017,1.0,5.941510175120586,1.0,7.130499346800794,-1.5664819008716537,1.0072898960267385,772.959082775983,772.959082775983,1055.9283895122194,0,1000,2000,4,,
Pb,0.2,7,2,GP with L/2,F3-20260908,68.6,102,12,0,True,1.5059190651776972,1.356352541177092,-1.05432660073,0.8751516093081205,0.9166666666666666,5.718366618507282,1.0,6.868013464330052,-1.8501992546441695,1.0032396330237554,813.7230397839667,813.7230397839667,1007.7870828806741,0,1000,2000,4,,
Pb,0.2,8,3,GP with L/2,F3-20260908,68.6,81,33,13,True,2.4069463368642983,2.056737238263736,1.9359096622480512,1.4845464050649866,0.6060606060606061,4.895298877972876,0.696969696969697,5.855927235356595,-2.249088873734033,1.0031323969215782,867.9058921155056,867.9058921155056,1195.6651065727556,0,1000,2000,4,,
Pb,0.2,9,4,GP with L/2,F3-20260908,68.6,107,7,2,True,1.7460115456960577,1.5013260634289842,-0.03642014794034022,1.0404218251027384,0.8571428571428571,4.697649871651267,0.8571428571428571,5.503081023987121,-1.9196298133096128,1.0062877314323277,747.3032545421345,747.3032545421345,894.3823448156912,0,1000,2000,4,,
Pb,0.4,0,0,GP with L/2,F3-20260908,229.0,88,26,0,True,2.4638288810685163,2.217588589205798,-2.209806024771275,1.619131719885745,0.46153846153846156,4.506916270949444,0.8076923076923077,5.4351649665258375,-2.845788210171988,1.0307621478811493,215.08323577624807,215.08323577624807,220.71578316201223,0,1000,2000,4,,
Pb,0.4,1,1,GP with L/2,F3-20260908,229.0,78,36,18,True,1.250761389405029,1.0766872396635974,1.0766872396635974,0.7315225071549577,1.0,5.280575978805527,1.0,6.3007752383640385,-1.2227854005311471,1.006544013477962,638.3459639450631,638.3459639450631,881.7665641861921,0,1000,2000,4,,
Pb,0.4,2,2,GP with L/2,F3-20260908,229.0,102,12,2,True,1.3389040254016664,1.1772571371737899,-0.7385101302563274,0.7617806392908731,0.9166666666666666,5.04211857178885,1.0,6.045252031856436,-1.6111619965197213,1.0099552250422634,244.39884167350033,244.39884167350033,456.50031863625486,0,1000,2000,4,,
Pb,0.4,3,3,GP with L/2,F3-20260908,229.0,81,33,21,True,2.626631696216299,2.243138242136274,2.1643019835391435,1.7023984011087137,0.42424242424242425,4.236282739731891,0.5454545454545454,5.081611845763664,-1.9247012176696376,1.0040387282165468,1014.7367479877943,1014.7367479877943,1577.3909846320423,4,1000,2000,4,,
Pb,0.4,4,4,GP with L/2,F3-20260908,229.0,107,7,4,True,1.761055576775339,1.5216821230413555,-0.06547127403859264,1.0616021935829214,0.8571428571428571,4.347561532339986,0.8571428571428571,5.17231729672354,-1.5371819541909786,1.0125004858784186,262.9801737531399,262.9801737531399,397.3004290592002,2,1000,2000,4,,
Pb,0.4,5,0,GP with L/2,F3-20260908,229.0,88,26,0,True,2.4779670283244153,2.2308535778714953,-2.2182488370272955,1.6353739113570889,0.38461538461538464,4.510380767067555,0.7307692307692307,5.37382282079105,-2.887470728917177,1.0114895499104377,260.16139297124545,260.16139297124545,344.40511902618186,1,1000,2000,4,,
Pb,0.4,6,1,GP with L/2,F3-20260908,229.0,78,36,18,True,1.23466320283194,1.0436669747612348,1.0393791070464058,0.7228005184255196,1.0,5.178509015506467,1.0,6.202056003809591,-1.2074912258363097,1.0044141210567303,474.7310003396814,474.7310003396814,766.1289251209566,0,1000,2000,4,,
Pb,0.4,7,2,GP with L/2,F3-20260908,229.0,102,12,2,True,1.2961406275879712,1.1212783537985844,-0.6667633297923313,0.7339084631939713,0.9166666666666666,5.050517901604251,1.0,6.0670370714019475,-1.5911813287230323,1.02546943245885,312.2700074884065,312.2700074884065,487.35227060621173,0,1000,2000,4,,
Pb,0.4,8,3,GP with L/2,F3-20260908,229.0,81,33,21,True,2.5854590742591244,2.212256197713103,2.118399034698783,1.6725251858140584,0.42424242424242425,4.288465309441801,0.5757575757575758,5.118823670575156,-1.88983482588075,1.0031420241420956,1145.9565546702283,1145.9565546702283,1798.3007666839753,0,1000,2000,4,,
Pb,0.4,9,4,GP with L/2,F3-20260908,229.0,107,7,4,True,1.7688722205108176,1.5280988127275597,-0.06319204837000322,1.0712213769338719,0.8571428571428571,4.336822758265436,0.8571428571428571,5.206043483749696,-1.5585423688788764,1.0195913117100897,170.90112441376007,170.90112441376007,341.87829681951837,1,1000,2000,4,,
Pb,0.6,0,0,GP with L/2,F3-20260908,594.2921912813802,88,26,2,True,2.093950950677702,1.8471063273072217,-1.7857205799387865,1.3837066731810097,0.46153846153846156,3.6292132579688245,0.7307692307692307,4.405292790270878,-2.7679186458214415,1.015811822127091,242.10120390383565,242.10120390383565,333.8864028527787,0,1000,2000,4,,
Pb,0.6,1,1,GP with L/2,F3-20260908,594.2921912813802,78,36,32,True,1.5755204058591048,1.410480754658411,1.410480754658411,0.935373397470825,0.9166666666666666,4.436168168648089,1.0,5.299109692509962,-0.885441507985694,1.0109897776939991,360.1284472058078,360.1284472058078,577.060516072706,0,1000,2000,4,,
Pb,0.6,2,2,GP with L/2,F3-20260908,594.2921912813802,102,12,2,True,1.1939436426134358,0.9445685718207112,-0.39798288684730027,0.6646356930718089,0.9166666666666666,4.198441564442042,0.9166666666666666,5.024316228061573,-1.3836561114866621,1.0085234980290547,600.6743964672197,600.6743964672197,914.8146708016408,0,1000,2000,4,,
Pb,0.6,3,3,GP with L/2,F3-20260908,594.2921912813802,81,33,27,True,2.9882911145427014,2.570248503632929,2.5482425393336117,2.0478671414794336,0.36363636363636365,3.8898737438853366,0.3939393939393939,4.68723471184194,-1.5985476871211028,1.0045603362481184,1073.093174861823,1073.093174861823,1259.67186514795,0,1000,2000,4,,
Pb,0.6,4,4,GP with L/2,F3-20260908,594.2921912813802,107,7,5,True,1.7880663215470733,1.5738595343790482,0.15958486073994146,1.1362844414940727,0.42857142857142855,3.525975690769728,0.7142857142857143,4.232509853879505,-1.2366022303457938,1.0118218177624718,396.0831941074286,396.0831941074286,466.03806998708524,0,1000,2000,4,,
Pb,0.6,5,0,GP with L/2,F3-20260908,594.2921912813802,88,26,2,True,2.014785916054831,1.7720915876222512,-1.7002472913779623,1.3128574213271575,0.46153846153846156,3.6029437369431747,0.8076923076923077,4.403014409750763,-2.591751666486257,1.0132026305904847,334.4902152821587,334.4902152821587,523.8519151187746,1,1000,2000,4,,
Pb,0.6,6,1,GP with L/2,F3-20260908,594.2921912813802,78,36,32,True,1.5967758861396995,1.4414504603866924,1.4414504603866924,0.9514313391498388,0.9166666666666666,4.411477787947156,0.9722222222222222,5.3149834739633235,-0.9016442490913765,1.0134371294507278,447.9030792935969,447.9030792935969,636.719871310875,0,1000,2000,4,,
Pb,0.6,7,2,GP with L/2,F3-20260908,594.2921912813802,102,12,2,True,1.202461827255084,0.9612143296231407,-0.42111347038930474,0.6700822664340146,0.9166666666666666,4.1259504220861345,0.9166666666666666,4.975584025084116,-1.4015073001965563,1.0048459581511233,700.466730723167,700.466730723167,1033.257941366208,0,1000,2000,4,,
Pb,0.6,8,3,GP with L/2,F3-20260908,594.2921912813802,81,33,27,True,2.986309730754351,2.559337026528796,2.5406023190078892,2.0428100355457572,0.36363636363636365,3.8682139172343075,0.3939393939393939,4.626157235666283,-1.5999764656907582,1.0033248231381324,1348.212762517324,1348.212762517324,1833.7385939856258,4,1000,2000,4,,
Pb,0.6,9,4,GP with L/2,F3-20260908,594.2921912813802,107,7,5,True,1.78128568798476,1.5574662931971024,0.16782189333968114,1.1295173532189864,0.5714285714285714,3.533335726371774,0.7142857142857143,4.363350284792827,-1.2191910257477658,1.016103194736096,380.50776495680935,380.50776495680935,605.3874815608956,0,1000,2000,4,,
Pb,0.8,0,0,GP with L/2,F3-20260908,2720.600000000002,88,26,9,True,1.3542300024877592,1.1496160228662975,-0.7906609691939631,0.9927381578164843,0.19230769230769232,1.0010655627135518,0.23076923076923078,1.1893754267914904,-8.464660827697495,1.0546820708935456,66.50548291415079,66.50548291415079,68.80536938243847,1,1000,2000,4,,
Pb,0.8,1,1,GP with L/2,F3-20260908,2720.600000000002,78,36,36,True,2.3763673496955184,2.224996004726178,2.224996004726178,1.8137908861999885,0.08333333333333333,2.4467331578077816,0.25,2.949528563466607,-0.2898777942748498,1.009570234843527,461.45246983077146,461.45246983077146,743.2505216561935,2,1000,2000,4,,
Pb,0.8,2,2,GP with L/2,F3-20260908,2720.600000000002,102,12,11,True,1.1980318660568838,0.8648423275800704,0.587385261498458,0.6802884960110253,0.75,1.7516277128824485,0.75,2.1014925625877274,-0.5089122147633715,1.0734142385187424,53.89602579689968,53.89602579689968,72.97519123512785,0,1000,2000,4,,
Pb,0.8,3,3,GP with L/2,F3-20260908,2720.600000000002,81,33,29,True,3.1882832059533572,2.782913379736572,2.7585254726802773,2.3977511683485004,0.18181818181818182,2.6487431948857156,0.2727272727272727,3.157140180916146,-0.5720527653963074,1.0048689320367485,757.2992269616798,757.2992269616798,1108.8358746052502,0,1000,2000,4,,
Pb,0.8,4,4,GP with L/2,F3-20260908,2720.600000000002,107,7,6,True,2.378269565198433,2.074029011128229,1.615193503324923,1.7765768842877558,0.14285714285714285,1.9637219372135175,0.2857142857142857,2.3527049636350594,-0.5698828836552405,1.105333537904026,50.26491134332747,50.26491134332747,73.27105084933469,0,1000,2000,4,,
Pb,0.8,5,0,GP with L/2,F3-20260908,2720.600000000002,88,26,9,True,1.3554480749595998,1.1498845594559768,-0.791264948163011,0.9922603666908703,0.15384615384615385,1.0100625129704595,0.23076923076923078,1.205297913248161,-8.01052035260826,1.0802184855330217,40.02214338782007,51.82731490788564,40.02214338782007,0,1000,2000,4,,
Pb,0.8,6,1,GP with L/2,F3-20260908,2720.600000000002,78,36,36,True,2.345838710365384,2.1923017206249336,2.1923017206249336,1.778008425127271,0.1388888888888889,2.4856600168502005,0.2777777777777778,2.984885718190559,-0.27576506574549575,1.0109457164224922,459.9401897738516,459.9401897738516,578.396309494593,1,1000,2000,4,,
Pb,0.8,7,2,GP with L/2,F3-20260908,2720.600000000002,102,12,11,True,1.2010852920006772,0.8732987178378764,0.5952237577030762,0.6836812474850245,0.75,1.7398082348281363,0.75,2.0926793359286058,-0.5189242951219234,1.064591845247205,47.6168384816086,47.6168384816086,52.079085254642344,0,1000,2000,4,,
Pb,0.8,8,3,GP with L/2,F3-20260908,2720.600000000002,81,33,29,True,3.155136358174041,2.752095980582358,2.7135377292989653,2.371954477517076,0.18181818181818182,2.6068442813798285,0.2727272727272727,3.1322637416676278,-0.5410552127755264,1.0042637862937516,949.5214861751349,949.5214861751349,1560.986251462665,3,1000,2000,4,,
Pb,0.8,9,4,GP with L/2,F3-20260908,2720.600000000002,107,7,6,True,2.3453984780757113,2.0520316229621947,1.572805579968882,1.7483636144769075,0.14285714285714285,2.0047953138253494,0.2857142857142857,2.388641794242239,-0.5550035555619398,1.1203392829286318,26.573531533022724,26.573531533022724,99.2949210247097,0,1000,2000,4,,
As,0.2,0,0,ordinary kriging L/2,F4-20260923,36.96,88,26,2,True,1.5264925002106327,1.366178163551961,-1.0433147495695527,0.9261414677393696,0.7692307692307693,3.828782063801931,0.9230769230769231,4.564328575786492,-1.839484554829247,,,,,0,800,0,1,"closed-form kriging fit, no MCMC diagnostics apply","{'variogram_model': 'spherical', 'params': {'sill_or_psill': 1.2035021005632691, 'range': 0.5784812868800784, 'nugget': 0.10596451323004706}}"
As,0.2,1,1,ordinary kriging L/2,F4-20260923,36.96,78,36,5,True,0.9387445120677633,0.8326180202564686,0.6967199725549027,0.5577951883428484,1.0,4.290678184486351,1.0,5.1174773734598284,-1.465592361899221,,,,,0,800,0,1,"closed-form kriging fit, no MCMC diagnostics apply","{'variogram_model': 'spherical', 'params': {'sill_or_psill': 1.4509805499706103, 'range': 0.6549361655549151, 'nugget': 0.12430722231827948}}"
As,0.2,2,2,ordinary kriging L/2,F4-20260923,36.96,102,12,2,True,1.015751291436697,0.7852960636870446,-0.4093965046822543,0.5853443464461239,0.9166666666666666,4.215932393627248,1.0,5.0001480968168055,-1.4858213148587558,,,,,0,800,0,1,"closed-form kriging fit, no MCMC diagnostics apply","{'variogram_model': 'spherical', 'params': {'sill_or_psill': 1.5158119893766409, 'range': 0.7319497594722963, 'nugget': 2.234156006939842e-07}}"
As,0.2,3,3,ordinary kriging L/2,F4-20260923,36.96,81,33,13,True,1.4643034859596629,1.3307532420364203,0.7682464438410271,0.9114240732971338,0.6060606060606061,3.3548389615703598,0.8484848484848485,3.991812818077449,-1.941703536136435,,,,,0,800,0,1,"closed-form kriging fit, no MCMC diagnostics apply","{'variogram_model': 'spherical', 'params': {'sill_or_psill': 1.1026070872864004, 'range': 5.09583407999212, 'nugget': 0.5230498085050774}}"
As,0.2,4,4,ordinary kriging L/2,F4-20260923,36.96,107,7,1,True,0.716772155661572,0.6086304450651466,0.14003776261759304,0.4556402706091566,1.0,4.209173924667099,1.0,5.032086327379552,-1.3342743205309968,,,,,0,800,0,1,"closed-form kriging fit, no MCMC diagnostics apply","{'variogram_model': 'spherical', 'params': {'sill_or_psill': 1.5204888739102063, 'range': 0.7116538559977628, 'nugget': 0.00046671843471975176}}"
As,0.2,5,0,ordinary kriging L/2,F4-20260923,36.96,88,26,2,True,1.5325744511022363,1.374820993961197,-1.0430746507185804,0.9298518325658439,0.8461538461538461,3.8397814503328265,0.8846153846153846,4.567056095638303,-1.848974218013063,,,,,0,800,0,1,"closed-form kriging fit, no MCMC diagnostics apply","{'variogram_model': 'spherical', 'params': {'sill_or_psill': 1.2035021005632691, 'range': 0.5784812868800784, 'nugget': 0.10596451323004706}}"
As,0.2,6,1,ordinary kriging L/2,F4-20260923,36.96,78,36,5,True,0.9496348634813659,0.843652606852954,0.7078995422410602,0.5642964423494035,1.0,4.2429061424725445,1.0,5.040114215523811,-1.4693929629212157,,,,,0,800,0,1,"closed-form kriging fit, no MCMC diagnostics apply","{'variogram_model': 'spherical', 'params': {'sill_or_psill': 1.4509805499706103, 'range': 0.6549361655549151, 'nugget': 0.12430722231827948}}"
As,0.2,7,2,ordinary kriging L/2,F4-20260923,36.96,102,12,2,True,1.0249983069873316,0.7925902573929872,-0.41381393434482483,0.5835135215485945,0.9166666666666666,4.185630779165135,1.0,4.968734847336251,-1.4741156272369478,,,,,0,800,0,1,"closed-form kriging fit, no MCMC diagnostics apply","{'variogram_model': 'spherical', 'params': {'sill_or_psill': 1.5158119893766409, 'range': 0.7319497594722963, 'nugget': 2.234156006939842e-07}}"
As,0.2,8,3,ordinary kriging L/2,F4-20260923,36.96,81,33,13,True,1.4417698180439684,1.3169285118177674,0.7605612789607156,0.8893525668304588,0.6666666666666666,3.4116303963614243,0.8787878787878788,4.038280073911575,-1.8815121611249677,,,,,0,800,0,1,"closed-form kriging fit, no MCMC diagnostics apply","{'variogram_model': 'spherical', 'params': {'sill_or_psill': 1.1026070872864004, 'range': 5.09583407999212, 'nugget': 0.5230498085050774}}"
As,0.2,9,4,ordinary kriging L/2,F4-20260923,36.96,107,7,1,True,0.6839099842096195,0.597680860644631,0.15135129649577303,0.43695849689846306,1.0,4.2431212914436305,1.0,5.040704919804267,-1.3106249483709997,,,,,0,800,0,1,"closed-form kriging fit, no MCMC diagnostics apply","{'variogram_model': 'spherical', 'params': {'sill_or_psill': 1.5204888739102063, 'range': 0.7116538559977628, 'nugget': 0.00046671843471975176}}"
As,0.4,0,0,ordinary kriging L/2,F4-20260923,64.88000000000001,88,26,2,True,1.5796369732937299,1.4316661962975117,-1.1217763811370065,0.9789353925995699,0.7692307692307693,3.6443934995290515,0.9230769230769231,4.330580234102379,-1.9053542093549756,,,,,0,800,0,1,"closed-form kriging fit, no MCMC diagnostics apply","{'variogram_model': 'spherical', 'params': {'sill_or_psill': 1.1610293121989748, 'range': 0.5848773725259647, 'nugget': 5.482234783390335e-10}}"
As,0.4,1,1,ordinary kriging L/2,F4-20260923,64.88000000000001,78,36,21,True,0.9657267153880021,0.8640466376920257,0.7433694043306467,0.5698416674938325,1.0,3.926805712373995,1.0,4.654299722842114,-1.3089185224293198,,,,,0,800,0,1,"closed-form kriging fit, no MCMC diagnostics apply","{'variogram_model': 'spherical', 'params': {'sill_or_psill': 1.3037304951901367, 'range': 0.6563322699184473, 'nugget': 0.006784184839734955}}"
As,0.4,2,2,ordinary kriging L/2,F4-20260923,64.88000000000001,102,12,2,True,1.1151600136225093,0.8684755301338315,-0.5347917292652884,0.6295910428891772,0.9166666666666666,3.99503161546596,0.9166666666666666,4.743593819239634,-1.4466487785876199,,,,,0,800,0,1,"closed-form kriging fit, no MCMC diagnostics apply","{'variogram_model': 'spherical', 'params': {'sill_or_psill': 1.3242193394624777, 'range': 0.9364798988610025, 'nugget': 0.07070978698186065}}"
As,0.4,3,3,ordinary kriging L/2,F4-20260923,64.88000000000001,81,33,18,True,1.4424170496367907,1.3192786814542405,0.7491962153384057,0.8935794853353605,0.6666666666666666,3.3759167306402897,0.9090909090909091,4.004663895213332,-1.5701144233268436,,,,,0,800,0,1,"closed-form kriging fit, no MCMC diagnostics apply","{'variogram_model': 'spherical', 'params': {'sill_or_psill': 1.2079498701907818, 'range': 5.09583407999212, 'nugget': 0.45599984595174975}}"
As,0.4,4,4,ordinary kriging L/2,F4-20260923,64.88000000000001,107,7,3,True,0.6977896233199722,0.6150003460215784,0.09139492335795849,0.4383236205170134,1.0,4.123106840245229,1.0,4.850327670228692,-1.174258628718414,,,,,0,800,0,1,"closed-form kriging fit, no MCMC diagnostics apply","{'variogram_model': 'spherical', 'params': {'sill_or_psill': 1.3424127268346928, 'range': 0.9409709492130709, 'nugget': 0.06930628757366493}}"
As,0.4,5,0,ordinary kriging L/2,F4-20260923,64.88000000000001,88,26,2,True,1.567898961446503,1.4197488698263736,-1.1107319684308832,0.9675093924071528,0.6923076923076923,3.650369550083141,0.9230769230769231,4.359050223379727,-1.8897610184359954,,,,,0,800,0,1,"closed-form kriging fit, no MCMC diagnostics apply","{'variogram_model': 'spherical', 'params': {'sill_or_psill': 1.1610293121989748, 'range': 0.5848773725259647, 'nugget': 5.482234783390335e-10}}"
As,0.4,6,1,ordinary kriging L/2,F4-20260923,64.88000000000001,78,36,21,True,0.975447145815847,0.8650952568302903,0.7415567044812889,0.5700113779206428,1.0,3.8890565786796216,1.0,4.626188753193848,-1.3162504285589085,,,,,0,800,0,1,"closed-form kriging fit, no MCMC diagnostics apply","{'variogram_model': 'spherical', 'params': {'sill_or_psill': 1.3037304951901367, 'range': 0.6563322699184473, 'nugget': 0.006784184839734955}}"
As,0.4,7,2,ordinary kriging L/2,F4-20260923,64.88000000000001,102,12,2,True,1.1171788580443136,0.8635102482643169,-0.5160018834063599,0.6244907393976636,0.9166666666666666,4.028747014730576,0.9166666666666666,4.78404850380489,-1.442767372058986,,,,,0,800,0,1,"closed-form kriging fit, no MCMC diagnostics apply","{'variogram_model': 'spherical', 'params': {'sill_or_psill': 1.3242193394624777, 'range': 0.9364798988610025, 'nugget': 0.07070978698186065}}"
As,0.4,8,3,ordinary kriging L/2,F4-20260923,64.88000000000001,81,33,18,True,1.452996576631332,1.3253291715625748,0.7675169084766191,0.899847756589999,0.6060606060606061,3.358417297448701,0.9393939393939394,4.000265810609203,-1.586473645223398,,,,,0,800,0,1,"closed-form kriging fit, no MCMC diagnostics apply","{'variogram_model': 'spherical', 'params': {'sill_or_psill': 1.2079498701907818, 'range': 5.09583407999212, 'nugget': 0.45599984595174975}}"
As,0.4,9,4,ordinary kriging L/2,F4-20260923,64.88000000000001,107,7,3,True,0.6909543493418687,0.6085277349294815,0.07749711418109337,0.43700613457588566,1.0,4.031467419495312,1.0,4.79070629057118,-1.1653260742824187,,,,,0,800,0,1,"closed-form kriging fit, no MCMC diagnostics apply","{'variogram_model': 'spherical', 'params': {'sill_or_psill': 1.3424127268346928, 'range': 0.9409709492130709, 'nugget': 0.06930628757366493}}"
As,0.6,0,0,ordinary kriging L/2,F4-20260923,134.92,88,26,5,True,1.3917722004822137,1.2183840926963057,-0.8184237389701329,0.8694930999998296,0.6538461538461539,2.7466831982428817,0.7307692307692307,3.2747077022779383,-1.7851794628950266,,,,,0,800,0,1,"closed-form kriging fit, no MCMC diagnostics apply","{'variogram_model': 'spherical', 'params': {'sill_or_psill': 0.652594983558372, 'range': 0.5905587414091167, 'nugget': 2.0329951327073468e-05}}"
As,0.6,1,1,ordinary kriging L/2,F4-20260923,134.92,78,36,30,True,1.1499003503218492,1.041058762831304,0.9686260642045629,0.6950178771675263,1.0,3.275152450537153,1.0,3.8752371215422365,-0.9696565221751582,,,,,0,800,0,1,"closed-form kriging fit, no MCMC diagnostics apply","{'variogram_model': 'spherical', 'params': {'sill_or_psill': 0.9136165340265631, 'range': 0.6705415098273826, 'nugget': 1.539935511217791e-07}}"
As,0.6,2,2,ordinary kriging L/2,F4-20260923,134.92,102,12,6,True,0.9698756745496512,0.7158939740650186,-0.18202359430792428,0.552322828003683,0.9166666666666666,3.179371028440125,0.9166666666666666,3.8079516472435073,-1.1260991816162937,,,,,0,800,0,1,"closed-form kriging fit, no MCMC diagnostics apply","{'variogram_model': 'spherical', 'params': {'sill_or_psill': 0.7349326550950034, 'range': 1.0651338441366778, 'nugget': 0.10193608355414177}}"
As,0.6,3,3,ordinary kriging L/2,F4-20260923,134.92,81,33,23,True,1.5241457405915169,1.3834901207066912,0.8843524468631102,1.0133796851803218,0.5151515151515151,2.589201680348996,0.5454545454545454,3.0908469266064578,-1.2532661755904688,,,,,0,800,0,1,"closed-form kriging fit, no MCMC diagnostics apply","{'variogram_model': 'spherical', 'params': {'sill_or_psill': 0.9009847268806375, 'range': 5.09583407999212, 'nugget': 0.19205086661237006}}"
As,0.6,4,4,ordinary kriging L/2,F4-20260923,134.92,107,7,4,True,0.7860929277262237,0.6393567367187174,0.38688346101682297,0.4512129934360856,0.8571428571428571,3.126154186288235,1.0,3.7773738175582126,-0.8536401903994567,,,,,0,800,0,1,"closed-form kriging fit, no MCMC diagnostics apply","{'variogram_model': 'spherical', 'params': {'sill_or_psill': 0.8025442647746239, 'range': 0.9082737992725847, 'nugget': 0.04635928732526618}}"
As,0.6,5,0,ordinary kriging L/2,F4-20260923,134.92,88,26,5,True,1.3834850495786506,1.2141794831097885,-0.8138617512484653,0.8674797724953555,0.6153846153846154,2.7176596242918007,0.7307692307692307,3.2363983910111194,-1.8078657702297465,,,,,0,800,0,1,"closed-form kriging fit, no MCMC diagnostics apply","{'variogram_model': 'spherical', 'params': {'sill_or_psill': 0.652594983558372, 'range': 0.5905587414091167, 'nugget': 2.0329951327073468e-05}}"
As,0.6,6,1,ordinary kriging L/2,F4-20260923,134.92,78,36,30,True,1.146738953049337,1.0355761070721616,0.9691278032564016,0.6896970627954504,0.9166666666666666,3.26252508770786,1.0,3.8934088957431126,-0.9617764141512534,,,,,0,800,0,1,"closed-form kriging fit, no MCMC diagnostics apply","{'variogram_model': 'spherical', 'params': {'sill_or_psill': 0.9136165340265631, 'range': 0.6705415098273826, 'nugget': 1.539935511217791e-07}}"
As,0.6,7,2,ordinary kriging L/2,F4-20260923,134.92,102,12,6,True,0.9799414445420839,0.7305606425397922,-0.2188811222285398,0.5552524658898401,0.9166666666666666,3.1651889676955327,0.9166666666666666,3.770084253382274,-1.1298323790176483,,,,,0,800,0,1,"closed-form kriging fit, no MCMC diagnostics apply","{'variogram_model': 'spherical', 'params': {'sill_or_psill': 0.7349326550950034, 'range': 1.0651338441366778, 'nugget': 0.10193608355414177}}"
As,0.6,8,3,ordinary kriging L/2,F4-20260923,134.92,81,33,23,True,1.517875867777794,1.382639271216261,0.8747482929983907,1.0113498366901748,0.5151515151515151,2.5823921831289036,0.5454545454545454,3.084117051041859,-1.247441157601148,,,,,0,800,0,1,"closed-form kriging fit, no MCMC diagnostics apply","{'variogram_model': 'spherical', 'params': {'sill_or_psill': 0.9009847268806375, 'range': 5.09583407999212, 'nugget': 0.19205086661237006}}"
As,0.6,9,4,ordinary kriging L/2,F4-20260923,134.92,107,7,4,True,0.7704307550842519,0.6529211021310817,0.34259487844754,0.44589524660506913,1.0,3.1503979462021396,1.0,3.7719777841645175,-0.8537992854002202,,,,,0,800,0,1,"closed-form kriging fit, no MCMC diagnostics apply","{'variogram_model': 'spherical', 'params': {'sill_or_psill': 0.8025442647746239, 'range': 0.9082737992725847, 'nugget': 0.04635928732526618}}"
As,0.8,0,0,ordinary kriging L/2,F4-20260923,324.44000000000005,88,26,14,True,1.121927540501235,0.8039960552824424,-0.15804110985380446,0.6431237663176896,0.6153846153846154,1.5890593871328904,0.7307692307692307,1.8983949857369913,-1.3320504643485873,,,,,0,800,0,1,"closed-form kriging fit, no MCMC diagnostics apply","{'variogram_model': 'spherical', 'params': {'sill_or_psill': 0.21992964869671078, 'range': 0.6054706462873118, 'nugget': 9.309837776057914e-12}}"
As,0.8,1,1,ordinary kriging L/2,F4-20260923,324.44000000000005,78,36,35,True,1.4158687724162315,1.326593231024737,1.2776374913429622,0.999757603428272,0.2777777777777778,2.1428887173993156,0.3611111111111111,2.571730008726908,-0.4329968765989297,,,,,0,800,0,1,"closed-form kriging fit, no MCMC diagnostics apply","{'variogram_model': 'spherical', 'params': {'sill_or_psill': 0.33818018205070893, 'range': 0.5704102738046408, 'nugget': 0.06448013227406531}}"
As,0.8,2,2,ordinary kriging L/2,F4-20260923,324.44000000000005,102,12,10,True,1.0011555045914422,0.8061108299041088,0.33777416609394634,0.6039069196595975,0.6666666666666666,1.7775754065079108,0.75,2.1161208181617908,-0.6824951849372133,,,,,0,800,0,1,"closed-form kriging fit, no MCMC diagnostics apply","{'variogram_model': 'spherical', 'params': {'sill_or_psill': 0.1596445027677797, 'range': 0.6324748485319616, 'nugget': 0.1192403508241752}}"
As,0.8,3,3,ordinary kriging L/2,F4-20260923,324.44000000000005,81,33,25,True,1.6371936886462888,1.4781367114756383,1.0912239152651433,1.2236591965670125,0.15151515151515152,1.5642071172795442,0.21212121212121213,1.8707503888865928,-0.6938092549150685,,,,,0,800,0,1,"closed-form kriging fit, no MCMC diagnostics apply","{'variogram_model': 'spherical', 'params': {'sill_or_psill': 0.2953188465377936, 'range': 5.09583407999212, 'nugget': 0.08555778401134748}}"
As,0.8,4,4,ordinary kriging L/2,F4-20260923,324.44000000000005,107,7,7,True,1.0332228818305085,0.7686088276356167,0.7686088276356167,0.6235815144328486,0.5714285714285714,1.8213048762236674,0.5714285714285714,2.1667974941266466,-0.28686399617280367,,,,,0,800,0,1,"closed-form kriging fit, no MCMC diagnostics apply","{'variogram_model': 'spherical', 'params': {'sill_or_psill': 0.2525682717950848, 'range': 0.47053760425423274, 'nugget': 0.03654727813412205}}"
As,0.8,5,0,ordinary kriging L/2,F4-20260923,324.44000000000005,88,26,14,True,1.1293908535365942,0.8052757404138686,-0.15076410397493162,0.6457368317186132,0.5769230769230769,1.595379674200665,0.6923076923076923,1.8936029432727965,-1.3196041158240512,,,,,0,800,0,1,"closed-form kriging fit, no MCMC diagnostics apply","{'variogram_model': 'spherical', 'params': {'sill_or_psill': 0.21992964869671078, 'range': 0.6054706462873118, 'nugget': 9.309837776057914e-12}}"
As,0.8,6,1,ordinary kriging L/2,F4-20260923,324.44000000000005,78,36,35,True,1.4248609800970415,1.3321703781893017,1.2829437605413092,1.0056981498185835,0.3055555555555556,2.149908903246502,0.4166666666666667,2.567189587805675,-0.43900358587076826,,,,,0,800,0,1,"closed-form kriging fit, no MCMC diagnostics apply","{'variogram_model': 'spherical', 'params': {'sill_or_psill': 0.33818018205070893, 'range': 0.5704102738046408, 'nugget': 0.06448013227406531}}"
As,0.8,7,2,ordinary kriging L/2,F4-20260923,324.44000000000005,102,12,10,True,0.9984330658431662,0.8082595653194619,0.3357157293351187,0.6061801163200018,0.75,1.7768502354218516,0.75,2.113978432660391,-0.6905128412514215,,,,,0,800,0,1,"closed-form kriging fit, no MCMC diagnostics apply","{'variogram_model': 'spherical', 'params': {'sill_or_psill': 0.1596445027677797, 'range': 0.6324748485319616, 'nugget': 0.1192403508241752}}"
As,0.8,8,3,ordinary kriging L/2,F4-20260923,324.44000000000005,81,33,25,True,1.6358414261818477,1.4748902085159088,1.0941910013485752,1.2201057844481151,0.18181818181818182,1.5662613297089356,0.24242424242424243,1.859471548340305,-0.6634591353461818,,,,,0,800,0,1,"closed-form kriging fit, no MCMC diagnostics apply","{'variogram_model': 'spherical', 'params': {'sill_or_psill': 0.2953188465377936, 'range': 5.09583407999212, 'nugget': 0.08555778401134748}}"
As,0.8,9,4,ordinary kriging L/2,F4-20260923,324.44000000000005,107,7,7,True,1.0393907678205698,0.77233263320358,0.77233263320358,0.6326856321399638,0.5714285714285714,1.7910204178999025,0.5714285714285714,2.1489752452041437,-0.28874432985283166,,,,,0,800,0,1,"closed-form kriging fit, no MCMC diagnostics apply","{'variogram_model': 'spherical', 'params': {'sill_or_psill': 0.2525682717950848, 'range': 0.47053760425423274, 'nugget': 0.03654727813412205}}"
Hg,0.2,0,0,ordinary kriging L/2,F4-20260923,9.464,88,26,2,True,1.2303589661990733,1.0285055536693173,-0.33132927279627133,0.7193860499879435,1.0,5.477707449917119,1.0,6.502946932802378,-1.6504707934209981,,,,,0,800,0,1,"closed-form kriging fit, no MCMC diagnostics apply","{'variogram_model': 'spherical', 'params': {'sill_or_psill': 5.217673914746851, 'range': 4.307764665493893, 'nugget': 0.08718993371895774}}"
Hg,0.2,1,1,ordinary kriging L/2,F4-20260923,9.464,78,36,0,True,1.1278334104423486,0.8716296293609943,-0.6090744254802076,0.6849592674505764,1.0,5.779599318618613,1.0,6.87707918796038,-1.7047580160071165,,,,,0,800,0,1,"closed-form kriging fit, no MCMC diagnostics apply","{'variogram_model': 'spherical', 'params': {'sill_or_psill': 2.4284401058033187, 'range': 2.791638895546207, 'nugget': 1.01631278690627}}"
Hg,0.2,2,2,ordinary kriging L/2,F4-20260923,9.464,102,12,0,True,1.0946312240042018,0.8735404656386153,-0.005710998075344476,0.653178564619137,1.0,5.754248202047126,1.0,6.9021554078358305,-1.6656818115318552,,,,,0,800,0,1,"closed-form kriging fit, no MCMC diagnostics apply","{'variogram_model': 'spherical', 'params': {'sill_or_psill': 2.996970621341022, 'range': 2.9298279622639716, 'nugget': 0.6928314549069616}}"
Hg,0.2,3,3,ordinary kriging L/2,F4-20260923,9.464,81,33,20,True,2.7640852238099822,2.4790773896372054,2.315651623340182,1.859403168483996,0.3939393939393939,4.356348093214224,0.5757575757575758,5.151010956451704,-2.4598917611370057,,,,,0,800,0,1,"closed-form kriging fit, no MCMC diagnostics apply","{'variogram_model': 'spherical', 'params': {'sill_or_psill': 1.0161891583892604, 'range': 3.426341319786027, 'nugget': 1.0170965735860997}}"
Hg,0.2,4,4,ordinary kriging L/2,F4-20260923,9.464,107,7,1,True,1.90176788834181,1.6823476296828546,-0.5401158389126152,1.192835514149442,0.5714285714285714,4.435869890690264,0.8571428571428571,5.298391840295243,-2.2337136025847313,,,,,0,800,0,1,"closed-form kriging fit, no MCMC diagnostics apply","{'variogram_model': 'spherical', 'params': {'sill_or_psill': 2.555385617337192, 'range': 4.284171003285876, 'nugget': 0.8357837327379879}}"
Hg,0.2,5,0,ordinary kriging L/2,F4-20260923,9.464,88,26,2,True,1.2297597018491293,1.025878320734601,-0.3324511231825209,0.7145784336159585,1.0,5.492653333036225,1.0,6.519216940263204,-1.6520614777631064,,,,,0,800,0,1,"closed-form kriging fit, no MCMC diagnostics apply","{'variogram_model': 'spherical', 'params': {'sill_or_psill': 5.217673914746851, 'range': 4.307764665493893, 'nugget': 0.08718993371895774}}"
Hg,0.2,6,1,ordinary kriging L/2,F4-20260923,9.464,78,36,0,True,1.1226330394616149,0.860485738156118,-0.6126278900105571,0.6764335341387802,1.0,5.776023457440565,1.0,6.898692828396122,-1.6999327997980096,,,,,0,800,0,1,"closed-form kriging fit, no MCMC diagnostics apply","{'variogram_model': 'spherical', 'params': {'sill_or_psill': 2.4284401058033187, 'range': 2.791638895546207, 'nugget': 1.01631278690627}}"
Hg,0.2,7,2,ordinary kriging L/2,F4-20260923,9.464,102,12,0,True,1.1054076355297302,0.8875583712763612,0.022773066418663612,0.6701695569330575,1.0,5.821039780169017,1.0,6.908561797227758,-1.6757976620485087,,,,,0,800,0,1,"closed-form kriging fit, no MCMC diagnostics apply","{'variogram_model': 'spherical', 'params': {'sill_or_psill': 2.996970621341022, 'range': 2.9298279622639716, 'nugget': 0.6928314549069616}}"
Hg,0.2,8,3,ordinary kriging L/2,F4-20260923,9.464,81,33,20,True,2.7581623544440252,2.4737442188418117,2.3008123867080603,1.8605175329928607,0.3939393939393939,4.29941354683328,0.6060606060606061,5.1512071190564495,-2.4764878065867677,,,,,0,800,0,1,"closed-form kriging fit, no MCMC diagnostics apply","{'variogram_model': 'spherical', 'params': {'sill_or_psill': 1.0161891583892604, 'range': 3.426341319786027, 'nugget': 1.0170965735860997}}"
Hg,0.2,9,4,ordinary kriging L/2,F4-20260923,9.464,107,7,1,True,1.902206659290244,1.675605736538752,-0.5735459400655936,1.1797481561733607,0.5714285714285714,4.4547947413007964,0.8571428571428571,5.381871598127286,-2.1778113021194963,,,,,0,800,0,1,"closed-form kriging fit, no MCMC diagnostics apply","{'variogram_model': 'spherical', 'params': {'sill_or_psill': 2.555385617337192, 'range': 4.284171003285876, 'nugget': 0.8357837327379879}}"
Hg,0.4,0,0,ordinary kriging L/2,F4-20260923,37.59,88,26,11,True,1.2260217361704004,1.0416474992360532,-0.2690078653186364,0.7059397745688343,0.9615384615384616,4.61456815216874,1.0,5.517577561402456,-1.2709949258711137,,,,,0,800,0,1,"closed-form kriging fit, no MCMC diagnostics apply","{'variogram_model': 'spherical', 'params': {'sill_or_psill': 2.296440834793054, 'range': 3.257182197838019, 'nugget': 0.42552582270700834}}"
Hg,0.4,1,1,ordinary kriging L/2,F4-20260923,37.59,78,36,4,True,1.042909783901971,0.8349304011943975,-0.2939783085627419,0.6047080223849497,0.9166666666666666,4.330246152298386,1.0,5.198101807684695,-1.5049148917775843,,,,,0,800,0,1,"closed-form kriging fit, no MCMC diagnostics apply","{'variogram_model': 'spherical', 'params': {'sill_or_psill': 1.887563031687729, 'range': 3.2442869892994093, 'nugget': 0.359192701291725}}"
Hg,0.4,2,2,ordinary kriging L/2,F4-20260923,37.59,102,12,2,True,1.1319657608957836,0.9065967625539747,0.27492491359376064,0.6452271335480105,1.0,4.424301580250247,1.0,5.299544684876182,-1.5162592191865414,,,,,0,800,0,1,"closed-form kriging fit, no MCMC diagnostics apply","{'variogram_model': 'spherical', 'params': {'sill_or_psill': 1.7702171005983702, 'range': 3.039060604138534, 'nugget': 0.4854549146159857}}"
Hg,0.4,3,3,ordinary kriging L/2,F4-20260923,37.59,81,33,27,True,2.871378126380355,2.570070811148007,2.4324524259223392,1.9384603338308468,0.36363636363636365,4.455985552437325,0.5454545454545454,5.288141849559667,-1.3594077101052169,,,,,0,800,0,1,"closed-form kriging fit, no MCMC diagnostics apply","{'variogram_model': 'spherical', 'params': {'sill_or_psill': 1.035523999500354, 'range': 2.2306252358467478, 'nugget': 0.8223528363532246}}"
Hg,0.4,4,4,ordinary kriging L/2,F4-20260923,37.59,107,7,2,True,1.8833355846222237,1.659605401000911,-0.5108667788360971,1.2183127133106788,0.42857142857142855,3.6285532922959547,0.5714285714285714,4.302335157307129,-2.0804442087515227,,,,,0,800,0,1,"closed-form kriging fit, no MCMC diagnostics apply","{'variogram_model': 'spherical', 'params': {'sill_or_psill': 1.6371590137146987, 'range': 4.670323677362251, 'nugget': 0.5866468028366055}}"
Hg,0.4,5,0,ordinary kriging L/2,F4-20260923,37.59,88,26,11,True,1.2060363648929056,1.027503533319104,-0.25699693031490983,0.6929066542048588,0.9615384615384616,4.6368443010660245,1.0,5.514071681823426,-1.264605463691255,,,,,0,800,0,1,"closed-form kriging fit, no MCMC diagnostics apply","{'variogram_model': 'spherical', 'params': {'sill_or_psill': 2.296440834793054, 'range': 3.257182197838019, 'nugget': 0.42552582270700834}}"
Hg,0.4,6,1,ordinary kriging L/2,F4-20260923,37.59,78,36,4,True,1.022769290351704,0.8135657485291958,-0.2957093744041806,0.5981775079368586,0.9166666666666666,4.342060247023053,0.9722222222222222,5.151501716202792,-1.4935681346241276,,,,,0,800,0,1,"closed-form kriging fit, no MCMC diagnostics apply","{'variogram_model': 'spherical', 'params': {'sill_or_psill': 1.887563031687729, 'range': 3.2442869892994093, 'nugget': 0.359192701291725}}"
Hg,0.4,7,2,ordinary kriging L/2,F4-20260923,37.59,102,12,2,True,1.0752188295525793,0.851889238198782,0.2515919920658145,0.6169439872659861,1.0,4.524270352123932,1.0,5.333259590739939,-1.4793013395084291,,,,,0,800,0,1,"closed-form kriging fit, no MCMC diagnostics apply","{'variogram_model': 'spherical', 'params': {'sill_or_psill': 1.7702171005983702, 'range': 3.039060604138534, 'nugget': 0.4854549146159857}}"
Hg,0.4,8,3,ordinary kriging L/2,F4-20260923,37.59,81,33,27,True,2.882590108098423,2.5865452317713276,2.4410399307880954,1.9585600950823385,0.3939393939393939,4.399467229854912,0.5454545454545454,5.242618186654649,-1.3813802613193071,,,,,0,800,0,1,"closed-form kriging fit, no MCMC diagnostics apply","{'variogram_model': 'spherical', 'params': {'sill_or_psill': 1.035523999500354, 'range': 2.2306252358467478, 'nugget': 0.8223528363532246}}"
Hg,0.4,9,4,ordinary kriging L/2,F4-20260923,37.59,107,7,2,True,1.8979149496090946,1.6665693481650834,-0.5269308143574734,1.2316927028011375,0.42857142857142855,3.608223806901901,0.5714285714285714,4.297142699129852,-2.102248500699364,,,,,0,800,0,1,"closed-form kriging fit, no MCMC diagnostics apply","{'variogram_model': 'spherical', 'params': {'sill_or_psill': 1.6371590137146987, 'range': 4.670323677362251, 'nugget': 0.5866468028366055}}"
Hg,0.6,0,0,ordinary kriging L/2,F4-20260923,100.32399999999997,88,26,18,True,1.2994978962254995,1.0265926600049275,0.5478235649778226,0.7332833589626062,0.8846153846153846,3.7190641548986814,0.9230769230769231,4.41732520446869,-0.8227534246909008,,,,,0,800,0,1,"closed-form kriging fit, no MCMC diagnostics apply","{'variogram_model': 'spherical', 'params': {'sill_or_psill': 1.1593181386867033, 'range': 2.019126800606677, 'nugget': 0.2129105404738581}}"
Hg,0.6,1,1,ordinary kriging L/2,F4-20260923,100.32399999999997,78,36,15,True,1.0386479320628743,0.9075750384622499,-0.18181295898244446,0.6057414643691421,0.8611111111111112,3.0469033308186844,0.9166666666666666,3.5936392505496633,-1.2757578013389477,,,,,0,800,0,1,"closed-form kriging fit, no MCMC diagnostics apply","{'variogram_model': 'spherical', 'params': {'sill_or_psill': 1.1387860177652507, 'range': 3.0226963345819535, 'nugget': 0.005526528881217733}}"
Hg,0.6,2,2,ordinary kriging L/2,F4-20260923,100.32399999999997,102,12,3,True,1.147414882826593,0.9004181458251793,0.3368768349004448,0.6476692367674636,0.8333333333333334,3.367047601241626,0.9166666666666666,4.010940851772126,-1.3089172366391821,,,,,0,800,0,1,"closed-form kriging fit, no MCMC diagnostics apply","{'variogram_model': 'spherical', 'params': {'sill_or_psill': 0.9336002408396261, 'range': 2.7296830550453652, 'nugget': 0.263217089545271}}"
Hg,0.6,3,3,ordinary kriging L/2,F4-20260923,100.32399999999997,81,33,30,True,3.1157435893586922,2.812420509744401,2.720411467818905,2.247338826171366,0.24242424242424243,3.739843276624587,0.2727272727272727,4.453342339596561,-0.8714768158362255,,,,,0,800,0,1,"closed-form kriging fit, no MCMC diagnostics apply","{'variogram_model': 'spherical', 'params': {'sill_or_psill': 1.2303800793014705, 'range': 0.7595800694527787, 'nugget': 1.364700602198516e-08}}"
Hg,0.6,4,4,ordinary kriging L/2,F4-20260923,100.32399999999997,107,7,2,True,1.8519553154325445,1.6032788390389514,-0.37654163900372123,1.2542495136117502,0.42857142857142855,2.7463829872667738,0.5714285714285714,3.290015665104156,-2.08967366485353,,,,,0,800,0,1,"closed-form kriging fit, no MCMC diagnostics apply","{'variogram_model': 'spherical', 'params': {'sill_or_psill': 0.8061926477268655, 'range': 3.268070844347168, 'nugget': 0.3054464589607026}}"
Hg,0.6,5,0,ordinary kriging L/2,F4-20260923,100.32399999999997,88,26,18,True,1.2962980354300186,1.019469825948002,0.5572918604882312,0.7256966886636979,0.8846153846153846,3.6994938208208437,0.9230769230769231,4.390004498054099,-0.810807057221374,,,,,0,800,0,1,"closed-form kriging fit, no MCMC diagnostics apply","{'variogram_model': 'spherical', 'params': {'sill_or_psill': 1.1593181386867033, 'range': 2.019126800606677, 'nugget': 0.2129105404738581}}"
Hg,0.6,6,1,ordinary kriging L/2,F4-20260923,100.32399999999997,78,36,15,True,1.0483025865696276,0.9113639106048174,-0.19061729174687614,0.6109313605561422,0.8611111111111112,3.0486939515253506,0.8888888888888888,3.601076598774334,-1.3086427390400663,,,,,0,800,0,1,"closed-form kriging fit, no MCMC diagnostics apply","{'variogram_model': 'spherical', 'params': {'sill_or_psill': 1.1387860177652507, 'range': 3.0226963345819535, 'nugget': 0.005526528881217733}}"
Hg,0.6,7,2,ordinary kriging L/2,F4-20260923,100.32399999999997,102,12,3,True,1.1346959351657713,0.8744235855154975,0.3259423677655638,0.6344010731986509,0.8333333333333334,3.33424980890945,0.9166666666666666,3.99517114168143,-1.292413778395338,,,,,0,800,0,1,"closed-form kriging fit, no MCMC diagnostics apply","{'variogram_model': 'spherical', 'params': {'sill_or_psill': 0.9336002408396261, 'range': 2.7296830550453652, 'nugget': 0.263217089545271}}"
Hg,0.6,8,3,ordinary kriging L/2,F4-20260923,100.32399999999997,81,33,30,True,3.1152328509450027,2.812353767547564,2.724144611039896,2.2452295469883126,0.24242424242424243,3.770208343807542,0.30303030303030304,4.516544333288639,-0.8726932302253576,,,,,0,800,0,1,"closed-form kriging fit, no MCMC diagnostics apply","{'variogram_model': 'spherical', 'params': {'sill_or_psill': 1.2303800793014705, 'range': 0.7595800694527787, 'nugget': 1.364700602198516e-08}}"
Hg,0.6,9,4,ordinary kriging L/2,F4-20260923,100.32399999999997,107,7,2,True,1.8591706099584755,1.6131170426335564,-0.3677489148823918,1.264308357159937,0.42857142857142855,2.803189619378898,0.42857142857142855,3.3490510053311424,-2.117667391333893,,,,,0,800,0,1,"closed-form kriging fit, no MCMC diagnostics apply","{'variogram_model': 'spherical', 'params': {'sill_or_psill': 0.8061926477268655, 'range': 3.268070844347168, 'nugget': 0.3054464589607026}}"
Hg,0.8,0,0,ordinary kriging L/2,F4-20260923,229.08000000000004,88,26,24,True,1.6514443241701937,1.3287956486461572,1.196738065126678,1.0240668107923063,0.5384615384615384,2.626321956962919,0.5769230769230769,3.0996810831186914,-0.45989110381049036,,,,,0,800,0,1,"closed-form kriging fit, no MCMC diagnostics apply","{'variogram_model': 'spherical', 'params': {'sill_or_psill': 0.5278173706630235, 'range': 1.1631634460232436, 'nugget': 0.06298347451674381}}"
Hg,0.8,1,1,ordinary kriging L/2,F4-20260923,229.08000000000004,78,36,24,True,1.1793284957184291,0.9761276708996404,0.42592756744264854,0.7362483459991589,0.4722222222222222,1.9681980428834254,0.6388888888888888,2.3558258671565095,-1.0670526997313632,,,,,0,800,0,1,"closed-form kriging fit, no MCMC diagnostics apply","{'variogram_model': 'spherical', 'params': {'sill_or_psill': 0.4577229024216002, 'range': 2.9105918093891328, 'nugget': 4.9156332588608076e-12}}"
Hg,0.8,2,2,ordinary kriging L/2,F4-20260923,229.08000000000004,102,12,6,True,1.1057100739578727,0.8407638860387675,0.28272973390568573,0.6339704401026168,0.6666666666666666,2.238841632480038,0.75,2.639188813320276,-0.9394259371869748,,,,,0,800,0,1,"closed-form kriging fit, no MCMC diagnostics apply","{'variogram_model': 'spherical', 'params': {'sill_or_psill': 0.38232756541326984, 'range': 2.676634145022894, 'nugget': 0.13652478111829422}}"
Hg,0.8,3,3,ordinary kriging L/2,F4-20260923,229.08000000000004,81,33,33,True,3.3989209021493156,3.0753407978731415,3.0434081991428923,2.6741861607730555,0.15151515151515152,2.617640828992467,0.21212121212121213,3.111781610237659,-0.4323083249725577,,,,,0,800,0,1,"closed-form kriging fit, no MCMC diagnostics apply","{'variogram_model': 'spherical', 'params': {'sill_or_psill': 0.49192278115144517, 'range': 0.7179476088328847, 'nugget': 0.10254141132740924}}"
Hg,0.8,4,4,ordinary kriging L/2,F4-20260923,229.08000000000004,107,7,4,True,1.8196993222423536,1.5520062683805425,-0.0033959389428796427,1.2731047672196243,0.2857142857142857,2.0246854574668376,0.2857142857142857,2.4131726215607983,-2.0859479345038734,,,,,0,800,0,1,"closed-form kriging fit, no MCMC diagnostics apply","{'variogram_model': 'spherical', 'params': {'sill_or_psill': 0.3778472433930893, 'range': 0.7260699435039405, 'nugget': 9.39112544208801e-12}}"
Hg,0.8,5,0,ordinary kriging L/2,F4-20260923,229.08000000000004,88,26,24,True,1.641904174039502,1.3223698671115096,1.2020570618230926,1.0205879641729112,0.5384615384615384,2.5989424919651234,0.6153846153846154,3.08496596443784,-0.45587421903414166,,,,,0,800,0,1,"closed-form kriging fit, no MCMC diagnostics apply","{'variogram_model': 'spherical', 'params': {'sill_or_psill': 0.5278173706630235, 'range': 1.1631634460232436, 'nugget': 0.06298347451674381}}"
Hg,0.8,6,1,ordinary kriging L/2,F4-20260923,229.08000000000004,78,36,24,True,1.1818046568651346,0.983928545990222,0.4235054967010146,0.7423908398962132,0.5277777777777778,1.9593989781821983,0.6388888888888888,2.330039731846879,-1.1016468245635487,,,,,0,800,0,1,"closed-form kriging fit, no MCMC diagnostics apply","{'variogram_model': 'spherical', 'params': {'sill_or_psill': 0.4577229024216002, 'range': 2.9105918093891328, 'nugget': 4.9156332588608076e-12}}"
Hg,0.8,7,2,ordinary kriging L/2,F4-20260923,229.08000000000004,102,12,6,True,1.1098417582596058,0.851170337343777,0.3023813995624048,0.6345125833884836,0.6666666666666666,2.240500574446139,0.75,2.6690613153454525,-0.944476514542278,,,,,0,800,0,1,"closed-form kriging fit, no MCMC diagnostics apply","{'variogram_model': 'spherical', 'params': {'sill_or_psill': 0.38232756541326984, 'range': 2.676634145022894, 'nugget': 0.13652478111829422}}"
Hg,0.8,8,3,ordinary kriging L/2,F4-20260923,229.08000000000004,81,33,33,True,3.391263640872062,3.0613574449099645,3.0334343030519038,2.6648245475390753,0.15151515151515152,2.5896670430637405,0.21212121212121213,3.1128932157231697,-0.4241075181899353,,,,,0,800,0,1,"closed-form kriging fit, no MCMC diagnostics apply","{'variogram_model': 'spherical', 'params': {'sill_or_psill': 0.49192278115144517, 'range': 0.7179476088328847, 'nugget': 0.10254141132740924}}"
Hg,0.8,9,4,ordinary kriging L/2,F4-20260923,229.08000000000004,107,7,4,True,1.8230185565128132,1.5435093087695206,-0.009997924118518473,1.26566414111808,0.2857142857142857,2.0487710040010767,0.2857142857142857,2.4652563246440855,-1.999525266763612,,,,,0,800,0,1,"closed-form kriging fit, no MCMC diagnostics apply","{'variogram_model': 'spherical', 'params': {'sill_or_psill': 0.3778472433930893, 'range': 0.7260699435039405, 'nugget': 9.39112544208801e-12}}"
Pb,0.2,0,0,ordinary kriging L/2,F4-20260923,68.6,88,26,0,True,2.7458659382683916,2.5148515421259137,-2.5148515421259137,1.7863475600616512,0.46153846153846156,5.274899138312974,0.8461538461538461,6.338841781559254,-2.819734365538754,,,,,0,800,0,1,"closed-form kriging fit, no MCMC diagnostics apply","{'variogram_model': 'spherical', 'params': {'sill_or_psill': 2.4414777025862513, 'range': 0.5990662656814543, 'nugget': 1.6413917107935937e-05}}"
Pb,0.2,1,1,ordinary kriging L/2,F4-20260923,68.6,78,36,8,True,1.6362323594986956,1.3454906365596357,1.343758112199248,0.9472231671485682,0.9722222222222222,6.2386320386757514,1.0,7.437776174237113,-1.8540008639207366,,,,,0,800,0,1,"closed-form kriging fit, no MCMC diagnostics apply","{'variogram_model': 'spherical', 'params': {'sill_or_psill': 3.048023605545575, 'range': 0.8886056327399142, 'nugget': 0.24566614414852542}}"
Pb,0.2,2,2,ordinary kriging L/2,F4-20260923,68.6,102,12,0,True,1.0471970775434711,0.8775100482489036,-0.3906610219161422,0.6385233578460472,1.0,5.698968118777821,1.0,6.8763289481236525,-1.6489033883999769,,,,,0,800,0,1,"closed-form kriging fit, no MCMC diagnostics apply","{'variogram_model': 'spherical', 'params': {'sill_or_psill': 2.5132047533863062, 'range': 5.086836649012483, 'nugget': 1.750310056324239}}"
Pb,0.2,3,3,ordinary kriging L/2,F4-20260923,68.6,81,33,13,True,2.8100026730452456,2.341057207959245,2.291907814181746,1.7447341099128206,0.5151515151515151,5.273514040789044,0.6363636363636364,6.302835138855888,-2.5004979990568947,,,,,0,800,0,1,"closed-form kriging fit, no MCMC diagnostics apply","{'variogram_model': 'spherical', 'params': {'sill_or_psill': 4.849248060833273, 'range': 5.09583407999212, 'nugget': 0.3560288128984455}}"
Pb,0.2,4,4,ordinary kriging L/2,F4-20260923,68.6,107,7,2,True,1.7474837788258493,1.479821648983682,-0.17121551287388195,1.004688732558824,1.0,6.390373808900518,1.0,7.623671701504695,-1.8056811431848196,,,,,0,800,0,1,"closed-form kriging fit, no MCMC diagnostics apply","{'variogram_model': 'spherical', 'params': {'sill_or_psill': 3.4828199389955534, 'range': 1.5568193872420302, 'nugget': 0.1792595772815621}}"
Pb,0.2,5,0,ordinary kriging L/2,F4-20260923,68.6,88,26,0,True,2.725122478987294,2.49037438382926,-2.49037438382926,1.7758787673377723,0.46153846153846156,5.2864197969042825,0.8846153846153846,6.2926296467287,-2.826248797380867,,,,,0,800,0,1,"closed-form kriging fit, no MCMC diagnostics apply","{'variogram_model': 'spherical', 'params': {'sill_or_psill': 2.4414777025862513, 'range': 0.5990662656814543, 'nugget': 1.6413917107935937e-05}}"
Pb,0.2,6,1,ordinary kriging L/2,F4-20260923,68.6,78,36,8,True,1.6687438792727396,1.365746567745673,1.363913215733889,0.9629993680743113,0.9722222222222222,6.2020409860533725,1.0,7.360267920594321,-1.8655222518185925,,,,,0,800,0,1,"closed-form kriging fit, no MCMC diagnostics apply","{'variogram_model': 'spherical', 'params': {'sill_or_psill': 3.048023605545575, 'range': 0.8886056327399142, 'nugget': 0.24566614414852542}}"
Pb,0.2,7,2,ordinary kriging L/2,F4-20260923,68.6,102,12,0,True,1.0603429665070672,0.8979771126742181,-0.39005056508755137,0.6520728315495141,1.0,5.838171238558591,1.0,6.9312221445283235,-1.6773194065063215,,,,,0,800,0,1,"closed-form kriging fit, no MCMC diagnostics apply","{'variogram_model': 'spherical', 'params': {'sill_or_psill': 2.5132047533863062, 'range': 5.086836649012483, 'nugget': 1.750310056324239}}"
Pb,0.2,8,3,ordinary kriging L/2,F4-20260923,68.6,81,33,13,True,2.7751919706202584,2.3064276416423857,2.2564022497140006,1.7163416335613961,0.5151515151515151,5.313762364217581,0.6666666666666666,6.279495306288307,-2.4612647270256764,,,,,0,800,0,1,"closed-form kriging fit, no MCMC diagnostics apply","{'variogram_model': 'spherical', 'params': {'sill_or_psill': 4.849248060833273, 'range': 5.09583407999212, 'nugget': 0.3560288128984455}}"
Pb,0.2,9,4,ordinary kriging L/2,F4-20260923,68.6,107,7,2,True,1.7806247794704406,1.5008105303239532,-0.17378548626984378,1.0277976851294155,0.8571428571428571,6.341745286880692,1.0,7.494873529430058,-1.8192404901662413,,,,,0,800,0,1,"closed-form kriging fit, no MCMC diagnostics apply","{'variogram_model': 'spherical', 'params': {'sill_or_psill': 3.4828199389955534, 'range': 1.5568193872420302, 'nugget': 0.1792595772815621}}"
Pb,0.4,0,0,ordinary kriging L/2,F4-20260923,229.0,88,26,0,True,2.628258156688528,2.3942799973117985,-2.3942799973117985,1.807255858204967,0.3076923076923077,4.083287991142037,0.38461538461538464,4.889037210105328,-3.354395496475408,,,,,0,800,0,1,"closed-form kriging fit, no MCMC diagnostics apply","{'variogram_model': 'spherical', 'params': {'sill_or_psill': 1.456600922959924, 'range': 0.6011006946977944, 'nugget': 2.0434339379354302e-05}}"
Pb,0.4,1,1,ordinary kriging L/2,F4-20260923,229.0,78,36,18,True,1.6530771292515811,1.3875564165428587,1.3875564165428587,0.9545286405098032,0.9166666666666666,5.456040885889623,1.0,6.527829652345181,-1.4175803112497474,,,,,0,800,0,1,"closed-form kriging fit, no MCMC diagnostics apply","{'variogram_model': 'spherical', 'params': {'sill_or_psill': 2.4278673765534107, 'range': 1.0131483527221017, 'nugget': 0.09030874568851764}}"
Pb,0.4,2,2,ordinary kriging L/2,F4-20260923,229.0,102,12,2,True,1.0648302342089426,0.9049828162817151,-0.4122950195485065,0.6245523319573268,1.0,4.792721942069754,1.0,5.711624839194896,-1.462987139100046,,,,,0,800,0,1,"closed-form kriging fit, no MCMC diagnostics apply","{'variogram_model': 'spherical', 'params': {'sill_or_psill': 2.0987568609228586, 'range': 5.086836649012409, 'nugget': 1.0620282457148034}}"
Pb,0.4,3,3,ordinary kriging L/2,F4-20260923,229.0,81,33,21,True,3.5531350964769666,3.0937114894074926,3.0937114894074926,2.451282017562872,0.36363636363636365,4.390029179891091,0.42424242424242425,5.266625990008496,-2.978180102351335,,,,,0,800,0,1,"closed-form kriging fit, no MCMC diagnostics apply","{'variogram_model': 'spherical', 'params': {'sill_or_psill': 4.051262682356092, 'range': 5.095834079992116, 'nugget': 9.83250721419512e-06}}"
Pb,0.4,4,4,ordinary kriging L/2,F4-20260923,229.0,107,7,4,True,1.808138299984699,1.4356631243035272,-0.4959105497508603,1.0378620682738922,0.8571428571428571,5.126055096492906,0.8571428571428571,6.193852741409996,-1.4435517671812435,,,,,0,800,0,1,"closed-form kriging fit, no MCMC diagnostics apply","{'variogram_model': 'spherical', 'params': {'sill_or_psill': 2.5422185985732386, 'range': 1.5380211680368756, 'nugget': 4.377571412043171e-10}}"
Pb,0.4,5,0,ordinary kriging L/2,F4-20260923,229.0,88,26,0,True,2.6414780585185755,2.40617441694939,-2.402254449390976,1.8143552931193614,0.2692307692307692,4.122627598139516,0.4230769230769231,4.906896658984921,-3.380509398862009,,,,,0,800,0,1,"closed-form kriging fit, no MCMC diagnostics apply","{'variogram_model': 'spherical', 'params': {'sill_or_psill': 1.456600922959924, 'range': 0.6011006946977944, 'nugget': 2.0434339379354302e-05}}"
Pb,0.4,6,1,ordinary kriging L/2,F4-20260923,229.0,78,36,18,True,1.6705568700151205,1.4101991779975502,1.4101991779975502,0.9667019170052029,0.9444444444444444,5.445199668941029,0.9722222222222222,6.433328373169992,-1.4345356011513855,,,,,0,800,0,1,"closed-form kriging fit, no MCMC diagnostics apply","{'variogram_model': 'spherical', 'params': {'sill_or_psill': 2.4278673765534107, 'range': 1.0131483527221017, 'nugget': 0.09030874568851764}}"
Pb,0.4,7,2,ordinary kriging L/2,F4-20260923,229.0,102,12,2,True,1.1028103313680688,0.9341099539608452,-0.43261263278086576,0.6431799487024874,0.9166666666666666,4.869765232015934,1.0,5.758686196232806,-1.4985122625490988,,,,,0,800,0,1,"closed-form kriging fit, no MCMC diagnostics apply","{'variogram_model': 'spherical', 'params': {'sill_or_psill': 2.0987568609228586, 'range': 5.086836649012409, 'nugget': 1.0620282457148034}}"
Pb,0.4,8,3,ordinary kriging L/2,F4-20260923,229.0,81,33,21,True,3.5737849960984396,3.106342416957323,3.106342416957323,2.469740314304355,0.36363636363636365,4.402581605637386,0.42424242424242425,5.250665351238536,-3.0138057963924436,,,,,0,800,0,1,"closed-form kriging fit, no MCMC diagnostics apply","{'variogram_model': 'spherical', 'params': {'sill_or_psill': 4.051262682356092, 'range': 5.095834079992116, 'nugget': 9.83250721419512e-06}}"
Pb,0.4,9,4,ordinary kriging L/2,F4-20260923,229.0,107,7,4,True,1.846873827054412,1.4325068072808962,-0.5841917725832941,1.0478179135258632,0.8571428571428571,5.258602685318335,0.8571428571428571,6.242607779646691,-1.4512003949028038,,,,,0,800,0,1,"closed-form kriging fit, no MCMC diagnostics apply","{'variogram_model': 'spherical', 'params': {'sill_or_psill': 2.5422185985732386, 'range': 1.5380211680368756, 'nugget': 4.377571412043171e-10}}"
Pb,0.6,0,0,ordinary kriging L/2,F4-20260923,594.2921912813802,88,26,2,True,2.233242284574029,1.9819862466166427,-1.9462943637799124,1.5685460360387014,0.2692307692307692,2.8520296268458063,0.34615384615384615,3.3937292292107433,-4.018589415732837,,,,,0,800,0,1,"closed-form kriging fit, no MCMC diagnostics apply","{'variogram_model': 'spherical', 'params': {'sill_or_psill': 0.7137368316629896, 'range': 0.618260344417938, 'nugget': 1.7641495978001408e-08}}"
Pb,0.6,1,1,ordinary kriging L/2,F4-20260923,594.2921912813802,78,36,32,True,1.8675961514116717,1.6547426639694705,1.6547426639694705,1.130367921321512,0.6111111111111112,4.5130679602116475,0.8888888888888888,5.389159977062246,-1.0044822457132514,,,,,0,800,0,1,"closed-form kriging fit, no MCMC diagnostics apply","{'variogram_model': 'spherical', 'params': {'sill_or_psill': 1.737231034389517, 'range': 1.0418111522432996, 'nugget': 3.764482901399791e-15}}"
Pb,0.6,2,2,ordinary kriging L/2,F4-20260923,594.2921912813802,102,12,2,True,1.111222333649359,0.9396959535564028,-0.4639547024137498,0.6355220336102266,0.9166666666666666,3.859491408334378,0.9166666666666666,4.577034076960142,-1.335004532391719,,,,,0,800,0,1,"closed-form kriging fit, no MCMC diagnostics apply","{'variogram_model': 'spherical', 'params': {'sill_or_psill': 1.5780708617286923, 'range': 5.08683664901245, 'nugget': 0.581684220853007}}"
Pb,0.6,3,3,ordinary kriging L/2,F4-20260923,594.2921912813802,81,33,27,True,3.7499677337549735,3.3037743683900667,3.3037743683900667,2.7393366497104696,0.30303030303030304,3.5973708940754876,0.3333333333333333,4.274872448626626,-2.7720665994645937,,,,,0,800,0,1,"closed-form kriging fit, no MCMC diagnostics apply","{'variogram_model': 'spherical', 'params': {'sill_or_psill': 2.6970602963109918, 'range': 5.09583407999212, 'nugget': 2.7663588204618493e-16}}"
Pb,0.6,4,4,ordinary kriging L/2,F4-20260923,594.2921912813802,107,7,5,True,1.8048704042143173,1.5843004090822779,0.42157218352317277,1.1291346740789396,0.5714285714285714,4.088816173650724,0.7142857142857143,4.831666101339976,-1.1280174813577077,,,,,0,800,0,1,"closed-form kriging fit, no MCMC diagnostics apply","{'variogram_model': 'spherical', 'params': {'sill_or_psill': 1.5767974695743623, 'range': 1.5373928767286782, 'nugget': 2.6830804860106133e-05}}"
Pb,0.6,5,0,ordinary kriging L/2,F4-20260923,594.2921912813802,88,26,2,True,2.2348648352624765,1.983818879338124,-1.943313647832826,1.5732455797120732,0.2692307692307692,2.8528717347729584,0.3076923076923077,3.3824782633900274,-4.070840839148255,,,,,0,800,0,1,"closed-form kriging fit, no MCMC diagnostics apply","{'variogram_model': 'spherical', 'params': {'sill_or_psill': 0.7137368316629896, 'range': 0.618260344417938, 'nugget': 1.7641495978001408e-08}}"
Pb,0.6,6,1,ordinary kriging L/2,F4-20260923,594.2921912813802,78,36,32,True,1.855365124292079,1.6499478023086254,1.6499478023086254,1.1243307485404033,0.6388888888888888,4.552290263131965,0.8888888888888888,5.430119466619182,-1.0004447555003535,,,,,0,800,0,1,"closed-form kriging fit, no MCMC diagnostics apply","{'variogram_model': 'spherical', 'params': {'sill_or_psill': 1.737231034389517, 'range': 1.0418111522432996, 'nugget': 3.764482901399791e-15}}"
Pb,0.6,7,2,ordinary kriging L/2,F4-20260923,594.2921912813802,102,12,2,True,1.1157990018482475,0.9528453440496566,-0.47557089536417907,0.6426049267422195,0.9166666666666666,3.9106069159345367,0.9166666666666666,4.61216417850918,-1.3489739920469062,,,,,0,800,0,1,"closed-form kriging fit, no MCMC diagnostics apply","{'variogram_model': 'spherical', 'params': {'sill_or_psill': 1.5780708617286923, 'range': 5.08683664901245, 'nugget': 0.581684220853007}}"
Pb,0.6,8,3,ordinary kriging L/2,F4-20260923,594.2921912813802,81,33,27,True,3.750573554539488,3.3027182792612177,3.3027182792612177,2.7358342736903625,0.30303030303030304,3.604605648226763,0.3333333333333333,4.287797352619994,-2.764593038032708,,,,,0,800,0,1,"closed-form kriging fit, no MCMC diagnostics apply","{'variogram_model': 'spherical', 'params': {'sill_or_psill': 2.6970602963109918, 'range': 5.09583407999212, 'nugget': 2.7663588204618493e-16}}"
Pb,0.6,9,4,ordinary kriging L/2,F4-20260923,594.2921912813802,107,7,5,True,1.7981090417159102,1.5639084621818198,0.42702285141421514,1.1145419356210138,0.5714285714285714,4.124561955162886,0.7142857142857143,4.9139277864367825,-1.1118360380457877,,,,,0,800,0,1,"closed-form kriging fit, no MCMC diagnostics apply","{'variogram_model': 'spherical', 'params': {'sill_or_psill': 1.5767974695743623, 'range': 1.5373928767286782, 'nugget': 2.6830804860106133e-05}}"
Pb,0.8,0,0,ordinary kriging L/2,F4-20260923,2720.600000000002,88,26,9,True,1.2392053680598707,1.052094042304608,-0.5934102312197852,0.8737243496431355,0.15384615384615385,1.1062654277682098,0.2692307692307692,1.3063099317408993,-5.34138482905799,,,,,0,800,0,1,"closed-form kriging fit, no MCMC diagnostics apply","{'variogram_model': 'spherical', 'params': {'sill_or_psill': 0.07932626198657639, 'range': 1.5665571957826436, 'nugget': 0.029969722526967914}}"
Pb,0.8,1,1,ordinary kriging L/2,F4-20260923,2720.600000000002,78,36,36,True,2.6100994906529618,2.4468868348200563,2.4468868348200563,1.9908769121064098,0.1111111111111111,2.6992225665019904,0.25,3.2258589398937407,-0.4488188191879013,,,,,0,800,0,1,"closed-form kriging fit, no MCMC diagnostics apply","{'variogram_model': 'spherical', 'params': {'sill_or_psill': 0.4382178619359954, 'range': 1.5500380639427715, 'nugget': 0.20448934721615364}}"
Pb,0.8,2,2,ordinary kriging L/2,F4-20260923,2720.600000000002,102,12,11,True,1.2835600050844767,0.9767241788465139,0.7580370154179642,0.7302548212178221,0.75,2.3839981960370107,0.8333333333333334,2.839859000966655,-0.45801855776445405,,,,,0,800,0,1,"closed-form kriging fit, no MCMC diagnostics apply","{'variogram_model': 'spherical', 'params': {'sill_or_psill': 0.41162212634677614, 'range': 1.6111305974545385, 'nugget': 0.08420051210636723}}"
Pb,0.8,3,3,ordinary kriging L/2,F4-20260923,2720.600000000002,81,33,29,True,4.037890401020887,3.6702965115120083,3.6702965115120083,3.341563894205133,0.030303030303030304,1.91732874328679,0.06060606060606061,2.290736863520346,-2.3327779138577607,,,,,0,800,0,1,"closed-form kriging fit, no MCMC diagnostics apply","{'variogram_model': 'spherical', 'params': {'sill_or_psill': 0.7727557141261597, 'range': 5.095834079992091, 'nugget': 6.490687424116578e-17}}"
Pb,0.8,4,4,ordinary kriging L/2,F4-20260923,2720.600000000002,107,7,6,True,2.471630780484539,2.134327060357648,1.7566625485409035,1.8152878509809447,0.14285714285714285,2.2519118263981994,0.42857142857142855,2.6867691839621,-0.5575885131026592,,,,,0,800,0,1,"closed-form kriging fit, no MCMC diagnostics apply","{'variogram_model': 'spherical', 'params': {'sill_or_psill': 0.3330695758087373, 'range': 1.5533661261633116, 'nugget': 0.10645697806169171}}"
Pb,0.8,5,0,ordinary kriging L/2,F4-20260923,2720.600000000002,88,26,9,True,1.2417755484057256,1.0517844740041862,-0.5960690414810531,0.8728614415707489,0.19230769230769232,1.1102529789023428,0.2692307692307692,1.3292658278150595,-5.588338912390536,,,,,0,800,0,1,"closed-form kriging fit, no MCMC diagnostics apply","{'variogram_model': 'spherical', 'params': {'sill_or_psill': 0.07932626198657639, 'range': 1.5665571957826436, 'nugget': 0.029969722526967914}}"
Pb,0.8,6,1,ordinary kriging L/2,F4-20260923,2720.600000000002,78,36,36,True,2.602834054808182,2.4368146871024563,2.4368146871024563,1.9804339104609927,0.1111111111111111,2.7264540207661696,0.25,3.2288144415937867,-0.4417789627023682,,,,,0,800,0,1,"closed-form kriging fit, no MCMC diagnostics apply","{'variogram_model': 'spherical', 'params': {'sill_or_psill': 0.4382178619359954, 'range': 1.5500380639427715, 'nugget': 0.20448934721615364}}"
Pb,0.8,7,2,ordinary kriging L/2,F4-20260923,2720.600000000002,102,12,11,True,1.2990194245254207,0.9900366655395029,0.7631232626002179,0.7428999879244872,0.75,2.3961288117300525,0.8333333333333334,2.843139218383488,-0.48778702999077544,,,,,0,800,0,1,"closed-form kriging fit, no MCMC diagnostics apply","{'variogram_model': 'spherical', 'params': {'sill_or_psill': 0.41162212634677614, 'range': 1.6111305974545385, 'nugget': 0.08420051210636723}}"
Pb,0.8,8,3,ordinary kriging L/2,F4-20260923,2720.600000000002,81,33,29,True,4.046317375691275,3.676168110948624,3.676168110948624,3.3443091651327,0.0,1.9548941366914216,0.09090909090909091,2.3209105493219058,-2.3338388813119,,,,,0,800,0,1,"closed-form kriging fit, no MCMC diagnostics apply","{'variogram_model': 'spherical', 'params': {'sill_or_psill': 0.7727557141261597, 'range': 5.095834079992091, 'nugget': 6.490687424116578e-17}}"
Pb,0.8,9,4,ordinary kriging L/2,F4-20260923,2720.600000000002,107,7,6,True,2.4633024091117988,2.121506702836706,1.7463415175960735,1.8117445010709505,0.14285714285714285,2.1651430010043313,0.2857142857142857,2.597510645544489,-0.5538411975691788,,,,,0,800,0,1,"closed-form kriging fit, no MCMC diagnostics apply","{'variogram_model': 'spherical', 'params': {'sill_or_psill': 0.3330695758087373, 'range': 1.5533661261633116, 'nugget': 0.10645697806169171}}"
