location_id,point_name,easting,northing,lon,lat,utm_zone_epsg,elev_oefa,elev_dem,slope_deg,aspect_deg,stratum,sample_type,sector,date,analyte,role,value,censored,reported_limit,resolution,unit,eca_agricultural,eca_residential,eca_industrial,dist_waste_dump_m,dist_adit_m,dist_any_working_m,dist_city_m,coord_flag,description
L001,SB8F,502403,8583970,-74.97785735714213,-12.80914460637278,32718,4132.0,4125.0,8.638568760131415,7.840759113543399,potential_interest,simple,Santa Barbara,2018-07-22,Ag,censoring gradient,,True,0.6,0.1,mg/kg,,,,79.81227975693966,625.511790456423,79.81227975693966,2492.0493322216385,False,"Área de potencial interés ubicada a ambos márgenes de la quebrada Santa Bárbara, contigua al depósito de relaves santa bárbara, Sector Santa Bárbara"
L002,SB8A,502414,8583994,-74.97775601576964,-12.808927569479387,32718,4123.0,4119.0,8.79220311190414,285.24771223722166,potential_interest,simple,Santa Barbara,2018-07-22,Ag,censoring gradient,,True,0.6,0.1,mg/kg,,,,79.88116173416608,599.3229513375906,79.88116173416608,2467.1752018551233,False,"Área de potencial interés ubicada a ambos márgenes de la quebrada Santa Bárbara, contigua al depósito de relaves santa bárbara, Sector Santa Bárbara"
L003,SB8B,502417,8583991,-74.97772836966361,-12.80895469568704,32718,4122.0,4119.0,8.79220311190414,285.24771223722166,potential_interest,simple,Santa Barbara,2018-07-22,Ag,censoring gradient,21.9,False,0.6,0.1,mg/kg,,,,75.71657678474378,600.2882640865137,75.71657678474378,2469.907789875542,False,"Área de potencial interés ubicada a ambos márgenes de la quebrada Santa Bárbara, contigua al depósito de relaves santa bárbara, Sector Santa Bárbara"
L004,SB8E,502425,8583964,-74.97765463154732,-12.809198846336493,32718,4136.0,4125.0,8.638568760131415,7.840759113543399,potential_interest,simple,Santa Barbara,2018-07-22,Ag,censoring gradient,,True,0.6,0.1,mg/kg,,,,57.0087712549569,619.4295763038765,57.0087712549569,2496.1529942625552,False,"Área de potencial interés ubicada a ambos márgenes de la quebrada Santa Bárbara, contigua al depósito de relaves santa bárbara, Sector Santa Bárbara"
L005,SB8D,502437,8583932,-74.977544030912,-12.80948820805831,32718,4137.0,4127.0,10.256813074807066,331.2458746678426,potential_interest,simple,Santa Barbara,2018-07-22,Ag,censoring gradient,,True,0.6,0.1,mg/kg,,,,46.238512086787566,641.8138359368704,46.238512086787566,2527.121699148091,False,"Área de potencial interés ubicada a ambos márgenes de la quebrada Santa Bárbara, contigua al depósito de relaves santa bárbara, Sector Santa Bárbara"
L006,SB8C,502452,8583966,-74.977405839379,-12.809180739412257,32718,4135.0,4124.0,8.683742038366594,282.3019392702787,potential_interest,simple,Santa Barbara,2018-07-22,Ag,censoring gradient,,True,0.6,0.1,mg/kg,,,,32.7566787083184,604.7280380468562,32.7566787083184,2492.123496910117,False,"Área de potencial interés ubicada a ambos márgenes de la quebrada Santa Bárbara, contigua al depósito de relaves santa bárbara, Sector Santa Bárbara"
L007,SB9A,502640,8584504,-74.97567396419547,-12.804315532106001,32718,4224.0,4213.0,17.57325661129504,264.10245426498057,potential_interest,simple,Santa Barbara,2018-07-22,Ag,censoring gradient,,True,0.6,0.1,mg/kg,,,,83.2946576918352,92.02173656261873,83.2946576918352,1948.0531542153374,False,"Área de potencial interés contigua al depósito de desmonte DSB-7, Sector Santa Bárbara"
L008,SB9B,502663,8584492,-74.9754620223416,-12.804424026662744,32718,4230.0,4213.0,17.57325661129504,264.10245426498057,potential_interest,simple,Santa Barbara,2018-07-22,Ag,censoring gradient,,True,0.6,0.1,mg/kg,,,,60.207972893961475,69.72087205421343,60.207972893961475,1960.3461574035143,False,"Área de potencial interés contigua al depósito de desmonte DSB-7, Sector Santa Bárbara"
L009,SB9C,502679,8584508,-74.9753146058455,-12.804279327272463,32718,4237.0,4224.0,15.095725004835451,259.5743484800445,potential_interest,simple,Santa Barbara,2018-07-22,Ag,censoring gradient,,True,0.6,0.1,mg/kg,,,,45.35416188179427,53.33854141237835,45.35416188179427,1944.715074441955,False,"Área de potencial interés contigua al depósito de desmonte DSB-7, Sector Santa Bárbara"
L010,SB9D,502696,8584500,-74.97515795386748,-12.80435165535558,32718,4243.0,4222.0,15.120204537517571,265.6831567036818,potential_interest,simple,Santa Barbara,2018-07-22,Ag,censoring gradient,2.3,False,0.6,0.1,mg/kg,,,,27.16615541441225,36.05551275463989,27.16615541441225,1953.2431195067497,False,"Área de potencial interés contigua al depósito de desmonte DSB-7, Sector Santa Bárbara"
L011,HPA-07/S-3,502818,8585047,-74.9740343022048,-12.799405106563837,32718,4172.0,4168.0,15.11290557580748,52.95229861705745,unlabelled,simple,Unassigned,2018-09-09,Ag,censoring gradient,,True,0.6,0.1,mg/kg,,,,558.1442465886395,232.43278598338918,232.43278598338918,1417.9963601366787,False,Zona de pajonal de ichu
L012,HPA-07/S-2,502853,8585053,-74.97371180982714,-12.799350817464587,32718,4161.0,4156.0,9.304055068175138,322.6101135718888,unlabelled,simple,Unassigned,2018-09-09,Ag,censoring gradient,6.2,False,0.6,0.1,mg/kg,,,,570.9956216995013,251.3483638299641,251.3483638299641,1417.222393853772,False,Zona de pajonal de ichu
L013,SB3B,503265,8580774,-74.96991095469548,-12.838044727074738,32718,4430.0,4418.0,12.77194199717936,312.991945916185,potential_interest,simple,Yanamina,2018-07-19,Ag,censoring gradient,,True,0.6,0.1,mg/kg,,,,24.186773244895647,47.853944456021594,24.186773244895647,5713.793288806527,False,"Área de potencial interés ubicada conligua al botadero de desmonte DY-12; bofedal aportante de la quebrada Carnicería, sector Yanamina"
L014,SB3D,503276,8580817,-74.96980962912515,-12.837655873860735,32718,4426.0,4422.0,16.321447496129256,301.86101493010085,potential_interest,simple,Yanamina,2018-07-19,Ag,censoring gradient,,True,0.6,0.1,mg/kg,,,,42.05948168962618,71.55417527999327,42.05948168962618,5672.31364667532,False,"Área de potencial interés ubicada conligua al botadero de desmonte DY-12; bofedal aportante de la quebrada Carnicería, sector Yanamina"
L015,SB3C,503283,8580806,-74.96974510789836,-12.837755337546717,32718,4437.0,4422.0,16.321447496129256,301.86101493010085,potential_interest,simple,Yanamina,2018-07-19,Ag,censoring gradient,,True,0.6,0.1,mg/kg,,,,29.614185789921695,58.60034129593445,29.614185789921695,5684.045670980024,False,"Área de potencial interés ubicada conligua al botadero de desmonte DY-12; bofedal aportante de la quebrada Carnicería, sector Yanamina"
L016,SB3A,503300,8580804,-74.96958844013987,-12.837773405118815,32718,4436.0,4422.0,16.321447496129256,301.86101493010085,potential_interest,simple,Yanamina,2018-07-19,Ag,censoring gradient,,True,0.6,0.1,mg/kg,,,,29.154759474226502,51.62363799656123,29.154759474226502,5688.020136749736,False,"Área de potencial interés ubicada conligua al botadero de desmonte DY-12; bofedal aportante de la quebrada Carnicería, sector Yanamina"
L017,SB10F,503526,8583424,-74.967508748803,-12.81408092656888,32718,4369.0,4355.0,12.661059578500602,152.52930933571366,potential_interest,simple,Santa Barbara,2018-07-22,Ag,censoring gradient,,True,0.6,0.1,mg/kg,,,,63.198101237299845,1338.8502530156238,63.198101237299845,3158.783890003854,False,"Área de potencial interés contigua al depósito de desmonte DSB-12, Sector Santa Bárbara"
L018,SB10D,503536,8583371,-74.96741653959235,-12.814560185887926,32718,4358.0,4350.0,10.535857653263713,138.0396844200064,potential_interest,simple,Santa Barbara,2018-07-22,Ag,censoring gradient,,True,0.6,0.1,mg/kg,,,,116.1077086157504,1387.6516133381606,116.1077086157504,3212.4419466617146,False,"Área de potencial interés contigua al depósito de desmonte DSB-12, Sector Santa Bárbara"
L019,SB10B,503544,8583333,-74.96734277709704,-12.81490380479696,32718,4350.0,4337.0,12.942362440728141,125.74005009545424,potential_interest,simple,Santa Barbara,2018-07-22,Ag,censoring gradient,,True,0.6,0.1,mg/kg,,,,154.5477272560163,1423.342896142739,154.5477272560163,3251.153592473058,False,"Área de potencial interés contigua al depósito de desmonte DSB-12, Sector Santa Bárbara"
L020,SB10G,503549,8583443,-74.9672968314623,-12.813909086293327,32718,4374.0,4361.0,12.779117086609444,161.89944711556404,potential_interest,simple,Santa Barbara,2018-07-22,Ag,censoring gradient,,True,0.6,0.1,mg/kg,,,,47.53945729601885,1337.5238315633856,47.53945729601885,3147.239779848749,False,"Área de potencial interés contigua al depósito de desmonte DSB-12, Sector Santa Bárbara"
L021,SB10E,503551,8583396,-74.96727834709546,-12.814334097656188,32718,4362.0,4346.0,11.30225446026126,144.49874181965095,potential_interest,simple,Santa Barbara,2018-07-22,Ag,censoring gradient,2.9,False,0.6,0.1,mg/kg,,,,93.17188417113823,1376.2256355699817,93.17188417113823,3192.7837097900156,False,"Área de potencial interés contigua al depósito de desmonte DSB-12, Sector Santa Bárbara"
L022,SB10C,503557,8583354,-74.96722300936813,-12.81471389020064,32718,4354.0,4343.0,12.13762374614636,132.9126817052527,potential_interest,simple,Santa Barbara,2018-07-22,Ag,censoring gradient,1.9,False,0.6,0.1,mg/kg,,,,135.51752654177244,1413.6933896711832,135.51752654177244,3234.7281657518292,False,"Área de potencial interés contigua al depósito de desmonte DSB-12, Sector Santa Bárbara"
L023,SB10A,503564,8583312,-74.96715845667572,-12.815093681572602,32718,4362.0,4337.0,12.942362440728141,125.74005009545424,potential_interest,simple,Santa Barbara,2018-07-22,Ag,censoring gradient,,True,0.6,0.1,mg/kg,,,,178.08424972467387,1452.0068870360085,178.08424972467387,3276.970977430185,False,"Área de potencial interés contigua al depósito de desmonte DSB-12, Sector Santa Bárbara"
L024,SB2B,503607,8580667,-74.96675908107282,-12.839011929779709,32718,4479.0,4472.0,5.9678210402163545,314.45977622386044,potential_interest,simple,Yanamina,2018-07-18,Ag,censoring gradient,,True,0.6,0.1,mg/kg,,,,103.76897416858277,311.12216250212714,103.76897416858277,5867.509805250134,False,"Área de potencial interés ubicada conligua al botadero de desmonte DY-09; sobre un bofedal aportante de la quebrada Carnicería, sector Yanamina"
L025,SB2A,503613,8580679,-74.9667038013446,-12.838903408860128,32718,4480.0,4472.0,5.9678210402163545,314.45977622386044,potential_interest,simple,Yanamina,2018-07-18,Ag,censoring gradient,,True,0.6,0.1,mg/kg,,,,112.16059914247963,313.84868965793055,112.16059914247963,5856.686530097003,False,"Área de potencial interés ubicada conligua al botadero de desmonte DY-09; sobre un bofedal aportante de la quebrada Carnicería, sector Yanamina"
L026,SB11L,503620,8584781,-74.96664417505595,-12.801809673693832,32718,4207.0,4209.0,26.868575521372726,48.825330691832455,potential_interest,simple,Santa Barbara,2018-07-24,Ag,censoring gradient,,True,0.6,0.1,mg/kg,,,,327.1819065902025,878.2055568031894,327.1819065902025,1944.041283327869,False,"Área de potencial interés contigua a la desmontera 2, ubicada 1 km al norte de la ciudad de Huancavelica, Sector Santa Bárbara"
L027,SB2C,503624,8580669,-74.9666024171019,-12.838993824261376,32718,4482.0,4472.0,5.9678210402163545,314.45977622386044,potential_interest,simple,Yanamina,2018-07-18,Ag,censoring gradient,,True,0.6,0.1,mg/kg,,,,98.97979591815695,326.9740050829729,98.97979591815695,5868.403628735295,False,"Área de potencial interés ubicada conligua al botadero de desmonte DY-09; sobre un bofedal aportante de la quebrada Carnicería, sector Yanamina"
L028,SB1D,503627,8580207,-74.96657421806661,-12.843171605946889,32718,4506.0,4500.0,6.16856175579453,274.3168432963182,potential_interest,simple,Yanamina,2018-07-18,Ag,censoring gradient,79.7,False,0.6,0.1,mg/kg,,,,112.8716084761797,96.60745312862771,96.60745312862771,6324.642048606057,False,"Área de potencial interés ubicada debajo del botadero de desmonte DY-06 y contigua a la orilla este de la laguna Suytococha, sector Yanamina"
L029,SB2D,503627,8580642,-74.96657473784319,-12.839237977060506,32718,4480.0,4473.0,5.382353299572041,325.11439823150306,potential_interest,simple,Yanamina,2018-07-18,Ag,censoring gradient,19.7,False,0.6,0.1,mg/kg,,,,72.61542535852834,337.76027001410336,72.61542535852834,5895.520882077542,False,"Área de potencial interés ubicada conligua al botadero de desmonte DY-09; sobre un bofedal aportante de la quebrada Carnicería, sector Yanamina"
L030,SB1F,503632,8580183,-74.96652811024639,-12.84338862784588,32718,4503.0,4498.0,7.052860372455268,197.54971472254823,potential_interest,simple,Yanamina,2018-07-18,Ag,censoring gradient,,True,0.6,0.1,mg/kg,,,,113.54734695271397,73.06161783043132,73.06161783043132,6349.130909772994,False,"Área de potencial interés ubicada debajo del botadero de desmonte DY-06 y contigua a la orilla este de la laguna Suytococha, sector Yanamina"
L031,SB1A,503639,8580246,-74.96646367499258,-12.842818921724128,32718,4496.0,4502.0,10.136458650222988,283.15107561305496,potential_interest,simple,Yanamina,2018-07-18,Ag,censoring gradient,,True,0.6,0.1,mg/kg,,,,103.07764064044152,129.52219886953742,103.07764064044152,6288.057207523232,False,"Área de potencial interés ubicada debajo del botadero de desmonte DY-06 y contigua a la orilla este de la laguna Suytococha, sector Yanamina"
L032,SB1C,503662,8580236,-74.96625169937042,-12.842909322817677,32718,4514.0,4502.0,10.136458650222988,283.15107561305496,potential_interest,simple,Yanamina,2018-07-18,Ag,censoring gradient,,True,0.6,0.1,mg/kg,,,,78.44743462982075,116.21101496846157,78.44743462982075,6301.665445314035,False,"Área de potencial interés ubicada debajo del botadero de desmonte DY-06 y contigua a la orilla este de la laguna Suytococha, sector Yanamina"
L033,SB1E,503664,8580207,-74.96623323273958,-12.843171562337405,32718,4516.0,4508.0,15.40321129741568,276.78332750762286,potential_interest,simple,Yanamina,2018-07-18,Ag,censoring gradient,,True,0.6,0.1,mg/kg,,,,76.2954782408499,87.14355971613737,76.2954782408499,6330.600503880987,False,"Área de potencial interés ubicada debajo del botadero de desmonte DY-06 y contigua a la orilla este de la laguna Suytococha, sector Yanamina"
L034,SB11K,503667,8584812,-74.96621113956833,-12.801529290096935,32718,4192.0,4182.0,14.249695546039948,24.082076037899554,potential_interest,simple,Santa Barbara,2018-07-24,Ag,censoring gradient,,True,0.6,0.1,mg/kg,,,,368.28521555989727,924.1217452262446,368.28521555989727,1942.2288044872726,False,"Área de potencial interés contigua a la desmontera 2, ubicada 1 km al norte de la ciudad de Huancavelica, Sector Santa Bárbara"
L035,SB1B,503671,8580249,-74.96616877280393,-12.842791755438935,32718,4517.0,4507.0,12.649121409787782,274.1575315643479,potential_interest,simple,Yanamina,2018-07-18,Ag,censoring gradient,,True,0.6,0.1,mg/kg,,,,73.53910524340094,129.0155029444136,73.53910524340094,6290.330686409144,False,"Área de potencial interés ubicada debajo del botadero de desmonte DY-06 y contigua a la orilla este de la laguna Suytococha, sector Yanamina"
L036,SB12A,503683,8584548,-74.96606339140882,-12.803916583914456,32718,4255.0,4246.0,24.797694055825083,51.310650958407166,potential_interest,simple,Santa Barbara,2018-07-24,Ag,censoring gradient,,True,0.6,0.1,mg/kg,,,,150.20652449211386,952.111863175751,150.20652449211386,2177.4811088639044,False,"Área de potencial interés contigua a la desmontera 2, ubicada 2 km al norte de la ciudad de Huancavelica, Sector
Santa Bárbara"
L037,SB11C,503689,8585080,-74.96600874943906,-12.799105779413015,32718,4134.0,4112.0,17.117052060340956,46.62057155245583,potential_interest,simple,Santa Barbara,2018-07-24,Ag,censoring gradient,,True,0.6,0.1,mg/kg,,,,633.8532953294476,979.247159812067,633.8532953294476,1735.3095158531653,False,"Área de potencial interés contigua a la desmontera 2, ubicada 1 km al norte de la ciudad de Huancavelica, Sector Santa Bárbara"
L038,SB11A,503692,8585128,-74.9659811649621,-12.798671718854152,32718,4095.0,4098.0,18.409928811848058,50.54421600572451,potential_interest,simple,Santa Barbara,2018-07-24,Ag,censoring gradient,,True,0.6,0.1,mg/kg,,,,681.5137562808252,995.5912816010393,681.5137562808252,1699.492417277152,False,"Área de potencial interés contigua a la desmontera 2, ubicada 1 km al norte de la ciudad de Huancavelica, Sector Santa Bárbara"
L039,SB12B,503702,8584560,-74.96588833255689,-12.803808047096277,32718,4250.0,4237.0,23.392372677409153,37.82610309895478,potential_interest,simple,Santa Barbara,2018-07-24,Ag,censoring gradient,,True,0.6,0.1,mg/kg,,,,172.62966141425406,971.7324734719942,172.62966141425406,2176.322510571999,False,"Área de potencial interés contigua a la desmontera 2, ubicada 2 km al norte de la ciudad de Huancavelica, Sector
Santa Bárbara"
L040,SB11E,503706,8585019,-74.96585203353816,-12.799657373235098,32718,4139.0,4121.0,12.46523192546263,6.459881822193694,potential_interest,simple,Santa Barbara,2018-07-24,Ag,censoring gradient,,True,0.6,0.1,mg/kg,,,,578.2179519869649,981.9536648946324,578.2179519869649,1794.1066740399153,False,"Área de potencial interés contigua a la desmontera 2, ubicada 1 km al norte de la ciudad de Huancavelica, Sector Santa Bárbara"
L041,SB7B,503707,8579765,-74.96583641252553,-12.847168438526705,32718,4498.0,4489.0,2.0916262055509325,206.99969365163813,potential_interest,simple,Yanamina,2018-07-24,Ag,censoring gradient,11.2,False,0.6,0.1,mg/kg,,,,73.76313442364011,357.02801010564986,73.76313442364011,6773.737967249047,False,"Área de potencial interés contigua a los botaderos de desmonte DY -03, DY -04 y DY-05,al sur de la laguna Suytococha (bofedal), sector Yanamina"
L042,SB11J,503707,8584847,-74.96584260997032,-12.801212742744497,32718,4175.0,4164.0,17.1577641957557,28.02784544168128,potential_interest,simple,Santa Barbara,2018-07-24,Ag,censoring gradient,,True,0.6,0.1,mg/kg,,,,414.2088845015278,964.2074465590898,414.2088845015278,1934.8170334203396,False,"Área de potencial interés contigua a la desmontera 2, ubicada 1 km al norte de la ciudad de Huancavelica, Sector Santa Bárbara"
L043,SB11G,503707,8584957,-74.96584274384789,-12.800218028943576,32718,4147.0,4135.0,16.25194266473548,15.674359220306002,potential_interest,simple,Santa Barbara,2018-07-24,Ag,censoring gradient,,True,0.6,0.1,mg/kg,,,,518.6800555255619,972.7260662694302,518.6800555255619,1844.5908879223525,False,"Área de potencial interés contigua a la desmontera 2, ubicada 1 km al norte de la ciudad de Huancavelica, Sector Santa Bárbara"
L044,SB7E,503708,8579859,-74.9658273114419,-12.846318412139535,32718,4503.0,4496.0,5.473641095238119,192.49100040431256,potential_interest,simple,Yanamina,2018-07-24,Ag,censoring gradient,6.3,False,0.6,0.1,mg/kg,,,,29.832867780352597,263.89770745499095,29.832867780352597,6681.120178285547,False,"Área de potencial interés contigua a los botaderos de desmonte DY -03, DY -04 y DY-05,al sur de la laguna Suytococha (bofedal), sector Yanamina"
L045,SB7G,503710,8579962,-74.96580900551274,-12.845386999099265,32718,4512.0,4503.0,5.020682445903572,202.17654469915223,potential_interest,simple,Yanamina,2018-07-24,Ag,censoring gradient,12.9,False,0.6,0.1,mg/kg,,,,127.1416532848303,163.23296235748464,127.1416532848303,6579.8287592428105,False,"Área de potencial interés contigua a los botaderos de desmonte DY -03, DY -04 y DY-05,al sur de la laguna Suytococha (bofedal), sector Yanamina"
L046,SB11B,503712,8585108,-74.96579685656818,-12.798852552083163,32718,4105.0,4101.0,13.345713346640432,6.017761412004106,potential_interest,simple,Santa Barbara,2018-07-24,Ag,censoring gradient,,True,0.6,0.1,mg/kg,,,,666.1088499637277,1008.9212060413836,666.1088499637277,1727.615283748859,False,"Área de potencial interés contigua a la desmontera 2, ubicada 1 km al norte de la ciudad de Huancavelica, Sector Santa Bárbara"
L047,SB12C,503715,8584594,-74.96576858699709,-12.803500574634262,32718,4241.0,4228.0,20.146939429244547,55.566303354374305,potential_interest,simple,Santa Barbara,2018-07-24,Ag,censoring gradient,,True,0.6,0.1,mg/kg,,,,204.04411287758342,987.2958016724268,204.04411287758342,2153.372036588449,False,"Área de potencial interés contigua a la desmontera 2, ubicada 2 km al norte de la ciudad de Huancavelica, Sector
Santa Bárbara"
L048,SB7C,503716,8579799,-74.9657535104818,-12.846860971810948,32718,4499.0,4491.0,4.412313855758794,212.49299499089238,potential_interest,simple,Yanamina,2018-07-24,Ag,censoring gradient,13.3,False,0.6,0.1,mg/kg,,,,38.600518131237564,324.4225639501667,38.600518131237564,6741.624102519699,False,"Área de potencial interés contigua a los botaderos de desmonte DY -03, DY -04 y DY-05,al sur de la laguna Suytococha (bofedal), sector Yanamina"
L049,SB11D,503716,8585058,-74.96575993874448,-12.799304689989606,32718,4114.0,4107.0,13.715516323265057,0.0,potential_interest,simple,Santa Barbara,2018-07-24,Ag,censoring gradient,,True,0.6,0.1,mg/kg,,,,618.4795873753636,1000.0449989875456,618.4795873753636,1769.2527169163575,False,"Área de potencial interés contigua a la desmontera 2, ubicada 1 km al norte de la ciudad de Huancavelica, Sector Santa Bárbara"
L050,SB7J,503717,8580067,-74.9657446228273,-12.84443749434135,32718,4517.0,4507.0,13.788246537724806,265.24607548179307,potential_interest,simple,Yanamina,2018-07-24,Ag,censoring gradient,55.9,False,0.6,0.1,mg/kg,,,,83.54639429682169,71.50524456289902,71.50524456289902,6477.460003629833,False,"Área de potencial interés contigua a los botaderos de desmonte DY -03, DY -04 y DY-05,al sur de la laguna Suytococha (bofedal), sector Yanamina"
L051,SB7I,503718,8580034,-74.9657353665294,-12.844735906285893,32718,4516.0,4508.0,10.129434896637791,273.9165899912398,potential_interest,simple,Yanamina,2018-07-24,Ag,censoring gradient,15.5,False,0.6,0.1,mg/kg,,,,105.43718509140881,98.97979591815695,98.97979591815695,6510.158946840717,False,"Área de potencial interés contigua a los botaderos de desmonte DY -03, DY -04 y DY-05,al sur de la laguna Suytococha (bofedal), sector Yanamina"
L052,SB7F,503721,8579923,-74.96570758278322,-12.845739655939022,32718,4511.0,4501.0,2.7945109775890815,180.0,potential_interest,simple,Yanamina,2018-07-24,Ag,censoring gradient,13.5,False,0.6,0.1,mg/kg,,,,87.20665112249179,203.74739262135355,87.20665112249179,6620.1092068302205,False,"Área de potencial interés contigua a los botaderos de desmonte DY -03, DY -04 y DY-05,al sur de la laguna Suytococha (bofedal), sector Yanamina"
L053,SB7D,503722,8579819,-74.96569823929283,-12.846680108172036,32718,4500.0,4494.0,5.216924580962116,206.99969365163813,potential_interest,simple,Yanamina,2018-07-24,Ag,censoring gradient,3.5,False,0.6,0.1,mg/kg,,,,17.72004514666935,305.6304958606062,17.72004514666935,6722.862874870681,False,"Área de potencial interés contigua a los botaderos de desmonte DY -03, DY -04 y DY-05,al sur de la laguna Suytococha (bofedal), sector Yanamina"
L054,SB7A,503723,8579759,-74.96568894971874,-12.847222676227805,32718,4498.0,4491.0,4.983457093280994,221.72203945890237,potential_interest,simple,Yanamina,2018-07-24,Ag,censoring gradient,11.0,False,0.6,0.1,mg/kg,,,,77.10382610480494,365.0164379860173,77.10382610480494,6782.229574016775,False,"Área de potencial interés contigua a los botaderos de desmonte DY -03, DY -04 y DY-05,al sur de la laguna Suytococha (bofedal), sector Yanamina"
L055,SB11F,503723,8584988,-74.96569535362083,-12.799937681344371,32718,4143.0,4129.0,13.655856023646944,13.81896465066032,potential_interest,simple,Santa Barbara,2018-07-24,Ag,censoring gradient,,True,0.6,0.1,mg/kg,,,,552.9575028878802,993.1369492673203,552.9575028878802,1829.1030631388346,False,"Área de potencial interés contigua a la desmontera 2, ubicada 1 km al norte de la ciudad de Huancavelica, Sector Santa Bárbara"
L056,SB11I,503725,8584898,-74.96567681506198,-12.800751535712367,32718,4164.0,4153.0,11.666042520516278,15.128631184780602,potential_interest,simple,Santa Barbara,2018-07-24,Ag,censoring gradient,1.9,False,0.6,0.1,mg/kg,,,,468.2841018014598,984.5633549955026,468.2841018014598,1903.0578425302072,False,"Área de potencial interés contigua a la desmontera 2, ubicada 1 km al norte de la ciudad de Huancavelica, Sector Santa Bárbara"
L057,SB4B,503732,8581657,-74.96560833906184,-12.830059380308956,32718,4369.0,4354.0,18.480100347715993,332.683717802282,potential_interest,simple,Yanamina,2018-07-19,Ag,censoring gradient,,True,0.6,0.1,mg/kg,,,,93.2148056909416,961.2075738361616,93.2148056909416,4920.7933922409,False,"Área de potencial interés ubicada contigua al botadero de desmonte DY-18; bofedal aportante de la quebrada Carnicería, sector Yanamina"
L058,SB4A,503733,8581685,-74.96559915812166,-12.82980617978854,32718,4358.0,4345.0,14.649879899648225,336.64552947215435,potential_interest,simple,Yanamina,2018-07-19,Ag,censoring gradient,,True,0.6,0.1,mg/kg,,,,120.81390648431164,970.7734030143183,120.81390648431164,4893.7391882147895,False,"Área de potencial interés ubicada contigua al botadero de desmonte DY-18; bofedal aportante de la quebrada Carnicería, sector Yanamina"
L059,SB7L,503738,8580090,-74.96555111797848,-12.844229484106759,32718,4524.0,4516.0,15.378403595224352,231.59954439154282,potential_interest,simple,Yanamina,2018-07-24,Ag,censoring gradient,148.2,False,0.6,0.1,mg/kg,,,,52.630789467763066,75.23961722390672,52.630789467763066,6458.370431610005,False,"Área de potencial interés contigua a los botaderos de desmonte DY -03, DY -04 y DY-05,al sur de la laguna Suytococha (bofedal), sector Yanamina"
L060,SB4D,503740,8581614,-74.9655345633934,-12.83044821245132,32718,4367.0,4370.0,16.218115443452895,319.0397673029467,potential_interest,simple,Yanamina,2018-07-19,Ag,censoring gradient,,True,0.6,0.1,mg/kg,,,,49.49747468305833,938.9190593443079,49.49747468305833,4964.491826395352,False,"Área de potencial interés ubicada contigua al botadero de desmonte DY-18; bofedal aportante de la quebrada Carnicería, sector Yanamina"
L061,SB7H,503742,8579997,-74.96551413986461,-12.845070461767586,32718,4514.0,4510.0,7.653537367571345,218.0920082762951,potential_interest,simple,Yanamina,2018-07-24,Ag,censoring gradient,6.8,False,0.6,0.1,mg/kg,,,,115.96551211459379,143.0314650697531,115.96551211459379,6550.682314870827,False,"Área de potencial interés contigua a los botaderos de desmonte DY -03, DY -04 y DY-05,al sur de la laguna Suytococha (bofedal), sector Yanamina"
L062,SB11H,503742,8584949,-74.9655202350142,-12.800290329767154,32718,4152.0,4138.0,14.321246389470344,340.06387464580735,potential_interest,simple,Santa Barbara,2018-07-24,Ag,censoring gradient,,True,0.6,0.1,mg/kg,,,,522.0153254455275,1006.4218797303644,522.0153254455275,1871.7263046220519,False,"Área de potencial interés contigua a la desmontera 2, ubicada 1 km al norte de la ciudad de Huancavelica, Sector Santa Bárbara"
L063,SB4C,503743,8581638,-74.96550694689212,-12.830231180848704,32718,4364.0,4365.0,17.633522557672713,324.9853664243836,potential_interest,simple,Yanamina,2018-07-19,Ag,censoring gradient,,True,0.6,0.1,mg/kg,,,,73.10950690573696,944.174771956972,73.10950690573696,4941.783156142935,False,"Área de potencial interés ubicada contigua al botadero de desmonte DY-18; bofedal aportante de la quebrada Carnicería, sector Yanamina"
L064,SB12D,503743,8584613,-74.9655106078096,-12.803328726818043,32718,4231.0,4217.0,12.13762374614636,47.087318294747284,potential_interest,simple,Santa Barbara,2018-07-24,Ag,censoring gradient,,True,0.6,0.1,mg/kg,,,,237.64890069175578,1017.0752184573174,237.64890069175578,2151.396675440131,False,"Área de potencial interés contigua a la desmontera 2, ubicada 2 km al norte de la ciudad de Huancavelica, Sector
Santa Bárbara"
L065,SB7K,503744,8580069,-74.96549579692086,-12.844419376127476,32718,4523.0,4514.0,11.54387024255555,248.99350579489123,potential_interest,simple,Yanamina,2018-07-24,Ag,censoring gradient,48.0,False,0.6,0.1,mg/kg,,,,64.35060217278468,90.69729874698585,64.35060217278468,6480.090111388096,False,"Área de potencial interés contigua a los botaderos de desmonte DY -03, DY -04 y DY-05,al sur de la laguna Suytococha (bofedal), sector Yanamina"
L066,SB13B,503801,8584252,-74.96497572367258,-12.806593125069208,32718,4309.0,4310.0,12.020263587511481,76.74741437946496,potential_interest,simple,Santa Barbara,2018-07-24,Ag,censoring gradient,1.9,False,0.6,0.1,mg/kg,,,,68.00735254367721,1097.843795810679,68.00735254367721,2493.886285263195,False,"Área de potencial interés contigua a la desmontera 2, ubicada 2 km al norte de la ciudad de Huancavelica, Sector Santa Bárbara"
L067,SB13C,503817,8584221,-74.96482825298429,-12.806873433727189,32718,4310.0,4307.0,8.79920101731439,3.0700345369666593,potential_interest,simple,Santa Barbara,2018-07-24,Ag,censoring gradient,3.0,False,0.6,0.1,mg/kg,,,,40.718546143004666,1120.7970378262069,40.718546143004666,2528.768488764701,False,"Área de potencial interés contigua a la desmontera 2, ubicada 2 km al norte de la ciudad de Huancavelica, Sector Santa Bárbara"
L068,SB13A,503822,8584263,-74.96478223321901,-12.806493627931895,32718,4308.0,4300.0,12.662204961454663,33.607600059779855,potential_interest,simple,Santa Barbara,2018-07-24,Ag,censoring gradient,,True,0.6,0.1,mg/kg,,,,82.00609733428362,1115.894708294649,82.00609733428362,2494.185135631263,False,"Área de potencial interés contigua a la desmontera 2, ubicada 2 km al norte de la ciudad de Huancavelica, Sector Santa Bárbara"
L069,SB13D,503835,8584217,-74.96466238696497,-12.806909582919877,32718,4312.0,4307.0,8.79920101731439,3.0700345369666593,potential_interest,simple,Santa Barbara,2018-07-24,Ag,censoring gradient,,True,0.6,0.1,mg/kg,,,,48.104053883222775,1139.2251752836223,48.104053883222775,2540.8101018130437,False,"Área de potencial interés contigua a la desmontera 2, ubicada 2 km al norte de la ciudad de Huancavelica, Sector Santa Bárbara"
L070,SB13E,503845,8584200,-74.96457022049113,-12.807063298962268,32718,4315.0,4310.0,9.913411855491505,320.1800757627085,potential_interest,simple,Santa Barbara,2018-07-24,Ag,censoring gradient,,True,0.6,0.1,mg/kg,,,,47.75981574503821,1153.2445534230803,47.75981574503821,2560.5204762448916,False,"Área de potencial interés contigua a la desmontera 2, ubicada 2 km al norte de la ciudad de Huancavelica, Sector Santa Bárbara"
L071,HPA-03/S-1,504122,8581408,-74.96201401788463,-12.832310550701548,32718,4416.0,4409.0,14.348578626496392,345.9323236961409,unlabelled,simple,Unassigned,2018-09-08,Ag,censoring gradient,,True,0.6,0.1,mg/kg,,,,406.5390510147826,515.5938323913505,406.5390510147826,5261.036837174088,False,"Zona de pajonal de ichu, rodeado al este y noreste por bofedales"
L072,HPA-03/S-2 | HPA-07/S-1,504131,8581424,-74.96193110083027,-12.832165853413107,32718,4414.0,4409.0,14.348578626496392,345.9323236961409,unlabelled,simple,Unassigned,2018-09-08,Ag,censoring gradient,3.7000000000000006,False,0.6,0.1,mg/kg,,,,409.0684539291682,510.13135563303695,409.0684539291682,5248.271746336201,True,Zona final de ladera con presencia de pastizal ralo
L073,SB5A,504310,8580835,-74.96028070509071,-12.837491835521167,32718,4508.0,4501.0,9.965424572589395,22.176544699152217,potential_interest,simple,Yanamina,2018-07-20,Ag,censoring gradient,21.2,False,0.6,0.1,mg/kg,,,,64.32728814430156,570.7889277132134,64.32728814430156,5863.865568110628,False,"Área de potencial interés ubicada contigua a los botaderos de desmonte DY-13 y DY-14, sector Yanamina"
L074,SB5C,504322,8580786,-74.96017004799732,-12.837934917295788,32718,4517.0,4513.0,13.354411255048433,26.999693651638133,potential_interest,simple,Yanamina,2018-07-20,Ag,censoring gradient,30.8,False,0.6,0.1,mg/kg,,,,28.653097563788805,605.9414163101908,28.653097563788805,5914.248467063949,False,"Área de potencial interés ubicada contigua a los botaderos de desmonte DY-13 y DY-14, sector Yanamina"
L075,SB5B,504343,8580820,-74.95997656843673,-12.837627431784398,32718,4508.0,4501.0,8.068828436907648,341.23844718718937,potential_interest,simple,Yanamina,2018-07-20,Ag,censoring gradient,,True,0.6,0.1,mg/kg,,,,66.48308055437865,565.9911660087992,66.48308055437865,5887.771592252687,False,"Área de potencial interés ubicada contigua a los botaderos de desmonte DY-13 y DY-14, sector Yanamina"
L076,SB5E,504344,8580765,-74.9599672741314,-12.838124785845938,32718,4525.0,4510.0,10.802890386669025,16.403827229696162,potential_interest,simple,Yanamina,2018-07-20,Ag,censoring gradient,,True,0.6,0.1,mg/kg,,,,14.866068747318506,613.6709215858284,14.866068747318506,5940.693058797538,False,"Área de potencial interés ubicada contigua a los botaderos de desmonte DY-13 y DY-14, sector Yanamina"
L077,NFSB-4,504351,8584773,-74.95990849948657,-12.801881077699838,32718,4199.0,4193.0,22.11918229980773,118.71007139767552,background,composite,Santa Barbara,2018-07-25,Ag,censoring gradient,,True,0.6,0.1,mg/kg,,,,806.5494405180627,1608.9064609230707,806.5494405180627,2406.8545079354994,False,Parcelas ubicadas en el sector Santa Bárbara
L078,SB5D,504361,8580785,-74.9598106370607,-12.837943905402684,32718,4515.0,4510.0,8.361133594433927,340.21835740229136,potential_interest,simple,Yanamina,2018-07-20,Ag,censoring gradient,,True,0.6,0.1,mg/kg,,,,31.78049716414141,588.102882155835,31.78049716414141,5926.50298433465,False,"Área de potencial interés ubicada contigua a los botaderos de desmonte DY-13 y DY-14, sector Yanamina"
L079,NFSB-3,504395,8584773,-74.95950306953617,-12.801881015697255,32718,4189.0,4174.0,17.131390730601275,138.78116585511867,background,composite,Santa Barbara,2018-07-25,Ag,censoring gradient,,True,0.6,0.1,mg/kg,,,,837.2251787900314,1652.8823309600716,837.2251787900314,2438.573407084306,False,Parcelas ubicadas en el sector Santa Bárbara
L080,NFSB-5,504395,8584817,-74.95950313303119,-12.801483130234883,32718,4196.0,4189.0,14.64826267601103,137.00626003428306,background,composite,Santa Barbara,2018-07-25,Ag,censoring gradient,,True,0.6,0.1,mg/kg,,,,868.7427697540855,1652.0302660665755,868.7427697540855,2408.4899207046387,False,Parcelas ubicadas en el sector Santa Bárbara
L081,NFY-15,504405,8581013,-74.95940548015933,-12.835882078466964,32718,4493.0,4475.0,6.649457856745024,12.318042996826037,background,composite,Yanamina,2018-07-23,Ag,censoring gradient,,True,0.6,0.1,mg/kg,,,,263.97348351681086,370.600863463646,263.97348351681086,5722.397953848453,False,"Parcelas ubicadas sobre el bofedal del paraje Cumallipata, sector Yanamina "
L082,NFSB-2,504439,8584773,-74.95909763958792,-12.80188095307082,32718,4182.0,4168.0,15.144643258137434,150.65410618155724,background,composite,Santa Barbara,2018-07-25,Ag,censoring gradient,,True,0.6,0.1,mg/kg,,,,869.0466040437648,1696.8594520466331,869.0466040437648,2470.6687153700077,False,Parcelas ubicadas en el sector Santa Bárbara
L083,NFSB-11,504439,8584860,-74.95909776638969,-12.801094224989876,32718,4202.0,4190.0,16.19218688113056,134.45977622386044,background,composite,Santa Barbara,2018-07-25,Ag,censoring gradient,,True,0.6,0.1,mg/kg,,,,930.2134163728235,1696.3210191470246,930.2134163728235,2412.390056916873,False,Parcelas ubicadas en el sector Santa Bárbara
L084,NFSB-6,504440,8584816,-74.95908848795824,-12.801492109031432,32718,4189.0,4184.0,14.031007517668728,133.12837677809904,background,composite,Santa Barbara,2018-07-25,Ag,censoring gradient,,True,0.6,0.1,mg/kg,,,,899.4576143432218,1697.0356507746087,899.4576143432218,2442.3931587928605,False,Parcelas ubicadas en el sector Santa Bárbara
L085,NFY-14,504449,8581028,-74.9590000177867,-12.835746373107328,32718,4492.0,4478.0,6.666088825278639,334.8112269478744,background,composite,Yanamina,2018-07-23,Ag,censoring gradient,,True,0.6,0.1,mg/kg,,,,290.0017241328058,333.16962646675944,290.0017241328058,5722.004612846876,False,"Parcelas ubicadas sobre el bofedal del paraje Cumallipata, sector Yanamina "
L086,SB6B,504483,8581394,-74.95868722935931,-12.83243664859473,32718,4453.0,4435.0,1.2099628131529876,281.10394170963525,potential_interest,simple,Yanamina,2018-07-23,Ag,censoring gradient,,True,0.6,0.1,mg/kg,,,,158.93709447451215,168.0773631397161,158.93709447451215,5387.950057546948,False,"Área de potencial interés ubicada en· el bofedal del paraje Cumallipata, contigua al botadero de desmonte DY-15 y  bocamina BY-06; sector Yanamina."
L087,NFSB-1,504483,8584772,-74.95869220816984,-12.801889932671722,32718,4173.0,4163.0,14.51299025948978,144.79751140277082,background,composite,Santa Barbara,2018-07-25,Ag,censoring gradient,,True,0.6,0.1,mg/kg,,,,901.2397017442141,1740.8690358553683,901.2397017442141,2503.7968274775344,False,Parcelas ubicadas en el sector Santa Bárbara
L088,NFSB-7,504483,8584816,-74.95869227293623,-12.801492047213662,32718,4183.0,4173.0,12.44569453021487,122.309468312076,background,composite,Santa Barbara,2018-07-25,Ag,censoring gradient,,True,0.6,0.1,mg/kg,,,,930.5444642788436,1740.034769767547,930.5444642788436,2474.488631956842,False,Parcelas ubicadas en el sector Santa Bárbara
L089,NFSB-10,504483,8584860,-74.95869233770047,-12.8010941617436,32718,4194.0,4177.0,14.414338425746744,129.27510483422822,background,composite,Santa Barbara,2018-07-25,Ag,censoring gradient,,True,0.6,0.1,mg/kg,,,,960.9708632419612,1740.3129028999354,960.9708632419612,2445.6208671993127,False,Parcelas ubicadas en el sector Santa Bárbara
L090,SB6A,504491,8581435,-74.95861356655124,-12.83206588095476,32718,4455.0,4435.0,3.135699354991769,26.999693651638133,potential_interest,simple,Yanamina,2018-07-23,Ag,censoring gradient,,True,0.6,0.1,mg/kg,,,,179.6941846582688,186.1316738225926,179.6941846582688,5352.261039212821,False,"Área de potencial interés ubicada en· el bofedal del paraje Cumallipata, contigua al botadero de desmonte DY-15 y  bocamina BY-06; sector Yanamina."
L091,NFY-13,504493,8581028,-74.95859453365824,-12.83574630954204,32718,4493.0,4480.0,5.632457622719263,335.1464829457472,background,composite,Yanamina,2018-07-23,Ag,censoring gradient,,True,0.6,0.1,mg/kg,,,,301.3585903869342,311.746692043396,301.3585903869342,5736.1705369357915,False,"Parcelas ubicadas sobre el bofedal del paraje Cumallipata, sector Yanamina "
L092,SB6D,504521,8581360,-74.95833699249846,-12.832744049554446,32718,4455.0,4438.0,6.423394273023185,263.777316353365,potential_interest,simple,Yanamina,2018-07-23,Ag,censoring gradient,,True,0.6,0.1,mg/kg,,,,108.55873986004075,118.53269591129698,108.55873986004075,5433.014259752845,False,"Área de potencial interés ubicada en· el bofedal del paraje Cumallipata, contigua al botadero de desmonte DY-15 y  bocamina BY-06; sector Yanamina."
L093,NFSB-8,504527,8584816,-74.95828684361355,-12.801491983341519,32718,4176.0,4167.0,11.439261942747423,122.87191669350793,background,composite,Santa Barbara,2018-07-25,Ag,censoring gradient,,True,0.6,0.1,mg/kg,,,,963.303171384793,1784.0339122337332,963.303171384793,2507.6685644344966,False,Parcelas ubicadas en el sector Santa Bárbara
L094,NFSB-9,504527,8584860,-74.95828690901342,-12.801094097873515,32718,4184.0,4170.0,13.105692790968945,131.60057028821885,background,composite,Santa Barbara,2018-07-25,Ag,censoring gradient,,True,0.6,0.1,mg/kg,,,,992.7260447877853,1784.3051869004921,992.7260447877853,2479.187178381262,False,Parcelas ubicadas en el sector Santa Bárbara
L095,NFSB-12,504527,8584903,-74.95828697292481,-12.800705255245468,32718,4196.0,4177.0,14.678005669066339,139.54696774696325,background,composite,Santa Barbara,2018-07-25,Ag,censoring gradient,,True,0.6,0.1,mg/kg,,,,1022.4920537588544,1785.6181002666835,1022.4920537588544,2451.796385235992,False,Parcelas ubicadas en el sector Santa Bárbara
L096,SB6C,504528,8581408,-74.95827255597534,-12.8323099834774,32718,4455.0,4437.0,6.221861426415022,299.0152973301201,potential_interest,simple,Yanamina,2018-07-23,Ag,censoring gradient,,True,0.6,0.1,mg/kg,,,,134.9518432626987,140.71602609511115,134.9518432626987,5390.518275125792,False,"Área de potencial interés ubicada en· el bofedal del paraje Cumallipata, contigua al botadero de desmonte DY-15 y  bocamina BY-06; sector Yanamina."
L097,NFY-12,504537,8581014,-74.95818902861596,-12.83587284494121,32718,4498.0,4481.0,3.9865520492539863,314.45977622386044,background,composite,Yanamina,2018-07-23,Ag,censoring gradient,,True,0.6,0.1,mg/kg,,,,300.048329440442,308.71669860893496,300.048329440442,5763.844918759333,False,"Parcelas ubicadas sobre el bofedal del paraje Cumallipata, sector Yanamina "
L098,SB6E,504555,8581362,-74.95802367057195,-12.832725914051892,32718,4458.0,4443.0,11.66117966968472,259.78258960172616,potential_interest,simple,Yanamina,2018-07-23,Ag,censoring gradient,,True,0.6,0.1,mg/kg,,,,82.73451516749222,90.21086409075129,82.73451516749222,5443.093021655085,False,"Área de potencial interés ubicada en· el bofedal del paraje Cumallipata, contigua al botadero de desmonte DY-15 y  bocamina BY-06; sector Yanamina."
L099,SB6F,504557,8581322,-74.9580051796866,-12.833087624301559,32718,4459.0,4440.0,10.833612260099889,274.87734924529724,potential_interest,simple,Yanamina,2018-07-23,Ag,censoring gradient,,True,0.6,0.1,mg/kg,,,,59.77457653551382,72.18032973047436,59.77457653551382,5481.220679589928,False,"Área de potencial interés ubicada en· el bofedal del paraje Cumallipata, contigua al botadero de desmonte DY-15 y  bocamina BY-06; sector Yanamina."
L100,NFSB-13,504571,8584904,-74.95788154636189,-12.800696147901688,32718,4191.0,4172.0,12.600274015102363,190.68664906536983,background,composite,Santa Barbara,2018-07-25,Ag,censoring gradient,,True,0.6,0.1,mg/kg,,,,1054.9127926042038,1829.6209990049852,1054.9127926042038,2485.435201572643,False,Parcelas ubicadas en el sector Santa Bárbara
L101,SB6G,504590,8581317,-74.95770106223297,-12.83313278969335,32718,4464.0,4450.0,14.650786678732015,267.3245466300252,potential_interest,simple,Yanamina,2018-07-23,Ag,censoring gradient,,True,0.6,0.1,mg/kg,,,,27.294688127912362,38.8329756778952,27.294688127912362,5497.600106586241,False,"Área de potencial interés ubicada en· el bofedal del paraje Cumallipata, contigua al botadero de desmonte DY-15 y  bocamina BY-06; sector Yanamina."
L102,NFY-1,504596,8581217,-74.95764561820009,-12.83403706372296,32718,4459.0,4460.0,12.084739295765347,351.0899804078108,background,composite,Yanamina,2018-07-23,Ag,censoring gradient,,True,0.6,0.1,mg/kg,,,,88.84255736976509,97.40636529508737,88.84255736976509,5593.228599268573,False,"Parcelas ubicadas en el bofedal del paraje Cumallipata, sector Yanamina"
L103,NFSB-14,504615,8584903,-74.95747611679974,-12.800705125637917,32718,4193.0,4175.0,12.86076071002064,204.68189851105188,background,composite,Santa Barbara,2018-07-25,Ag,censoring gradient,,True,0.6,0.1,mg/kg,,,,1086.8238127681966,1873.542099873926,1086.8238127681966,2520.622302804394,False,Parcelas ubicadas en el sector Santa Bárbara
L104,NFSB-15,504615,8584947,-74.95747618346647,-12.800307240150358,32718,4198.0,4187.0,8.330974979669108,180.0,background,composite,Santa Barbara,2018-07-25,Ag,censoring gradient,,True,0.6,0.1,mg/kg,,,,1116.4201717991305,1875.8422108482366,1116.4201717991305,2493.824418396773,False,Parcelas ubicadas en el sector Santa Bárbara
L105,NFY-2,504640,8581217,-74.9572401368172,-12.834036998076769,32718,4469.0,4463.0,9.945792136831605,355.9333627118279,background,composite,Yanamina,2018-07-23,Ag,censoring gradient,,True,0.6,0.1,mg/kg,,,,90.80198235721508,92.77930803794561,90.80198235721508,5608.87313130233,False,"Parcelas ubicadas en el bofedal del paraje Cumallipata, sector Yanamina"
L106,NFY-9,504648,8581057,-74.95716616806308,-12.835483838627287,32718,4504.0,4487.0,11.566216840390009,336.10379557981184,background,composite,Yanamina,2018-07-23,Ag,censoring gradient,,True,0.6,0.1,mg/kg,,,,249.3290997858052,252.79240494919938,249.3290997858052,5761.296710545394,False,"Parcelas ubicadas en el bofedal del paraje Cumallipata, sector Yanamina"
L107,NFY-11,504654,8580970,-74.9571107415007,-12.83627055561912,32718,4511.0,4498.0,5.970756843728821,317.64236929035803,background,composite,Yanamina,2018-07-23,Ag,censoring gradient,,True,0.6,0.1,mg/kg,,,,336.38668225719044,339.99558820667073,336.38668225719044,5844.923767865665,False,"Parcelas ubicadas sobre el bofedal del paraje Cumallipata, sector Yanamina "
L108,NFY-6,504654,8581130,-74.95711098669967,-12.834823703153232,32718,4475.0,4472.0,7.695544473264056,25.43346154226255,background,composite,Yanamina,2018-07-23,Ag,censoring gradient,,True,0.6,0.1,mg/kg,,,,178.53851125177448,180.87841220001906,178.53851125177448,5695.128778411931,False,"Parcelas ubicadas en el bofedal del paraje Cumallipata, sector Yanamina"
L109,NFY-10,504669,8581014,-74.95697257564193,-12.835872648613327,32718,4508.0,4495.0,8.714221612521397,349.087778878908,background,composite,Yanamina,2018-07-23,Ag,censoring gradient,,True,0.6,0.1,mg/kg,,,,295.16944286290885,297.8355250805384,295.16944286290885,5808.933048815054,False,"Parcelas ubicadas en el bofedal del paraje Cumallipata, sector Yanamina"
L110,NFY-5,504669,8581173,-74.95697282008562,-12.834434838935003,32718,4475.0,4467.0,7.888072032125769,3.4303977979467106,background,composite,Yanamina,2018-07-23,Ag,censoring gradient,,True,0.6,0.1,mg/kg,,,,142.0774436706967,142.04576727238302,142.04576727238302,5660.362013949261,False,"Parcelas ubicadas en el bofedal del paraje Cumallipata, sector Yanamina"
L111,NFY-3,504684,8581217,-74.95683465543657,-12.834036931805107,32718,4469.0,4462.0,8.344127238097997,356.7597618771666,background,composite,Yanamina,2018-07-23,Ag,censoring gradient,,True,0.6,0.1,mg/kg,,,,111.66467659918243,107.70329614269008,107.70329614269008,5624.818347503725,False,"Parcelas ubicadas en el bofedal del paraje Cumallipata, sector Yanamina"
L112,NFY-4,504713,8581173,-74.95656733806906,-12.834434772248963,32718,4479.0,4468.0,10.85653604539585,317.9313479906366,background,composite,Yanamina,2018-07-23,Ag,censoring gradient,,True,0.6,0.1,mg/kg,,,,164.20109622045769,160.37767924496225,160.37767924496225,5676.387387091288,False,"Parcelas ubicadas en el bofedal del paraje Cumallipata, sector Yanamina"
L113,NFY-8,504727,8581042,-74.95643811716764,-12.835619361392187,32718,4501.0,4493.0,5.3064449791988855,344.46836155869835,background,composite,Yanamina,2018-07-23,Ag,censoring gradient,,True,0.6,0.1,mg/kg,,,,285.3296339324046,284.76305940202286,284.76305940202286,5803.468991179547,False,"Parcelas ubicadas en el bofedal del paraje Cumallipata, sector Yanamina"
L114,NFY-7,504771,8581057,-74.9560326568215,-12.835483651458516,32718,4502.0,4492.0,3.9855283100289345,339.08619168309934,background,composite,Yanamina,2018-07-23,Ag,censoring gradient,,True,0.6,0.1,mg/kg,,,,292.67387994148027,289.74644087546613,289.74644087546613,5805.597021738119,False,"Parcelas ubicadas en el bofedal del paraje Cumallipata, sector Yanamina"
L001,SB8F,502403,8583970,-74.97785735714213,-12.80914460637278,32718,4132.0,4125.0,8.638568760131415,7.840759113543399,potential_interest,simple,Santa Barbara,2018-07-22,As,truth field,158.1,False,,0.1,mg/kg,50.0,50.0,140.0,79.81227975693966,625.511790456423,79.81227975693966,2492.0493322216385,False,"Área de potencial interés ubicada a ambos márgenes de la quebrada Santa Bárbara, contigua al depósito de relaves santa bárbara, Sector Santa Bárbara"
L002,SB8A,502414,8583994,-74.97775601576964,-12.808927569479387,32718,4123.0,4119.0,8.79220311190414,285.24771223722166,potential_interest,simple,Santa Barbara,2018-07-22,As,truth field,124.8,False,,0.1,mg/kg,50.0,50.0,140.0,79.88116173416608,599.3229513375906,79.88116173416608,2467.1752018551233,False,"Área de potencial interés ubicada a ambos márgenes de la quebrada Santa Bárbara, contigua al depósito de relaves santa bárbara, Sector Santa Bárbara"
L003,SB8B,502417,8583991,-74.97772836966361,-12.80895469568704,32718,4122.0,4119.0,8.79220311190414,285.24771223722166,potential_interest,simple,Santa Barbara,2018-07-22,As,truth field,262.6,False,,0.1,mg/kg,50.0,50.0,140.0,75.71657678474378,600.2882640865137,75.71657678474378,2469.907789875542,False,"Área de potencial interés ubicada a ambos márgenes de la quebrada Santa Bárbara, contigua al depósito de relaves santa bárbara, Sector Santa Bárbara"
L004,SB8E,502425,8583964,-74.97765463154732,-12.809198846336493,32718,4136.0,4125.0,8.638568760131415,7.840759113543399,potential_interest,simple,Santa Barbara,2018-07-22,As,truth field,266.7,False,,0.1,mg/kg,50.0,50.0,140.0,57.0087712549569,619.4295763038765,57.0087712549569,2496.1529942625552,False,"Área de potencial interés ubicada a ambos márgenes de la quebrada Santa Bárbara, contigua al depósito de relaves santa bárbara, Sector Santa Bárbara"
L005,SB8D,502437,8583932,-74.977544030912,-12.80948820805831,32718,4137.0,4127.0,10.256813074807066,331.2458746678426,potential_interest,simple,Santa Barbara,2018-07-22,As,truth field,34.8,False,,0.1,mg/kg,50.0,50.0,140.0,46.238512086787566,641.8138359368704,46.238512086787566,2527.121699148091,False,"Área de potencial interés ubicada a ambos márgenes de la quebrada Santa Bárbara, contigua al depósito de relaves santa bárbara, Sector Santa Bárbara"
L006,SB8C,502452,8583966,-74.977405839379,-12.809180739412257,32718,4135.0,4124.0,8.683742038366594,282.3019392702787,potential_interest,simple,Santa Barbara,2018-07-22,As,truth field,32.1,False,,0.1,mg/kg,50.0,50.0,140.0,32.7566787083184,604.7280380468562,32.7566787083184,2492.123496910117,False,"Área de potencial interés ubicada a ambos márgenes de la quebrada Santa Bárbara, contigua al depósito de relaves santa bárbara, Sector Santa Bárbara"
L007,SB9A,502640,8584504,-74.97567396419547,-12.804315532106001,32718,4224.0,4213.0,17.57325661129504,264.10245426498057,potential_interest,simple,Santa Barbara,2018-07-22,As,truth field,114.5,False,,0.1,mg/kg,50.0,50.0,140.0,83.2946576918352,92.02173656261873,83.2946576918352,1948.0531542153374,False,"Área de potencial interés contigua al depósito de desmonte DSB-7, Sector Santa Bárbara"
L008,SB9B,502663,8584492,-74.9754620223416,-12.804424026662744,32718,4230.0,4213.0,17.57325661129504,264.10245426498057,potential_interest,simple,Santa Barbara,2018-07-22,As,truth field,97.2,False,,0.1,mg/kg,50.0,50.0,140.0,60.207972893961475,69.72087205421343,60.207972893961475,1960.3461574035143,False,"Área de potencial interés contigua al depósito de desmonte DSB-7, Sector Santa Bárbara"
L009,SB9C,502679,8584508,-74.9753146058455,-12.804279327272463,32718,4237.0,4224.0,15.095725004835451,259.5743484800445,potential_interest,simple,Santa Barbara,2018-07-22,As,truth field,116.7,False,,0.1,mg/kg,50.0,50.0,140.0,45.35416188179427,53.33854141237835,45.35416188179427,1944.715074441955,False,"Área de potencial interés contigua al depósito de desmonte DSB-7, Sector Santa Bárbara"
L010,SB9D,502696,8584500,-74.97515795386748,-12.80435165535558,32718,4243.0,4222.0,15.120204537517571,265.6831567036818,potential_interest,simple,Santa Barbara,2018-07-22,As,truth field,168.1,False,,0.1,mg/kg,50.0,50.0,140.0,27.16615541441225,36.05551275463989,27.16615541441225,1953.2431195067497,False,"Área de potencial interés contigua al depósito de desmonte DSB-7, Sector Santa Bárbara"
L011,HPA-07/S-3,502818,8585047,-74.9740343022048,-12.799405106563837,32718,4172.0,4168.0,15.11290557580748,52.95229861705745,unlabelled,simple,Unassigned,2018-09-09,As,truth field,532.6,False,,0.1,mg/kg,50.0,50.0,140.0,558.1442465886395,232.43278598338918,232.43278598338918,1417.9963601366787,False,Zona de pajonal de ichu
L012,HPA-07/S-2,502853,8585053,-74.97371180982714,-12.799350817464587,32718,4161.0,4156.0,9.304055068175138,322.6101135718888,unlabelled,simple,Unassigned,2018-09-09,As,truth field,1003.0,False,,0.1,mg/kg,50.0,50.0,140.0,570.9956216995013,251.3483638299641,251.3483638299641,1417.222393853772,False,Zona de pajonal de ichu
L013,SB3B,503265,8580774,-74.96991095469548,-12.838044727074738,32718,4430.0,4418.0,12.77194199717936,312.991945916185,potential_interest,simple,Yanamina,2018-07-19,As,truth field,10.2,False,,0.1,mg/kg,50.0,50.0,140.0,24.186773244895647,47.853944456021594,24.186773244895647,5713.793288806527,False,"Área de potencial interés ubicada conligua al botadero de desmonte DY-12; bofedal aportante de la quebrada Carnicería, sector Yanamina"
L014,SB3D,503276,8580817,-74.96980962912515,-12.837655873860735,32718,4426.0,4422.0,16.321447496129256,301.86101493010085,potential_interest,simple,Yanamina,2018-07-19,As,truth field,71.5,False,,0.1,mg/kg,50.0,50.0,140.0,42.05948168962618,71.55417527999327,42.05948168962618,5672.31364667532,False,"Área de potencial interés ubicada conligua al botadero de desmonte DY-12; bofedal aportante de la quebrada Carnicería, sector Yanamina"
L015,SB3C,503283,8580806,-74.96974510789836,-12.837755337546717,32718,4437.0,4422.0,16.321447496129256,301.86101493010085,potential_interest,simple,Yanamina,2018-07-19,As,truth field,14.3,False,,0.1,mg/kg,50.0,50.0,140.0,29.614185789921695,58.60034129593445,29.614185789921695,5684.045670980024,False,"Área de potencial interés ubicada conligua al botadero de desmonte DY-12; bofedal aportante de la quebrada Carnicería, sector Yanamina"
L016,SB3A,503300,8580804,-74.96958844013987,-12.837773405118815,32718,4436.0,4422.0,16.321447496129256,301.86101493010085,potential_interest,simple,Yanamina,2018-07-19,As,truth field,91.1,False,,0.1,mg/kg,50.0,50.0,140.0,29.154759474226502,51.62363799656123,29.154759474226502,5688.020136749736,False,"Área de potencial interés ubicada conligua al botadero de desmonte DY-12; bofedal aportante de la quebrada Carnicería, sector Yanamina"
L017,SB10F,503526,8583424,-74.967508748803,-12.81408092656888,32718,4369.0,4355.0,12.661059578500602,152.52930933571366,potential_interest,simple,Santa Barbara,2018-07-22,As,truth field,64.4,False,,0.1,mg/kg,50.0,50.0,140.0,63.198101237299845,1338.8502530156238,63.198101237299845,3158.783890003854,False,"Área de potencial interés contigua al depósito de desmonte DSB-12, Sector Santa Bárbara"
L018,SB10D,503536,8583371,-74.96741653959235,-12.814560185887926,32718,4358.0,4350.0,10.535857653263713,138.0396844200064,potential_interest,simple,Santa Barbara,2018-07-22,As,truth field,190.1,False,,0.1,mg/kg,50.0,50.0,140.0,116.1077086157504,1387.6516133381606,116.1077086157504,3212.4419466617146,False,"Área de potencial interés contigua al depósito de desmonte DSB-12, Sector Santa Bárbara"
L019,SB10B,503544,8583333,-74.96734277709704,-12.81490380479696,32718,4350.0,4337.0,12.942362440728141,125.74005009545424,potential_interest,simple,Santa Barbara,2018-07-22,As,truth field,118.5,False,,0.1,mg/kg,50.0,50.0,140.0,154.5477272560163,1423.342896142739,154.5477272560163,3251.153592473058,False,"Área de potencial interés contigua al depósito de desmonte DSB-12, Sector Santa Bárbara"
L020,SB10G,503549,8583443,-74.9672968314623,-12.813909086293327,32718,4374.0,4361.0,12.779117086609444,161.89944711556404,potential_interest,simple,Santa Barbara,2018-07-22,As,truth field,32.4,False,,0.1,mg/kg,50.0,50.0,140.0,47.53945729601885,1337.5238315633856,47.53945729601885,3147.239779848749,False,"Área de potencial interés contigua al depósito de desmonte DSB-12, Sector Santa Bárbara"
L021,SB10E,503551,8583396,-74.96727834709546,-12.814334097656188,32718,4362.0,4346.0,11.30225446026126,144.49874181965095,potential_interest,simple,Santa Barbara,2018-07-22,As,truth field,208.3,False,,0.1,mg/kg,50.0,50.0,140.0,93.17188417113823,1376.2256355699817,93.17188417113823,3192.7837097900156,False,"Área de potencial interés contigua al depósito de desmonte DSB-12, Sector Santa Bárbara"
L022,SB10C,503557,8583354,-74.96722300936813,-12.81471389020064,32718,4354.0,4343.0,12.13762374614636,132.9126817052527,potential_interest,simple,Santa Barbara,2018-07-22,As,truth field,221.7,False,,0.1,mg/kg,50.0,50.0,140.0,135.51752654177244,1413.6933896711832,135.51752654177244,3234.7281657518292,False,"Área de potencial interés contigua al depósito de desmonte DSB-12, Sector Santa Bárbara"
L023,SB10A,503564,8583312,-74.96715845667572,-12.815093681572602,32718,4362.0,4337.0,12.942362440728141,125.74005009545424,potential_interest,simple,Santa Barbara,2018-07-22,As,truth field,58.8,False,,0.1,mg/kg,50.0,50.0,140.0,178.08424972467387,1452.0068870360085,178.08424972467387,3276.970977430185,False,"Área de potencial interés contigua al depósito de desmonte DSB-12, Sector Santa Bárbara"
L024,SB2B,503607,8580667,-74.96675908107282,-12.839011929779709,32718,4479.0,4472.0,5.9678210402163545,314.45977622386044,potential_interest,simple,Yanamina,2018-07-18,As,truth field,125.4,False,,0.1,mg/kg,50.0,50.0,140.0,103.76897416858277,311.12216250212714,103.76897416858277,5867.509805250134,False,"Área de potencial interés ubicada conligua al botadero de desmonte DY-09; sobre un bofedal aportante de la quebrada Carnicería, sector Yanamina"
L025,SB2A,503613,8580679,-74.9667038013446,-12.838903408860128,32718,4480.0,4472.0,5.9678210402163545,314.45977622386044,potential_interest,simple,Yanamina,2018-07-18,As,truth field,501.1,False,,0.1,mg/kg,50.0,50.0,140.0,112.16059914247963,313.84868965793055,112.16059914247963,5856.686530097003,False,"Área de potencial interés ubicada conligua al botadero de desmonte DY-09; sobre un bofedal aportante de la quebrada Carnicería, sector Yanamina"
L026,SB11L,503620,8584781,-74.96664417505595,-12.801809673693832,32718,4207.0,4209.0,26.868575521372726,48.825330691832455,potential_interest,simple,Santa Barbara,2018-07-24,As,truth field,59.2,False,,0.1,mg/kg,50.0,50.0,140.0,327.1819065902025,878.2055568031894,327.1819065902025,1944.041283327869,False,"Área de potencial interés contigua a la desmontera 2, ubicada 1 km al norte de la ciudad de Huancavelica, Sector Santa Bárbara"
L027,SB2C,503624,8580669,-74.9666024171019,-12.838993824261376,32718,4482.0,4472.0,5.9678210402163545,314.45977622386044,potential_interest,simple,Yanamina,2018-07-18,As,truth field,257.3,False,,0.1,mg/kg,50.0,50.0,140.0,98.97979591815695,326.9740050829729,98.97979591815695,5868.403628735295,False,"Área de potencial interés ubicada conligua al botadero de desmonte DY-09; sobre un bofedal aportante de la quebrada Carnicería, sector Yanamina"
L028,SB1D,503627,8580207,-74.96657421806661,-12.843171605946889,32718,4506.0,4500.0,6.16856175579453,274.3168432963182,potential_interest,simple,Yanamina,2018-07-18,As,truth field,1730.0,False,,0.1,mg/kg,50.0,50.0,140.0,112.8716084761797,96.60745312862771,96.60745312862771,6324.642048606057,False,"Área de potencial interés ubicada debajo del botadero de desmonte DY-06 y contigua a la orilla este de la laguna Suytococha, sector Yanamina"
L029,SB2D,503627,8580642,-74.96657473784319,-12.839237977060506,32718,4480.0,4473.0,5.382353299572041,325.11439823150306,potential_interest,simple,Yanamina,2018-07-18,As,truth field,328.1,False,,0.1,mg/kg,50.0,50.0,140.0,72.61542535852834,337.76027001410336,72.61542535852834,5895.520882077542,False,"Área de potencial interés ubicada conligua al botadero de desmonte DY-09; sobre un bofedal aportante de la quebrada Carnicería, sector Yanamina"
L030,SB1F,503632,8580183,-74.96652811024639,-12.84338862784588,32718,4503.0,4498.0,7.052860372455268,197.54971472254823,potential_interest,simple,Yanamina,2018-07-18,As,truth field,225.6,False,,0.1,mg/kg,50.0,50.0,140.0,113.54734695271397,73.06161783043132,73.06161783043132,6349.130909772994,False,"Área de potencial interés ubicada debajo del botadero de desmonte DY-06 y contigua a la orilla este de la laguna Suytococha, sector Yanamina"
L031,SB1A,503639,8580246,-74.96646367499258,-12.842818921724128,32718,4496.0,4502.0,10.136458650222988,283.15107561305496,potential_interest,simple,Yanamina,2018-07-18,As,truth field,295.7,False,,0.1,mg/kg,50.0,50.0,140.0,103.07764064044152,129.52219886953742,103.07764064044152,6288.057207523232,False,"Área de potencial interés ubicada debajo del botadero de desmonte DY-06 y contigua a la orilla este de la laguna Suytococha, sector Yanamina"
L032,SB1C,503662,8580236,-74.96625169937042,-12.842909322817677,32718,4514.0,4502.0,10.136458650222988,283.15107561305496,potential_interest,simple,Yanamina,2018-07-18,As,truth field,204.3,False,,0.1,mg/kg,50.0,50.0,140.0,78.44743462982075,116.21101496846157,78.44743462982075,6301.665445314035,False,"Área de potencial interés ubicada debajo del botadero de desmonte DY-06 y contigua a la orilla este de la laguna Suytococha, sector Yanamina"
L033,SB1E,503664,8580207,-74.96623323273958,-12.843171562337405,32718,4516.0,4508.0,15.40321129741568,276.78332750762286,potential_interest,simple,Yanamina,2018-07-18,As,truth field,693.4,False,,0.1,mg/kg,50.0,50.0,140.0,76.2954782408499,87.14355971613737,76.2954782408499,6330.600503880987,False,"Área de potencial interés ubicada debajo del botadero de desmonte DY-06 y contigua a la orilla este de la laguna Suytococha, sector Yanamina"
L034,SB11K,503667,8584812,-74.96621113956833,-12.801529290096935,32718,4192.0,4182.0,14.249695546039948,24.082076037899554,potential_interest,simple,Santa Barbara,2018-07-24,As,truth field,159.2,False,,0.1,mg/kg,50.0,50.0,140.0,368.28521555989727,924.1217452262446,368.28521555989727,1942.2288044872726,False,"Área de potencial interés contigua a la desmontera 2, ubicada 1 km al norte de la ciudad de Huancavelica, Sector Santa Bárbara"
L035,SB1B,503671,8580249,-74.96616877280393,-12.842791755438935,32718,4517.0,4507.0,12.649121409787782,274.1575315643479,potential_interest,simple,Yanamina,2018-07-18,As,truth field,425.6,False,,0.1,mg/kg,50.0,50.0,140.0,73.53910524340094,129.0155029444136,73.53910524340094,6290.330686409144,False,"Área de potencial interés ubicada debajo del botadero de desmonte DY-06 y contigua a la orilla este de la laguna Suytococha, sector Yanamina"
L036,SB12A,503683,8584548,-74.96606339140882,-12.803916583914456,32718,4255.0,4246.0,24.797694055825083,51.310650958407166,potential_interest,simple,Santa Barbara,2018-07-24,As,truth field,56.7,False,,0.1,mg/kg,50.0,50.0,140.0,150.20652449211386,952.111863175751,150.20652449211386,2177.4811088639044,False,"Área de potencial interés contigua a la desmontera 2, ubicada 2 km al norte de la ciudad de Huancavelica, Sector
Santa Bárbara"
L037,SB11C,503689,8585080,-74.96600874943906,-12.799105779413015,32718,4134.0,4112.0,17.117052060340956,46.62057155245583,potential_interest,simple,Santa Barbara,2018-07-24,As,truth field,139.9,False,,0.1,mg/kg,50.0,50.0,140.0,633.8532953294476,979.247159812067,633.8532953294476,1735.3095158531653,False,"Área de potencial interés contigua a la desmontera 2, ubicada 1 km al norte de la ciudad de Huancavelica, Sector Santa Bárbara"
L038,SB11A,503692,8585128,-74.9659811649621,-12.798671718854152,32718,4095.0,4098.0,18.409928811848058,50.54421600572451,potential_interest,simple,Santa Barbara,2018-07-24,As,truth field,90.7,False,,0.1,mg/kg,50.0,50.0,140.0,681.5137562808252,995.5912816010393,681.5137562808252,1699.492417277152,False,"Área de potencial interés contigua a la desmontera 2, ubicada 1 km al norte de la ciudad de Huancavelica, Sector Santa Bárbara"
L039,SB12B,503702,8584560,-74.96588833255689,-12.803808047096277,32718,4250.0,4237.0,23.392372677409153,37.82610309895478,potential_interest,simple,Santa Barbara,2018-07-24,As,truth field,58.9,False,,0.1,mg/kg,50.0,50.0,140.0,172.62966141425406,971.7324734719942,172.62966141425406,2176.322510571999,False,"Área de potencial interés contigua a la desmontera 2, ubicada 2 km al norte de la ciudad de Huancavelica, Sector
Santa Bárbara"
L040,SB11E,503706,8585019,-74.96585203353816,-12.799657373235098,32718,4139.0,4121.0,12.46523192546263,6.459881822193694,potential_interest,simple,Santa Barbara,2018-07-24,As,truth field,167.9,False,,0.1,mg/kg,50.0,50.0,140.0,578.2179519869649,981.9536648946324,578.2179519869649,1794.1066740399153,False,"Área de potencial interés contigua a la desmontera 2, ubicada 1 km al norte de la ciudad de Huancavelica, Sector Santa Bárbara"
L041,SB7B,503707,8579765,-74.96583641252553,-12.847168438526705,32718,4498.0,4489.0,2.0916262055509325,206.99969365163813,potential_interest,simple,Yanamina,2018-07-24,As,truth field,379.8,False,,0.1,mg/kg,50.0,50.0,140.0,73.76313442364011,357.02801010564986,73.76313442364011,6773.737967249047,False,"Área de potencial interés contigua a los botaderos de desmonte DY -03, DY -04 y DY-05,al sur de la laguna Suytococha (bofedal), sector Yanamina"
L042,SB11J,503707,8584847,-74.96584260997032,-12.801212742744497,32718,4175.0,4164.0,17.1577641957557,28.02784544168128,potential_interest,simple,Santa Barbara,2018-07-24,As,truth field,588.1,False,,0.1,mg/kg,50.0,50.0,140.0,414.2088845015278,964.2074465590898,414.2088845015278,1934.8170334203396,False,"Área de potencial interés contigua a la desmontera 2, ubicada 1 km al norte de la ciudad de Huancavelica, Sector Santa Bárbara"
L043,SB11G,503707,8584957,-74.96584274384789,-12.800218028943576,32718,4147.0,4135.0,16.25194266473548,15.674359220306002,potential_interest,simple,Santa Barbara,2018-07-24,As,truth field,89.6,False,,0.1,mg/kg,50.0,50.0,140.0,518.6800555255619,972.7260662694302,518.6800555255619,1844.5908879223525,False,"Área de potencial interés contigua a la desmontera 2, ubicada 1 km al norte de la ciudad de Huancavelica, Sector Santa Bárbara"
L044,SB7E,503708,8579859,-74.9658273114419,-12.846318412139535,32718,4503.0,4496.0,5.473641095238119,192.49100040431256,potential_interest,simple,Yanamina,2018-07-24,As,truth field,231.5,False,,0.1,mg/kg,50.0,50.0,140.0,29.832867780352597,263.89770745499095,29.832867780352597,6681.120178285547,False,"Área de potencial interés contigua a los botaderos de desmonte DY -03, DY -04 y DY-05,al sur de la laguna Suytococha (bofedal), sector Yanamina"
L045,SB7G,503710,8579962,-74.96580900551274,-12.845386999099265,32718,4512.0,4503.0,5.020682445903572,202.17654469915223,potential_interest,simple,Yanamina,2018-07-24,As,truth field,211.5,False,,0.1,mg/kg,50.0,50.0,140.0,127.1416532848303,163.23296235748464,127.1416532848303,6579.8287592428105,False,"Área de potencial interés contigua a los botaderos de desmonte DY -03, DY -04 y DY-05,al sur de la laguna Suytococha (bofedal), sector Yanamina"
L046,SB11B,503712,8585108,-74.96579685656818,-12.798852552083163,32718,4105.0,4101.0,13.345713346640432,6.017761412004106,potential_interest,simple,Santa Barbara,2018-07-24,As,truth field,90.9,False,,0.1,mg/kg,50.0,50.0,140.0,666.1088499637277,1008.9212060413836,666.1088499637277,1727.615283748859,False,"Área de potencial interés contigua a la desmontera 2, ubicada 1 km al norte de la ciudad de Huancavelica, Sector Santa Bárbara"
L047,SB12C,503715,8584594,-74.96576858699709,-12.803500574634262,32718,4241.0,4228.0,20.146939429244547,55.566303354374305,potential_interest,simple,Santa Barbara,2018-07-24,As,truth field,66.8,False,,0.1,mg/kg,50.0,50.0,140.0,204.04411287758342,987.2958016724268,204.04411287758342,2153.372036588449,False,"Área de potencial interés contigua a la desmontera 2, ubicada 2 km al norte de la ciudad de Huancavelica, Sector
Santa Bárbara"
L048,SB7C,503716,8579799,-74.9657535104818,-12.846860971810948,32718,4499.0,4491.0,4.412313855758794,212.49299499089238,potential_interest,simple,Yanamina,2018-07-24,As,truth field,394.9,False,,0.1,mg/kg,50.0,50.0,140.0,38.600518131237564,324.4225639501667,38.600518131237564,6741.624102519699,False,"Área de potencial interés contigua a los botaderos de desmonte DY -03, DY -04 y DY-05,al sur de la laguna Suytococha (bofedal), sector Yanamina"
L049,SB11D,503716,8585058,-74.96575993874448,-12.799304689989606,32718,4114.0,4107.0,13.715516323265057,0.0,potential_interest,simple,Santa Barbara,2018-07-24,As,truth field,170.3,False,,0.1,mg/kg,50.0,50.0,140.0,618.4795873753636,1000.0449989875456,618.4795873753636,1769.2527169163575,False,"Área de potencial interés contigua a la desmontera 2, ubicada 1 km al norte de la ciudad de Huancavelica, Sector Santa Bárbara"
L050,SB7J,503717,8580067,-74.9657446228273,-12.84443749434135,32718,4517.0,4507.0,13.788246537724806,265.24607548179307,potential_interest,simple,Yanamina,2018-07-24,As,truth field,669.2,False,,0.1,mg/kg,50.0,50.0,140.0,83.54639429682169,71.50524456289902,71.50524456289902,6477.460003629833,False,"Área de potencial interés contigua a los botaderos de desmonte DY -03, DY -04 y DY-05,al sur de la laguna Suytococha (bofedal), sector Yanamina"
L051,SB7I,503718,8580034,-74.9657353665294,-12.844735906285893,32718,4516.0,4508.0,10.129434896637791,273.9165899912398,potential_interest,simple,Yanamina,2018-07-24,As,truth field,335.5,False,,0.1,mg/kg,50.0,50.0,140.0,105.43718509140881,98.97979591815695,98.97979591815695,6510.158946840717,False,"Área de potencial interés contigua a los botaderos de desmonte DY -03, DY -04 y DY-05,al sur de la laguna Suytococha (bofedal), sector Yanamina"
L052,SB7F,503721,8579923,-74.96570758278322,-12.845739655939022,32718,4511.0,4501.0,2.7945109775890815,180.0,potential_interest,simple,Yanamina,2018-07-24,As,truth field,509.8,False,,0.1,mg/kg,50.0,50.0,140.0,87.20665112249179,203.74739262135355,87.20665112249179,6620.1092068302205,False,"Área de potencial interés contigua a los botaderos de desmonte DY -03, DY -04 y DY-05,al sur de la laguna Suytococha (bofedal), sector Yanamina"
L053,SB7D,503722,8579819,-74.96569823929283,-12.846680108172036,32718,4500.0,4494.0,5.216924580962116,206.99969365163813,potential_interest,simple,Yanamina,2018-07-24,As,truth field,228.5,False,,0.1,mg/kg,50.0,50.0,140.0,17.72004514666935,305.6304958606062,17.72004514666935,6722.862874870681,False,"Área de potencial interés contigua a los botaderos de desmonte DY -03, DY -04 y DY-05,al sur de la laguna Suytococha (bofedal), sector Yanamina"
L054,SB7A,503723,8579759,-74.96568894971874,-12.847222676227805,32718,4498.0,4491.0,4.983457093280994,221.72203945890237,potential_interest,simple,Yanamina,2018-07-24,As,truth field,322.0,False,,0.1,mg/kg,50.0,50.0,140.0,77.10382610480494,365.0164379860173,77.10382610480494,6782.229574016775,False,"Área de potencial interés contigua a los botaderos de desmonte DY -03, DY -04 y DY-05,al sur de la laguna Suytococha (bofedal), sector Yanamina"
L055,SB11F,503723,8584988,-74.96569535362083,-12.799937681344371,32718,4143.0,4129.0,13.655856023646944,13.81896465066032,potential_interest,simple,Santa Barbara,2018-07-24,As,truth field,124.7,False,,0.1,mg/kg,50.0,50.0,140.0,552.9575028878802,993.1369492673203,552.9575028878802,1829.1030631388346,False,"Área de potencial interés contigua a la desmontera 2, ubicada 1 km al norte de la ciudad de Huancavelica, Sector Santa Bárbara"
L056,SB11I,503725,8584898,-74.96567681506198,-12.800751535712367,32718,4164.0,4153.0,11.666042520516278,15.128631184780602,potential_interest,simple,Santa Barbara,2018-07-24,As,truth field,187.9,False,,0.1,mg/kg,50.0,50.0,140.0,468.2841018014598,984.5633549955026,468.2841018014598,1903.0578425302072,False,"Área de potencial interés contigua a la desmontera 2, ubicada 1 km al norte de la ciudad de Huancavelica, Sector Santa Bárbara"
L057,SB4B,503732,8581657,-74.96560833906184,-12.830059380308956,32718,4369.0,4354.0,18.480100347715993,332.683717802282,potential_interest,simple,Yanamina,2018-07-19,As,truth field,60.3,False,,0.1,mg/kg,50.0,50.0,140.0,93.2148056909416,961.2075738361616,93.2148056909416,4920.7933922409,False,"Área de potencial interés ubicada contigua al botadero de desmonte DY-18; bofedal aportante de la quebrada Carnicería, sector Yanamina"
L058,SB4A,503733,8581685,-74.96559915812166,-12.82980617978854,32718,4358.0,4345.0,14.649879899648225,336.64552947215435,potential_interest,simple,Yanamina,2018-07-19,As,truth field,602.8,False,,0.1,mg/kg,50.0,50.0,140.0,120.81390648431164,970.7734030143183,120.81390648431164,4893.7391882147895,False,"Área de potencial interés ubicada contigua al botadero de desmonte DY-18; bofedal aportante de la quebrada Carnicería, sector Yanamina"
L059,SB7L,503738,8580090,-74.96555111797848,-12.844229484106759,32718,4524.0,4516.0,15.378403595224352,231.59954439154282,potential_interest,simple,Yanamina,2018-07-24,As,truth field,1193.0,False,,0.1,mg/kg,50.0,50.0,140.0,52.630789467763066,75.23961722390672,52.630789467763066,6458.370431610005,False,"Área de potencial interés contigua a los botaderos de desmonte DY -03, DY -04 y DY-05,al sur de la laguna Suytococha (bofedal), sector Yanamina"
L060,SB4D,503740,8581614,-74.9655345633934,-12.83044821245132,32718,4367.0,4370.0,16.218115443452895,319.0397673029467,potential_interest,simple,Yanamina,2018-07-19,As,truth field,455.3,False,,0.1,mg/kg,50.0,50.0,140.0,49.49747468305833,938.9190593443079,49.49747468305833,4964.491826395352,False,"Área de potencial interés ubicada contigua al botadero de desmonte DY-18; bofedal aportante de la quebrada Carnicería, sector Yanamina"
L061,SB7H,503742,8579997,-74.96551413986461,-12.845070461767586,32718,4514.0,4510.0,7.653537367571345,218.0920082762951,potential_interest,simple,Yanamina,2018-07-24,As,truth field,278.3,False,,0.1,mg/kg,50.0,50.0,140.0,115.96551211459379,143.0314650697531,115.96551211459379,6550.682314870827,False,"Área de potencial interés contigua a los botaderos de desmonte DY -03, DY -04 y DY-05,al sur de la laguna Suytococha (bofedal), sector Yanamina"
L062,SB11H,503742,8584949,-74.9655202350142,-12.800290329767154,32718,4152.0,4138.0,14.321246389470344,340.06387464580735,potential_interest,simple,Santa Barbara,2018-07-24,As,truth field,106.2,False,,0.1,mg/kg,50.0,50.0,140.0,522.0153254455275,1006.4218797303644,522.0153254455275,1871.7263046220519,False,"Área de potencial interés contigua a la desmontera 2, ubicada 1 km al norte de la ciudad de Huancavelica, Sector Santa Bárbara"
L063,SB4C,503743,8581638,-74.96550694689212,-12.830231180848704,32718,4364.0,4365.0,17.633522557672713,324.9853664243836,potential_interest,simple,Yanamina,2018-07-19,As,truth field,374.5,False,,0.1,mg/kg,50.0,50.0,140.0,73.10950690573696,944.174771956972,73.10950690573696,4941.783156142935,False,"Área de potencial interés ubicada contigua al botadero de desmonte DY-18; bofedal aportante de la quebrada Carnicería, sector Yanamina"
L064,SB12D,503743,8584613,-74.9655106078096,-12.803328726818043,32718,4231.0,4217.0,12.13762374614636,47.087318294747284,potential_interest,simple,Santa Barbara,2018-07-24,As,truth field,70.4,False,,0.1,mg/kg,50.0,50.0,140.0,237.64890069175578,1017.0752184573174,237.64890069175578,2151.396675440131,False,"Área de potencial interés contigua a la desmontera 2, ubicada 2 km al norte de la ciudad de Huancavelica, Sector
Santa Bárbara"
L065,SB7K,503744,8580069,-74.96549579692086,-12.844419376127476,32718,4523.0,4514.0,11.54387024255555,248.99350579489123,potential_interest,simple,Yanamina,2018-07-24,As,truth field,577.8,False,,0.1,mg/kg,50.0,50.0,140.0,64.35060217278468,90.69729874698585,64.35060217278468,6480.090111388096,False,"Área de potencial interés contigua a los botaderos de desmonte DY -03, DY -04 y DY-05,al sur de la laguna Suytococha (bofedal), sector Yanamina"
L066,SB13B,503801,8584252,-74.96497572367258,-12.806593125069208,32718,4309.0,4310.0,12.020263587511481,76.74741437946496,potential_interest,simple,Santa Barbara,2018-07-24,As,truth field,74.9,False,,0.1,mg/kg,50.0,50.0,140.0,68.00735254367721,1097.843795810679,68.00735254367721,2493.886285263195,False,"Área de potencial interés contigua a la desmontera 2, ubicada 2 km al norte de la ciudad de Huancavelica, Sector Santa Bárbara"
L067,SB13C,503817,8584221,-74.96482825298429,-12.806873433727189,32718,4310.0,4307.0,8.79920101731439,3.0700345369666593,potential_interest,simple,Santa Barbara,2018-07-24,As,truth field,37.7,False,,0.1,mg/kg,50.0,50.0,140.0,40.718546143004666,1120.7970378262069,40.718546143004666,2528.768488764701,False,"Área de potencial interés contigua a la desmontera 2, ubicada 2 km al norte de la ciudad de Huancavelica, Sector Santa Bárbara"
L068,SB13A,503822,8584263,-74.96478223321901,-12.806493627931895,32718,4308.0,4300.0,12.662204961454663,33.607600059779855,potential_interest,simple,Santa Barbara,2018-07-24,As,truth field,58.6,False,,0.1,mg/kg,50.0,50.0,140.0,82.00609733428362,1115.894708294649,82.00609733428362,2494.185135631263,False,"Área de potencial interés contigua a la desmontera 2, ubicada 2 km al norte de la ciudad de Huancavelica, Sector Santa Bárbara"
L069,SB13D,503835,8584217,-74.96466238696497,-12.806909582919877,32718,4312.0,4307.0,8.79920101731439,3.0700345369666593,potential_interest,simple,Santa Barbara,2018-07-24,As,truth field,45.0,False,,0.1,mg/kg,50.0,50.0,140.0,48.104053883222775,1139.2251752836223,48.104053883222775,2540.8101018130437,False,"Área de potencial interés contigua a la desmontera 2, ubicada 2 km al norte de la ciudad de Huancavelica, Sector Santa Bárbara"
L070,SB13E,503845,8584200,-74.96457022049113,-12.807063298962268,32718,4315.0,4310.0,9.913411855491505,320.1800757627085,potential_interest,simple,Santa Barbara,2018-07-24,As,truth field,63.1,False,,0.1,mg/kg,50.0,50.0,140.0,47.75981574503821,1153.2445534230803,47.75981574503821,2560.5204762448916,False,"Área de potencial interés contigua a la desmontera 2, ubicada 2 km al norte de la ciudad de Huancavelica, Sector Santa Bárbara"
L071,HPA-03/S-1,504122,8581408,-74.96201401788463,-12.832310550701548,32718,4416.0,4409.0,14.348578626496392,345.9323236961409,unlabelled,simple,Unassigned,2018-09-08,As,truth field,63.9,False,,0.1,mg/kg,50.0,50.0,140.0,406.5390510147826,515.5938323913505,406.5390510147826,5261.036837174088,False,"Zona de pajonal de ichu, rodeado al este y noreste por bofedales"
L072,HPA-03/S-2 | HPA-07/S-1,504131,8581424,-74.96193110083027,-12.832165853413107,32718,4414.0,4409.0,14.348578626496392,345.9323236961409,unlabelled,simple,Unassigned,2018-09-08,As,truth field,185.30288718743688,False,,0.1,mg/kg,50.0,50.0,140.0,409.0684539291682,510.13135563303695,409.0684539291682,5248.271746336201,True,Zona final de ladera con presencia de pastizal ralo
L073,SB5A,504310,8580835,-74.96028070509071,-12.837491835521167,32718,4508.0,4501.0,9.965424572589395,22.176544699152217,potential_interest,simple,Yanamina,2018-07-20,As,truth field,667.5,False,,0.1,mg/kg,50.0,50.0,140.0,64.32728814430156,570.7889277132134,64.32728814430156,5863.865568110628,False,"Área de potencial interés ubicada contigua a los botaderos de desmonte DY-13 y DY-14, sector Yanamina"
L074,SB5C,504322,8580786,-74.96017004799732,-12.837934917295788,32718,4517.0,4513.0,13.354411255048433,26.999693651638133,potential_interest,simple,Yanamina,2018-07-20,As,truth field,602.3,False,,0.1,mg/kg,50.0,50.0,140.0,28.653097563788805,605.9414163101908,28.653097563788805,5914.248467063949,False,"Área de potencial interés ubicada contigua a los botaderos de desmonte DY-13 y DY-14, sector Yanamina"
L075,SB5B,504343,8580820,-74.95997656843673,-12.837627431784398,32718,4508.0,4501.0,8.068828436907648,341.23844718718937,potential_interest,simple,Yanamina,2018-07-20,As,truth field,437.7,False,,0.1,mg/kg,50.0,50.0,140.0,66.48308055437865,565.9911660087992,66.48308055437865,5887.771592252687,False,"Área de potencial interés ubicada contigua a los botaderos de desmonte DY-13 y DY-14, sector Yanamina"
L076,SB5E,504344,8580765,-74.9599672741314,-12.838124785845938,32718,4525.0,4510.0,10.802890386669025,16.403827229696162,potential_interest,simple,Yanamina,2018-07-20,As,truth field,659.2,False,,0.1,mg/kg,50.0,50.0,140.0,14.866068747318506,613.6709215858284,14.866068747318506,5940.693058797538,False,"Área de potencial interés ubicada contigua a los botaderos de desmonte DY-13 y DY-14, sector Yanamina"
L077,NFSB-4,504351,8584773,-74.95990849948657,-12.801881077699838,32718,4199.0,4193.0,22.11918229980773,118.71007139767552,background,composite,Santa Barbara,2018-07-25,As,truth field,35.6,False,,0.1,mg/kg,50.0,50.0,140.0,806.5494405180627,1608.9064609230707,806.5494405180627,2406.8545079354994,False,Parcelas ubicadas en el sector Santa Bárbara
L078,SB5D,504361,8580785,-74.9598106370607,-12.837943905402684,32718,4515.0,4510.0,8.361133594433927,340.21835740229136,potential_interest,simple,Yanamina,2018-07-20,As,truth field,484.4,False,,0.1,mg/kg,50.0,50.0,140.0,31.78049716414141,588.102882155835,31.78049716414141,5926.50298433465,False,"Área de potencial interés ubicada contigua a los botaderos de desmonte DY-13 y DY-14, sector Yanamina"
L079,NFSB-3,504395,8584773,-74.95950306953617,-12.801881015697255,32718,4189.0,4174.0,17.131390730601275,138.78116585511867,background,composite,Santa Barbara,2018-07-25,As,truth field,36.0,False,,0.1,mg/kg,50.0,50.0,140.0,837.2251787900314,1652.8823309600716,837.2251787900314,2438.573407084306,False,Parcelas ubicadas en el sector Santa Bárbara
L080,NFSB-5,504395,8584817,-74.95950313303119,-12.801483130234883,32718,4196.0,4189.0,14.64826267601103,137.00626003428306,background,composite,Santa Barbara,2018-07-25,As,truth field,36.1,False,,0.1,mg/kg,50.0,50.0,140.0,868.7427697540855,1652.0302660665755,868.7427697540855,2408.4899207046387,False,Parcelas ubicadas en el sector Santa Bárbara
L081,NFY-15,504405,8581013,-74.95940548015933,-12.835882078466964,32718,4493.0,4475.0,6.649457856745024,12.318042996826037,background,composite,Yanamina,2018-07-23,As,truth field,100.0,False,,0.1,mg/kg,50.0,50.0,140.0,263.97348351681086,370.600863463646,263.97348351681086,5722.397953848453,False,"Parcelas ubicadas sobre el bofedal del paraje Cumallipata, sector Yanamina "
L082,NFSB-2,504439,8584773,-74.95909763958792,-12.80188095307082,32718,4182.0,4168.0,15.144643258137434,150.65410618155724,background,composite,Santa Barbara,2018-07-25,As,truth field,41.6,False,,0.1,mg/kg,50.0,50.0,140.0,869.0466040437648,1696.8594520466331,869.0466040437648,2470.6687153700077,False,Parcelas ubicadas en el sector Santa Bárbara
L083,NFSB-11,504439,8584860,-74.95909776638969,-12.801094224989876,32718,4202.0,4190.0,16.19218688113056,134.45977622386044,background,composite,Santa Barbara,2018-07-25,As,truth field,35.2,False,,0.1,mg/kg,50.0,50.0,140.0,930.2134163728235,1696.3210191470246,930.2134163728235,2412.390056916873,False,Parcelas ubicadas en el sector Santa Bárbara
L084,NFSB-6,504440,8584816,-74.95908848795824,-12.801492109031432,32718,4189.0,4184.0,14.031007517668728,133.12837677809904,background,composite,Santa Barbara,2018-07-25,As,truth field,39.4,False,,0.1,mg/kg,50.0,50.0,140.0,899.4576143432218,1697.0356507746087,899.4576143432218,2442.3931587928605,False,Parcelas ubicadas en el sector Santa Bárbara
L085,NFY-14,504449,8581028,-74.9590000177867,-12.835746373107328,32718,4492.0,4478.0,6.666088825278639,334.8112269478744,background,composite,Yanamina,2018-07-23,As,truth field,23.1,False,,0.1,mg/kg,50.0,50.0,140.0,290.0017241328058,333.16962646675944,290.0017241328058,5722.004612846876,False,"Parcelas ubicadas sobre el bofedal del paraje Cumallipata, sector Yanamina "
L086,SB6B,504483,8581394,-74.95868722935931,-12.83243664859473,32718,4453.0,4435.0,1.2099628131529876,281.10394170963525,potential_interest,simple,Yanamina,2018-07-23,As,truth field,28.2,False,,0.1,mg/kg,50.0,50.0,140.0,158.93709447451215,168.0773631397161,158.93709447451215,5387.950057546948,False,"Área de potencial interés ubicada en· el bofedal del paraje Cumallipata, contigua al botadero de desmonte DY-15 y  bocamina BY-06; sector Yanamina."
L087,NFSB-1,504483,8584772,-74.95869220816984,-12.801889932671722,32718,4173.0,4163.0,14.51299025948978,144.79751140277082,background,composite,Santa Barbara,2018-07-25,As,truth field,64.2,False,,0.1,mg/kg,50.0,50.0,140.0,901.2397017442141,1740.8690358553683,901.2397017442141,2503.7968274775344,False,Parcelas ubicadas en el sector Santa Bárbara
L088,NFSB-7,504483,8584816,-74.95869227293623,-12.801492047213662,32718,4183.0,4173.0,12.44569453021487,122.309468312076,background,composite,Santa Barbara,2018-07-25,As,truth field,47.7,False,,0.1,mg/kg,50.0,50.0,140.0,930.5444642788436,1740.034769767547,930.5444642788436,2474.488631956842,False,Parcelas ubicadas en el sector Santa Bárbara
L089,NFSB-10,504483,8584860,-74.95869233770047,-12.8010941617436,32718,4194.0,4177.0,14.414338425746744,129.27510483422822,background,composite,Santa Barbara,2018-07-25,As,truth field,40.1,False,,0.1,mg/kg,50.0,50.0,140.0,960.9708632419612,1740.3129028999354,960.9708632419612,2445.6208671993127,False,Parcelas ubicadas en el sector Santa Bárbara
L090,SB6A,504491,8581435,-74.95861356655124,-12.83206588095476,32718,4455.0,4435.0,3.135699354991769,26.999693651638133,potential_interest,simple,Yanamina,2018-07-23,As,truth field,19.9,False,,0.1,mg/kg,50.0,50.0,140.0,179.6941846582688,186.1316738225926,179.6941846582688,5352.261039212821,False,"Área de potencial interés ubicada en· el bofedal del paraje Cumallipata, contigua al botadero de desmonte DY-15 y  bocamina BY-06; sector Yanamina."
L091,NFY-13,504493,8581028,-74.95859453365824,-12.83574630954204,32718,4493.0,4480.0,5.632457622719263,335.1464829457472,background,composite,Yanamina,2018-07-23,As,truth field,36.9,False,,0.1,mg/kg,50.0,50.0,140.0,301.3585903869342,311.746692043396,301.3585903869342,5736.1705369357915,False,"Parcelas ubicadas sobre el bofedal del paraje Cumallipata, sector Yanamina "
L092,SB6D,504521,8581360,-74.95833699249846,-12.832744049554446,32718,4455.0,4438.0,6.423394273023185,263.777316353365,potential_interest,simple,Yanamina,2018-07-23,As,truth field,18.9,False,,0.1,mg/kg,50.0,50.0,140.0,108.55873986004075,118.53269591129698,108.55873986004075,5433.014259752845,False,"Área de potencial interés ubicada en· el bofedal del paraje Cumallipata, contigua al botadero de desmonte DY-15 y  bocamina BY-06; sector Yanamina."
L093,NFSB-8,504527,8584816,-74.95828684361355,-12.801491983341519,32718,4176.0,4167.0,11.439261942747423,122.87191669350793,background,composite,Santa Barbara,2018-07-25,As,truth field,42.2,False,,0.1,mg/kg,50.0,50.0,140.0,963.303171384793,1784.0339122337332,963.303171384793,2507.6685644344966,False,Parcelas ubicadas en el sector Santa Bárbara
L094,NFSB-9,504527,8584860,-74.95828690901342,-12.801094097873515,32718,4184.0,4170.0,13.105692790968945,131.60057028821885,background,composite,Santa Barbara,2018-07-25,As,truth field,36.9,False,,0.1,mg/kg,50.0,50.0,140.0,992.7260447877853,1784.3051869004921,992.7260447877853,2479.187178381262,False,Parcelas ubicadas en el sector Santa Bárbara
L095,NFSB-12,504527,8584903,-74.95828697292481,-12.800705255245468,32718,4196.0,4177.0,14.678005669066339,139.54696774696325,background,composite,Santa Barbara,2018-07-25,As,truth field,45.5,False,,0.1,mg/kg,50.0,50.0,140.0,1022.4920537588544,1785.6181002666835,1022.4920537588544,2451.796385235992,False,Parcelas ubicadas en el sector Santa Bárbara
L096,SB6C,504528,8581408,-74.95827255597534,-12.8323099834774,32718,4455.0,4437.0,6.221861426415022,299.0152973301201,potential_interest,simple,Yanamina,2018-07-23,As,truth field,21.4,False,,0.1,mg/kg,50.0,50.0,140.0,134.9518432626987,140.71602609511115,134.9518432626987,5390.518275125792,False,"Área de potencial interés ubicada en· el bofedal del paraje Cumallipata, contigua al botadero de desmonte DY-15 y  bocamina BY-06; sector Yanamina."
L097,NFY-12,504537,8581014,-74.95818902861596,-12.83587284494121,32718,4498.0,4481.0,3.9865520492539863,314.45977622386044,background,composite,Yanamina,2018-07-23,As,truth field,137.3,False,,0.1,mg/kg,50.0,50.0,140.0,300.048329440442,308.71669860893496,300.048329440442,5763.844918759333,False,"Parcelas ubicadas sobre el bofedal del paraje Cumallipata, sector Yanamina "
L098,SB6E,504555,8581362,-74.95802367057195,-12.832725914051892,32718,4458.0,4443.0,11.66117966968472,259.78258960172616,potential_interest,simple,Yanamina,2018-07-23,As,truth field,19.5,False,,0.1,mg/kg,50.0,50.0,140.0,82.73451516749222,90.21086409075129,82.73451516749222,5443.093021655085,False,"Área de potencial interés ubicada en· el bofedal del paraje Cumallipata, contigua al botadero de desmonte DY-15 y  bocamina BY-06; sector Yanamina."
L099,SB6F,504557,8581322,-74.9580051796866,-12.833087624301559,32718,4459.0,4440.0,10.833612260099889,274.87734924529724,potential_interest,simple,Yanamina,2018-07-23,As,truth field,22.2,False,,0.1,mg/kg,50.0,50.0,140.0,59.77457653551382,72.18032973047436,59.77457653551382,5481.220679589928,False,"Área de potencial interés ubicada en· el bofedal del paraje Cumallipata, contigua al botadero de desmonte DY-15 y  bocamina BY-06; sector Yanamina."
L100,NFSB-13,504571,8584904,-74.95788154636189,-12.800696147901688,32718,4191.0,4172.0,12.600274015102363,190.68664906536983,background,composite,Santa Barbara,2018-07-25,As,truth field,44.2,False,,0.1,mg/kg,50.0,50.0,140.0,1054.9127926042038,1829.6209990049852,1054.9127926042038,2485.435201572643,False,Parcelas ubicadas en el sector Santa Bárbara
L101,SB6G,504590,8581317,-74.95770106223297,-12.83313278969335,32718,4464.0,4450.0,14.650786678732015,267.3245466300252,potential_interest,simple,Yanamina,2018-07-23,As,truth field,79.1,False,,0.1,mg/kg,50.0,50.0,140.0,27.294688127912362,38.8329756778952,27.294688127912362,5497.600106586241,False,"Área de potencial interés ubicada en· el bofedal del paraje Cumallipata, contigua al botadero de desmonte DY-15 y  bocamina BY-06; sector Yanamina."
L102,NFY-1,504596,8581217,-74.95764561820009,-12.83403706372296,32718,4459.0,4460.0,12.084739295765347,351.0899804078108,background,composite,Yanamina,2018-07-23,As,truth field,118.7,False,,0.1,mg/kg,50.0,50.0,140.0,88.84255736976509,97.40636529508737,88.84255736976509,5593.228599268573,False,"Parcelas ubicadas en el bofedal del paraje Cumallipata, sector Yanamina"
L103,NFSB-14,504615,8584903,-74.95747611679974,-12.800705125637917,32718,4193.0,4175.0,12.86076071002064,204.68189851105188,background,composite,Santa Barbara,2018-07-25,As,truth field,68.6,False,,0.1,mg/kg,50.0,50.0,140.0,1086.8238127681966,1873.542099873926,1086.8238127681966,2520.622302804394,False,Parcelas ubicadas en el sector Santa Bárbara
L104,NFSB-15,504615,8584947,-74.95747618346647,-12.800307240150358,32718,4198.0,4187.0,8.330974979669108,180.0,background,composite,Santa Barbara,2018-07-25,As,truth field,49.9,False,,0.1,mg/kg,50.0,50.0,140.0,1116.4201717991305,1875.8422108482366,1116.4201717991305,2493.824418396773,False,Parcelas ubicadas en el sector Santa Bárbara
L105,NFY-2,504640,8581217,-74.9572401368172,-12.834036998076769,32718,4469.0,4463.0,9.945792136831605,355.9333627118279,background,composite,Yanamina,2018-07-23,As,truth field,25.0,False,,0.1,mg/kg,50.0,50.0,140.0,90.80198235721508,92.77930803794561,90.80198235721508,5608.87313130233,False,"Parcelas ubicadas en el bofedal del paraje Cumallipata, sector Yanamina"
L106,NFY-9,504648,8581057,-74.95716616806308,-12.835483838627287,32718,4504.0,4487.0,11.566216840390009,336.10379557981184,background,composite,Yanamina,2018-07-23,As,truth field,37.0,False,,0.1,mg/kg,50.0,50.0,140.0,249.3290997858052,252.79240494919938,249.3290997858052,5761.296710545394,False,"Parcelas ubicadas en el bofedal del paraje Cumallipata, sector Yanamina"
L107,NFY-11,504654,8580970,-74.9571107415007,-12.83627055561912,32718,4511.0,4498.0,5.970756843728821,317.64236929035803,background,composite,Yanamina,2018-07-23,As,truth field,63.6,False,,0.1,mg/kg,50.0,50.0,140.0,336.38668225719044,339.99558820667073,336.38668225719044,5844.923767865665,False,"Parcelas ubicadas sobre el bofedal del paraje Cumallipata, sector Yanamina "
L108,NFY-6,504654,8581130,-74.95711098669967,-12.834823703153232,32718,4475.0,4472.0,7.695544473264056,25.43346154226255,background,composite,Yanamina,2018-07-23,As,truth field,82.1,False,,0.1,mg/kg,50.0,50.0,140.0,178.53851125177448,180.87841220001906,178.53851125177448,5695.128778411931,False,"Parcelas ubicadas en el bofedal del paraje Cumallipata, sector Yanamina"
L109,NFY-10,504669,8581014,-74.95697257564193,-12.835872648613327,32718,4508.0,4495.0,8.714221612521397,349.087778878908,background,composite,Yanamina,2018-07-23,As,truth field,75.3,False,,0.1,mg/kg,50.0,50.0,140.0,295.16944286290885,297.8355250805384,295.16944286290885,5808.933048815054,False,"Parcelas ubicadas en el bofedal del paraje Cumallipata, sector Yanamina"
L110,NFY-5,504669,8581173,-74.95697282008562,-12.834434838935003,32718,4475.0,4467.0,7.888072032125769,3.4303977979467106,background,composite,Yanamina,2018-07-23,As,truth field,35.2,False,,0.1,mg/kg,50.0,50.0,140.0,142.0774436706967,142.04576727238302,142.04576727238302,5660.362013949261,False,"Parcelas ubicadas en el bofedal del paraje Cumallipata, sector Yanamina"
L111,NFY-3,504684,8581217,-74.95683465543657,-12.834036931805107,32718,4469.0,4462.0,8.344127238097997,356.7597618771666,background,composite,Yanamina,2018-07-23,As,truth field,29.4,False,,0.1,mg/kg,50.0,50.0,140.0,111.66467659918243,107.70329614269008,107.70329614269008,5624.818347503725,False,"Parcelas ubicadas en el bofedal del paraje Cumallipata, sector Yanamina"
L112,NFY-4,504713,8581173,-74.95656733806906,-12.834434772248963,32718,4479.0,4468.0,10.85653604539585,317.9313479906366,background,composite,Yanamina,2018-07-23,As,truth field,27.4,False,,0.1,mg/kg,50.0,50.0,140.0,164.20109622045769,160.37767924496225,160.37767924496225,5676.387387091288,False,"Parcelas ubicadas en el bofedal del paraje Cumallipata, sector Yanamina"
L113,NFY-8,504727,8581042,-74.95643811716764,-12.835619361392187,32718,4501.0,4493.0,5.3064449791988855,344.46836155869835,background,composite,Yanamina,2018-07-23,As,truth field,59.3,False,,0.1,mg/kg,50.0,50.0,140.0,285.3296339324046,284.76305940202286,284.76305940202286,5803.468991179547,False,"Parcelas ubicadas en el bofedal del paraje Cumallipata, sector Yanamina"
L114,NFY-7,504771,8581057,-74.9560326568215,-12.835483651458516,32718,4502.0,4492.0,3.9855283100289345,339.08619168309934,background,composite,Yanamina,2018-07-23,As,truth field,26.6,False,,0.1,mg/kg,50.0,50.0,140.0,292.67387994148027,289.74644087546613,289.74644087546613,5805.597021738119,False,"Parcelas ubicadas en el bofedal del paraje Cumallipata, sector Yanamina"
L001,SB8F,502403,8583970,-74.97785735714213,-12.80914460637278,32718,4132.0,4125.0,8.638568760131415,7.840759113543399,potential_interest,simple,Santa Barbara,2018-07-22,Ba,truth field,862.9,False,,0.1,mg/kg,750.0,500.0,2000.0,79.81227975693966,625.511790456423,79.81227975693966,2492.0493322216385,False,"Área de potencial interés ubicada a ambos márgenes de la quebrada Santa Bárbara, contigua al depósito de relaves santa bárbara, Sector Santa Bárbara"
L002,SB8A,502414,8583994,-74.97775601576964,-12.808927569479387,32718,4123.0,4119.0,8.79220311190414,285.24771223722166,potential_interest,simple,Santa Barbara,2018-07-22,Ba,truth field,579.1,False,,0.1,mg/kg,750.0,500.0,2000.0,79.88116173416608,599.3229513375906,79.88116173416608,2467.1752018551233,False,"Área de potencial interés ubicada a ambos márgenes de la quebrada Santa Bárbara, contigua al depósito de relaves santa bárbara, Sector Santa Bárbara"
L003,SB8B,502417,8583991,-74.97772836966361,-12.80895469568704,32718,4122.0,4119.0,8.79220311190414,285.24771223722166,potential_interest,simple,Santa Barbara,2018-07-22,Ba,truth field,723.1,False,,0.1,mg/kg,750.0,500.0,2000.0,75.71657678474378,600.2882640865137,75.71657678474378,2469.907789875542,False,"Área de potencial interés ubicada a ambos márgenes de la quebrada Santa Bárbara, contigua al depósito de relaves santa bárbara, Sector Santa Bárbara"
L004,SB8E,502425,8583964,-74.97765463154732,-12.809198846336493,32718,4136.0,4125.0,8.638568760131415,7.840759113543399,potential_interest,simple,Santa Barbara,2018-07-22,Ba,truth field,810.9,False,,0.1,mg/kg,750.0,500.0,2000.0,57.0087712549569,619.4295763038765,57.0087712549569,2496.1529942625552,False,"Área de potencial interés ubicada a ambos márgenes de la quebrada Santa Bárbara, contigua al depósito de relaves santa bárbara, Sector Santa Bárbara"
L005,SB8D,502437,8583932,-74.977544030912,-12.80948820805831,32718,4137.0,4127.0,10.256813074807066,331.2458746678426,potential_interest,simple,Santa Barbara,2018-07-22,Ba,truth field,293.1,False,,0.1,mg/kg,750.0,500.0,2000.0,46.238512086787566,641.8138359368704,46.238512086787566,2527.121699148091,False,"Área de potencial interés ubicada a ambos márgenes de la quebrada Santa Bárbara, contigua al depósito de relaves santa bárbara, Sector Santa Bárbara"
L006,SB8C,502452,8583966,-74.977405839379,-12.809180739412257,32718,4135.0,4124.0,8.683742038366594,282.3019392702787,potential_interest,simple,Santa Barbara,2018-07-22,Ba,truth field,366.3,False,,0.1,mg/kg,750.0,500.0,2000.0,32.7566787083184,604.7280380468562,32.7566787083184,2492.123496910117,False,"Área de potencial interés ubicada a ambos márgenes de la quebrada Santa Bárbara, contigua al depósito de relaves santa bárbara, Sector Santa Bárbara"
L007,SB9A,502640,8584504,-74.97567396419547,-12.804315532106001,32718,4224.0,4213.0,17.57325661129504,264.10245426498057,potential_interest,simple,Santa Barbara,2018-07-22,Ba,truth field,255.9,False,,0.1,mg/kg,750.0,500.0,2000.0,83.2946576918352,92.02173656261873,83.2946576918352,1948.0531542153374,False,"Área de potencial interés contigua al depósito de desmonte DSB-7, Sector Santa Bárbara"
L008,SB9B,502663,8584492,-74.9754620223416,-12.804424026662744,32718,4230.0,4213.0,17.57325661129504,264.10245426498057,potential_interest,simple,Santa Barbara,2018-07-22,Ba,truth field,273.5,False,,0.1,mg/kg,750.0,500.0,2000.0,60.207972893961475,69.72087205421343,60.207972893961475,1960.3461574035143,False,"Área de potencial interés contigua al depósito de desmonte DSB-7, Sector Santa Bárbara"
L009,SB9C,502679,8584508,-74.9753146058455,-12.804279327272463,32718,4237.0,4224.0,15.095725004835451,259.5743484800445,potential_interest,simple,Santa Barbara,2018-07-22,Ba,truth field,483.6,False,,0.1,mg/kg,750.0,500.0,2000.0,45.35416188179427,53.33854141237835,45.35416188179427,1944.715074441955,False,"Área de potencial interés contigua al depósito de desmonte DSB-7, Sector Santa Bárbara"
L010,SB9D,502696,8584500,-74.97515795386748,-12.80435165535558,32718,4243.0,4222.0,15.120204537517571,265.6831567036818,potential_interest,simple,Santa Barbara,2018-07-22,Ba,truth field,285.9,False,,0.1,mg/kg,750.0,500.0,2000.0,27.16615541441225,36.05551275463989,27.16615541441225,1953.2431195067497,False,"Área de potencial interés contigua al depósito de desmonte DSB-7, Sector Santa Bárbara"
L011,HPA-07/S-3,502818,8585047,-74.9740343022048,-12.799405106563837,32718,4172.0,4168.0,15.11290557580748,52.95229861705745,unlabelled,simple,Unassigned,2018-09-09,Ba,truth field,5199.0,False,,0.1,mg/kg,750.0,500.0,2000.0,558.1442465886395,232.43278598338918,232.43278598338918,1417.9963601366787,False,Zona de pajonal de ichu
L012,HPA-07/S-2,502853,8585053,-74.97371180982714,-12.799350817464587,32718,4161.0,4156.0,9.304055068175138,322.6101135718888,unlabelled,simple,Unassigned,2018-09-09,Ba,truth field,1132.0,False,,0.1,mg/kg,750.0,500.0,2000.0,570.9956216995013,251.3483638299641,251.3483638299641,1417.222393853772,False,Zona de pajonal de ichu
L013,SB3B,503265,8580774,-74.96991095469548,-12.838044727074738,32718,4430.0,4418.0,12.77194199717936,312.991945916185,potential_interest,simple,Yanamina,2018-07-19,Ba,truth field,34.3,False,,0.1,mg/kg,750.0,500.0,2000.0,24.186773244895647,47.853944456021594,24.186773244895647,5713.793288806527,False,"Área de potencial interés ubicada conligua al botadero de desmonte DY-12; bofedal aportante de la quebrada Carnicería, sector Yanamina"
L014,SB3D,503276,8580817,-74.96980962912515,-12.837655873860735,32718,4426.0,4422.0,16.321447496129256,301.86101493010085,potential_interest,simple,Yanamina,2018-07-19,Ba,truth field,112.4,False,,0.1,mg/kg,750.0,500.0,2000.0,42.05948168962618,71.55417527999327,42.05948168962618,5672.31364667532,False,"Área de potencial interés ubicada conligua al botadero de desmonte DY-12; bofedal aportante de la quebrada Carnicería, sector Yanamina"
L015,SB3C,503283,8580806,-74.96974510789836,-12.837755337546717,32718,4437.0,4422.0,16.321447496129256,301.86101493010085,potential_interest,simple,Yanamina,2018-07-19,Ba,truth field,58.4,False,,0.1,mg/kg,750.0,500.0,2000.0,29.614185789921695,58.60034129593445,29.614185789921695,5684.045670980024,False,"Área de potencial interés ubicada conligua al botadero de desmonte DY-12; bofedal aportante de la quebrada Carnicería, sector Yanamina"
L016,SB3A,503300,8580804,-74.96958844013987,-12.837773405118815,32718,4436.0,4422.0,16.321447496129256,301.86101493010085,potential_interest,simple,Yanamina,2018-07-19,Ba,truth field,217.6,False,,0.1,mg/kg,750.0,500.0,2000.0,29.154759474226502,51.62363799656123,29.154759474226502,5688.020136749736,False,"Área de potencial interés ubicada conligua al botadero de desmonte DY-12; bofedal aportante de la quebrada Carnicería, sector Yanamina"
L017,SB10F,503526,8583424,-74.967508748803,-12.81408092656888,32718,4369.0,4355.0,12.661059578500602,152.52930933571366,potential_interest,simple,Santa Barbara,2018-07-22,Ba,truth field,187.5,False,,0.1,mg/kg,750.0,500.0,2000.0,63.198101237299845,1338.8502530156238,63.198101237299845,3158.783890003854,False,"Área de potencial interés contigua al depósito de desmonte DSB-12, Sector Santa Bárbara"
L018,SB10D,503536,8583371,-74.96741653959235,-12.814560185887926,32718,4358.0,4350.0,10.535857653263713,138.0396844200064,potential_interest,simple,Santa Barbara,2018-07-22,Ba,truth field,252.8,False,,0.1,mg/kg,750.0,500.0,2000.0,116.1077086157504,1387.6516133381606,116.1077086157504,3212.4419466617146,False,"Área de potencial interés contigua al depósito de desmonte DSB-12, Sector Santa Bárbara"
L019,SB10B,503544,8583333,-74.96734277709704,-12.81490380479696,32718,4350.0,4337.0,12.942362440728141,125.74005009545424,potential_interest,simple,Santa Barbara,2018-07-22,Ba,truth field,155.2,False,,0.1,mg/kg,750.0,500.0,2000.0,154.5477272560163,1423.342896142739,154.5477272560163,3251.153592473058,False,"Área de potencial interés contigua al depósito de desmonte DSB-12, Sector Santa Bárbara"
L020,SB10G,503549,8583443,-74.9672968314623,-12.813909086293327,32718,4374.0,4361.0,12.779117086609444,161.89944711556404,potential_interest,simple,Santa Barbara,2018-07-22,Ba,truth field,109.6,False,,0.1,mg/kg,750.0,500.0,2000.0,47.53945729601885,1337.5238315633856,47.53945729601885,3147.239779848749,False,"Área de potencial interés contigua al depósito de desmonte DSB-12, Sector Santa Bárbara"
L021,SB10E,503551,8583396,-74.96727834709546,-12.814334097656188,32718,4362.0,4346.0,11.30225446026126,144.49874181965095,potential_interest,simple,Santa Barbara,2018-07-22,Ba,truth field,271.8,False,,0.1,mg/kg,750.0,500.0,2000.0,93.17188417113823,1376.2256355699817,93.17188417113823,3192.7837097900156,False,"Área de potencial interés contigua al depósito de desmonte DSB-12, Sector Santa Bárbara"
L022,SB10C,503557,8583354,-74.96722300936813,-12.81471389020064,32718,4354.0,4343.0,12.13762374614636,132.9126817052527,potential_interest,simple,Santa Barbara,2018-07-22,Ba,truth field,196.7,False,,0.1,mg/kg,750.0,500.0,2000.0,135.51752654177244,1413.6933896711832,135.51752654177244,3234.7281657518292,False,"Área de potencial interés contigua al depósito de desmonte DSB-12, Sector Santa Bárbara"
L023,SB10A,503564,8583312,-74.96715845667572,-12.815093681572602,32718,4362.0,4337.0,12.942362440728141,125.74005009545424,potential_interest,simple,Santa Barbara,2018-07-22,Ba,truth field,103.6,False,,0.1,mg/kg,750.0,500.0,2000.0,178.08424972467387,1452.0068870360085,178.08424972467387,3276.970977430185,False,"Área de potencial interés contigua al depósito de desmonte DSB-12, Sector Santa Bárbara"
L024,SB2B,503607,8580667,-74.96675908107282,-12.839011929779709,32718,4479.0,4472.0,5.9678210402163545,314.45977622386044,potential_interest,simple,Yanamina,2018-07-18,Ba,truth field,347.3,False,,0.1,mg/kg,750.0,500.0,2000.0,103.76897416858277,311.12216250212714,103.76897416858277,5867.509805250134,False,"Área de potencial interés ubicada conligua al botadero de desmonte DY-09; sobre un bofedal aportante de la quebrada Carnicería, sector Yanamina"
L025,SB2A,503613,8580679,-74.9667038013446,-12.838903408860128,32718,4480.0,4472.0,5.9678210402163545,314.45977622386044,potential_interest,simple,Yanamina,2018-07-18,Ba,truth field,2487.0,False,,0.1,mg/kg,750.0,500.0,2000.0,112.16059914247963,313.84868965793055,112.16059914247963,5856.686530097003,False,"Área de potencial interés ubicada conligua al botadero de desmonte DY-09; sobre un bofedal aportante de la quebrada Carnicería, sector Yanamina"
L026,SB11L,503620,8584781,-74.96664417505595,-12.801809673693832,32718,4207.0,4209.0,26.868575521372726,48.825330691832455,potential_interest,simple,Santa Barbara,2018-07-24,Ba,truth field,265.2,False,,0.1,mg/kg,750.0,500.0,2000.0,327.1819065902025,878.2055568031894,327.1819065902025,1944.041283327869,False,"Área de potencial interés contigua a la desmontera 2, ubicada 1 km al norte de la ciudad de Huancavelica, Sector Santa Bárbara"
L027,SB2C,503624,8580669,-74.9666024171019,-12.838993824261376,32718,4482.0,4472.0,5.9678210402163545,314.45977622386044,potential_interest,simple,Yanamina,2018-07-18,Ba,truth field,336.5,False,,0.1,mg/kg,750.0,500.0,2000.0,98.97979591815695,326.9740050829729,98.97979591815695,5868.403628735295,False,"Área de potencial interés ubicada conligua al botadero de desmonte DY-09; sobre un bofedal aportante de la quebrada Carnicería, sector Yanamina"
L028,SB1D,503627,8580207,-74.96657421806661,-12.843171605946889,32718,4506.0,4500.0,6.16856175579453,274.3168432963182,potential_interest,simple,Yanamina,2018-07-18,Ba,truth field,1928.0,False,,0.1,mg/kg,750.0,500.0,2000.0,112.8716084761797,96.60745312862771,96.60745312862771,6324.642048606057,False,"Área de potencial interés ubicada debajo del botadero de desmonte DY-06 y contigua a la orilla este de la laguna Suytococha, sector Yanamina"
L029,SB2D,503627,8580642,-74.96657473784319,-12.839237977060506,32718,4480.0,4473.0,5.382353299572041,325.11439823150306,potential_interest,simple,Yanamina,2018-07-18,Ba,truth field,2681.0,False,,0.1,mg/kg,750.0,500.0,2000.0,72.61542535852834,337.76027001410336,72.61542535852834,5895.520882077542,False,"Área de potencial interés ubicada conligua al botadero de desmonte DY-09; sobre un bofedal aportante de la quebrada Carnicería, sector Yanamina"
L030,SB1F,503632,8580183,-74.96652811024639,-12.84338862784588,32718,4503.0,4498.0,7.052860372455268,197.54971472254823,potential_interest,simple,Yanamina,2018-07-18,Ba,truth field,983.4,False,,0.1,mg/kg,750.0,500.0,2000.0,113.54734695271397,73.06161783043132,73.06161783043132,6349.130909772994,False,"Área de potencial interés ubicada debajo del botadero de desmonte DY-06 y contigua a la orilla este de la laguna Suytococha, sector Yanamina"
L031,SB1A,503639,8580246,-74.96646367499258,-12.842818921724128,32718,4496.0,4502.0,10.136458650222988,283.15107561305496,potential_interest,simple,Yanamina,2018-07-18,Ba,truth field,914.7,False,,0.1,mg/kg,750.0,500.0,2000.0,103.07764064044152,129.52219886953742,103.07764064044152,6288.057207523232,False,"Área de potencial interés ubicada debajo del botadero de desmonte DY-06 y contigua a la orilla este de la laguna Suytococha, sector Yanamina"
L032,SB1C,503662,8580236,-74.96625169937042,-12.842909322817677,32718,4514.0,4502.0,10.136458650222988,283.15107561305496,potential_interest,simple,Yanamina,2018-07-18,Ba,truth field,570.6,False,,0.1,mg/kg,750.0,500.0,2000.0,78.44743462982075,116.21101496846157,78.44743462982075,6301.665445314035,False,"Área de potencial interés ubicada debajo del botadero de desmonte DY-06 y contigua a la orilla este de la laguna Suytococha, sector Yanamina"
L033,SB1E,503664,8580207,-74.96623323273958,-12.843171562337405,32718,4516.0,4508.0,15.40321129741568,276.78332750762286,potential_interest,simple,Yanamina,2018-07-18,Ba,truth field,1164.0,False,,0.1,mg/kg,750.0,500.0,2000.0,76.2954782408499,87.14355971613737,76.2954782408499,6330.600503880987,False,"Área de potencial interés ubicada debajo del botadero de desmonte DY-06 y contigua a la orilla este de la laguna Suytococha, sector Yanamina"
L034,SB11K,503667,8584812,-74.96621113956833,-12.801529290096935,32718,4192.0,4182.0,14.249695546039948,24.082076037899554,potential_interest,simple,Santa Barbara,2018-07-24,Ba,truth field,160.7,False,,0.1,mg/kg,750.0,500.0,2000.0,368.28521555989727,924.1217452262446,368.28521555989727,1942.2288044872726,False,"Área de potencial interés contigua a la desmontera 2, ubicada 1 km al norte de la ciudad de Huancavelica, Sector Santa Bárbara"
L035,SB1B,503671,8580249,-74.96616877280393,-12.842791755438935,32718,4517.0,4507.0,12.649121409787782,274.1575315643479,potential_interest,simple,Yanamina,2018-07-18,Ba,truth field,1308.0,False,,0.1,mg/kg,750.0,500.0,2000.0,73.53910524340094,129.0155029444136,73.53910524340094,6290.330686409144,False,"Área de potencial interés ubicada debajo del botadero de desmonte DY-06 y contigua a la orilla este de la laguna Suytococha, sector Yanamina"
L036,SB12A,503683,8584548,-74.96606339140882,-12.803916583914456,32718,4255.0,4246.0,24.797694055825083,51.310650958407166,potential_interest,simple,Santa Barbara,2018-07-24,Ba,truth field,327.4,False,,0.1,mg/kg,750.0,500.0,2000.0,150.20652449211386,952.111863175751,150.20652449211386,2177.4811088639044,False,"Área de potencial interés contigua a la desmontera 2, ubicada 2 km al norte de la ciudad de Huancavelica, Sector
Santa Bárbara"
L037,SB11C,503689,8585080,-74.96600874943906,-12.799105779413015,32718,4134.0,4112.0,17.117052060340956,46.62057155245583,potential_interest,simple,Santa Barbara,2018-07-24,Ba,truth field,366.9,False,,0.1,mg/kg,750.0,500.0,2000.0,633.8532953294476,979.247159812067,633.8532953294476,1735.3095158531653,False,"Área de potencial interés contigua a la desmontera 2, ubicada 1 km al norte de la ciudad de Huancavelica, Sector Santa Bárbara"
L038,SB11A,503692,8585128,-74.9659811649621,-12.798671718854152,32718,4095.0,4098.0,18.409928811848058,50.54421600572451,potential_interest,simple,Santa Barbara,2018-07-24,Ba,truth field,172.3,False,,0.1,mg/kg,750.0,500.0,2000.0,681.5137562808252,995.5912816010393,681.5137562808252,1699.492417277152,False,"Área de potencial interés contigua a la desmontera 2, ubicada 1 km al norte de la ciudad de Huancavelica, Sector Santa Bárbara"
L039,SB12B,503702,8584560,-74.96588833255689,-12.803808047096277,32718,4250.0,4237.0,23.392372677409153,37.82610309895478,potential_interest,simple,Santa Barbara,2018-07-24,Ba,truth field,153.7,False,,0.1,mg/kg,750.0,500.0,2000.0,172.62966141425406,971.7324734719942,172.62966141425406,2176.322510571999,False,"Área de potencial interés contigua a la desmontera 2, ubicada 2 km al norte de la ciudad de Huancavelica, Sector
Santa Bárbara"
L040,SB11E,503706,8585019,-74.96585203353816,-12.799657373235098,32718,4139.0,4121.0,12.46523192546263,6.459881822193694,potential_interest,simple,Santa Barbara,2018-07-24,Ba,truth field,489.0,False,,0.1,mg/kg,750.0,500.0,2000.0,578.2179519869649,981.9536648946324,578.2179519869649,1794.1066740399153,False,"Área de potencial interés contigua a la desmontera 2, ubicada 1 km al norte de la ciudad de Huancavelica, Sector Santa Bárbara"
L041,SB7B,503707,8579765,-74.96583641252553,-12.847168438526705,32718,4498.0,4489.0,2.0916262055509325,206.99969365163813,potential_interest,simple,Yanamina,2018-07-24,Ba,truth field,1798.0,False,,0.1,mg/kg,750.0,500.0,2000.0,73.76313442364011,357.02801010564986,73.76313442364011,6773.737967249047,False,"Área de potencial interés contigua a los botaderos de desmonte DY -03, DY -04 y DY-05,al sur de la laguna Suytococha (bofedal), sector Yanamina"
L042,SB11J,503707,8584847,-74.96584260997032,-12.801212742744497,32718,4175.0,4164.0,17.1577641957557,28.02784544168128,potential_interest,simple,Santa Barbara,2018-07-24,Ba,truth field,274.6,False,,0.1,mg/kg,750.0,500.0,2000.0,414.2088845015278,964.2074465590898,414.2088845015278,1934.8170334203396,False,"Área de potencial interés contigua a la desmontera 2, ubicada 1 km al norte de la ciudad de Huancavelica, Sector Santa Bárbara"
L043,SB11G,503707,8584957,-74.96584274384789,-12.800218028943576,32718,4147.0,4135.0,16.25194266473548,15.674359220306002,potential_interest,simple,Santa Barbara,2018-07-24,Ba,truth field,243.5,False,,0.1,mg/kg,750.0,500.0,2000.0,518.6800555255619,972.7260662694302,518.6800555255619,1844.5908879223525,False,"Área de potencial interés contigua a la desmontera 2, ubicada 1 km al norte de la ciudad de Huancavelica, Sector Santa Bárbara"
L044,SB7E,503708,8579859,-74.9658273114419,-12.846318412139535,32718,4503.0,4496.0,5.473641095238119,192.49100040431256,potential_interest,simple,Yanamina,2018-07-24,Ba,truth field,1472.0,False,,0.1,mg/kg,750.0,500.0,2000.0,29.832867780352597,263.89770745499095,29.832867780352597,6681.120178285547,False,"Área de potencial interés contigua a los botaderos de desmonte DY -03, DY -04 y DY-05,al sur de la laguna Suytococha (bofedal), sector Yanamina"
L045,SB7G,503710,8579962,-74.96580900551274,-12.845386999099265,32718,4512.0,4503.0,5.020682445903572,202.17654469915223,potential_interest,simple,Yanamina,2018-07-24,Ba,truth field,1248.0,False,,0.1,mg/kg,750.0,500.0,2000.0,127.1416532848303,163.23296235748464,127.1416532848303,6579.8287592428105,False,"Área de potencial interés contigua a los botaderos de desmonte DY -03, DY -04 y DY-05,al sur de la laguna Suytococha (bofedal), sector Yanamina"
L046,SB11B,503712,8585108,-74.96579685656818,-12.798852552083163,32718,4105.0,4101.0,13.345713346640432,6.017761412004106,potential_interest,simple,Santa Barbara,2018-07-24,Ba,truth field,153.5,False,,0.1,mg/kg,750.0,500.0,2000.0,666.1088499637277,1008.9212060413836,666.1088499637277,1727.615283748859,False,"Área de potencial interés contigua a la desmontera 2, ubicada 1 km al norte de la ciudad de Huancavelica, Sector Santa Bárbara"
L047,SB12C,503715,8584594,-74.96576858699709,-12.803500574634262,32718,4241.0,4228.0,20.146939429244547,55.566303354374305,potential_interest,simple,Santa Barbara,2018-07-24,Ba,truth field,411.0,False,,0.1,mg/kg,750.0,500.0,2000.0,204.04411287758342,987.2958016724268,204.04411287758342,2153.372036588449,False,"Área de potencial interés contigua a la desmontera 2, ubicada 2 km al norte de la ciudad de Huancavelica, Sector
Santa Bárbara"
L048,SB7C,503716,8579799,-74.9657535104818,-12.846860971810948,32718,4499.0,4491.0,4.412313855758794,212.49299499089238,potential_interest,simple,Yanamina,2018-07-24,Ba,truth field,1601.0,False,,0.1,mg/kg,750.0,500.0,2000.0,38.600518131237564,324.4225639501667,38.600518131237564,6741.624102519699,False,"Área de potencial interés contigua a los botaderos de desmonte DY -03, DY -04 y DY-05,al sur de la laguna Suytococha (bofedal), sector Yanamina"
L049,SB11D,503716,8585058,-74.96575993874448,-12.799304689989606,32718,4114.0,4107.0,13.715516323265057,0.0,potential_interest,simple,Santa Barbara,2018-07-24,Ba,truth field,201.1,False,,0.1,mg/kg,750.0,500.0,2000.0,618.4795873753636,1000.0449989875456,618.4795873753636,1769.2527169163575,False,"Área de potencial interés contigua a la desmontera 2, ubicada 1 km al norte de la ciudad de Huancavelica, Sector Santa Bárbara"
L050,SB7J,503717,8580067,-74.9657446228273,-12.84443749434135,32718,4517.0,4507.0,13.788246537724806,265.24607548179307,potential_interest,simple,Yanamina,2018-07-24,Ba,truth field,1820.0,False,,0.1,mg/kg,750.0,500.0,2000.0,83.54639429682169,71.50524456289902,71.50524456289902,6477.460003629833,False,"Área de potencial interés contigua a los botaderos de desmonte DY -03, DY -04 y DY-05,al sur de la laguna Suytococha (bofedal), sector Yanamina"
L051,SB7I,503718,8580034,-74.9657353665294,-12.844735906285893,32718,4516.0,4508.0,10.129434896637791,273.9165899912398,potential_interest,simple,Yanamina,2018-07-24,Ba,truth field,1584.0,False,,0.1,mg/kg,750.0,500.0,2000.0,105.43718509140881,98.97979591815695,98.97979591815695,6510.158946840717,False,"Área de potencial interés contigua a los botaderos de desmonte DY -03, DY -04 y DY-05,al sur de la laguna Suytococha (bofedal), sector Yanamina"
L052,SB7F,503721,8579923,-74.96570758278322,-12.845739655939022,32718,4511.0,4501.0,2.7945109775890815,180.0,potential_interest,simple,Yanamina,2018-07-24,Ba,truth field,1411.0,False,,0.1,mg/kg,750.0,500.0,2000.0,87.20665112249179,203.74739262135355,87.20665112249179,6620.1092068302205,False,"Área de potencial interés contigua a los botaderos de desmonte DY -03, DY -04 y DY-05,al sur de la laguna Suytococha (bofedal), sector Yanamina"
L053,SB7D,503722,8579819,-74.96569823929283,-12.846680108172036,32718,4500.0,4494.0,5.216924580962116,206.99969365163813,potential_interest,simple,Yanamina,2018-07-24,Ba,truth field,565.9,False,,0.1,mg/kg,750.0,500.0,2000.0,17.72004514666935,305.6304958606062,17.72004514666935,6722.862874870681,False,"Área de potencial interés contigua a los botaderos de desmonte DY -03, DY -04 y DY-05,al sur de la laguna Suytococha (bofedal), sector Yanamina"
L054,SB7A,503723,8579759,-74.96568894971874,-12.847222676227805,32718,4498.0,4491.0,4.983457093280994,221.72203945890237,potential_interest,simple,Yanamina,2018-07-24,Ba,truth field,1497.0,False,,0.1,mg/kg,750.0,500.0,2000.0,77.10382610480494,365.0164379860173,77.10382610480494,6782.229574016775,False,"Área de potencial interés contigua a los botaderos de desmonte DY -03, DY -04 y DY-05,al sur de la laguna Suytococha (bofedal), sector Yanamina"
L055,SB11F,503723,8584988,-74.96569535362083,-12.799937681344371,32718,4143.0,4129.0,13.655856023646944,13.81896465066032,potential_interest,simple,Santa Barbara,2018-07-24,Ba,truth field,344.1,False,,0.1,mg/kg,750.0,500.0,2000.0,552.9575028878802,993.1369492673203,552.9575028878802,1829.1030631388346,False,"Área de potencial interés contigua a la desmontera 2, ubicada 1 km al norte de la ciudad de Huancavelica, Sector Santa Bárbara"
L056,SB11I,503725,8584898,-74.96567681506198,-12.800751535712367,32718,4164.0,4153.0,11.666042520516278,15.128631184780602,potential_interest,simple,Santa Barbara,2018-07-24,Ba,truth field,309.4,False,,0.1,mg/kg,750.0,500.0,2000.0,468.2841018014598,984.5633549955026,468.2841018014598,1903.0578425302072,False,"Área de potencial interés contigua a la desmontera 2, ubicada 1 km al norte de la ciudad de Huancavelica, Sector Santa Bárbara"
L057,SB4B,503732,8581657,-74.96560833906184,-12.830059380308956,32718,4369.0,4354.0,18.480100347715993,332.683717802282,potential_interest,simple,Yanamina,2018-07-19,Ba,truth field,121.5,False,,0.1,mg/kg,750.0,500.0,2000.0,93.2148056909416,961.2075738361616,93.2148056909416,4920.7933922409,False,"Área de potencial interés ubicada contigua al botadero de desmonte DY-18; bofedal aportante de la quebrada Carnicería, sector Yanamina"
L058,SB4A,503733,8581685,-74.96559915812166,-12.82980617978854,32718,4358.0,4345.0,14.649879899648225,336.64552947215435,potential_interest,simple,Yanamina,2018-07-19,Ba,truth field,468.5,False,,0.1,mg/kg,750.0,500.0,2000.0,120.81390648431164,970.7734030143183,120.81390648431164,4893.7391882147895,False,"Área de potencial interés ubicada contigua al botadero de desmonte DY-18; bofedal aportante de la quebrada Carnicería, sector Yanamina"
L059,SB7L,503738,8580090,-74.96555111797848,-12.844229484106759,32718,4524.0,4516.0,15.378403595224352,231.59954439154282,potential_interest,simple,Yanamina,2018-07-24,Ba,truth field,2806.0,False,,0.1,mg/kg,750.0,500.0,2000.0,52.630789467763066,75.23961722390672,52.630789467763066,6458.370431610005,False,"Área de potencial interés contigua a los botaderos de desmonte DY -03, DY -04 y DY-05,al sur de la laguna Suytococha (bofedal), sector Yanamina"
L060,SB4D,503740,8581614,-74.9655345633934,-12.83044821245132,32718,4367.0,4370.0,16.218115443452895,319.0397673029467,potential_interest,simple,Yanamina,2018-07-19,Ba,truth field,322.2,False,,0.1,mg/kg,750.0,500.0,2000.0,49.49747468305833,938.9190593443079,49.49747468305833,4964.491826395352,False,"Área de potencial interés ubicada contigua al botadero de desmonte DY-18; bofedal aportante de la quebrada Carnicería, sector Yanamina"
L061,SB7H,503742,8579997,-74.96551413986461,-12.845070461767586,32718,4514.0,4510.0,7.653537367571345,218.0920082762951,potential_interest,simple,Yanamina,2018-07-24,Ba,truth field,1801.0,False,,0.1,mg/kg,750.0,500.0,2000.0,115.96551211459379,143.0314650697531,115.96551211459379,6550.682314870827,False,"Área de potencial interés contigua a los botaderos de desmonte DY -03, DY -04 y DY-05,al sur de la laguna Suytococha (bofedal), sector Yanamina"
L062,SB11H,503742,8584949,-74.9655202350142,-12.800290329767154,32718,4152.0,4138.0,14.321246389470344,340.06387464580735,potential_interest,simple,Santa Barbara,2018-07-24,Ba,truth field,213.6,False,,0.1,mg/kg,750.0,500.0,2000.0,522.0153254455275,1006.4218797303644,522.0153254455275,1871.7263046220519,False,"Área de potencial interés contigua a la desmontera 2, ubicada 1 km al norte de la ciudad de Huancavelica, Sector Santa Bárbara"
L063,SB4C,503743,8581638,-74.96550694689212,-12.830231180848704,32718,4364.0,4365.0,17.633522557672713,324.9853664243836,potential_interest,simple,Yanamina,2018-07-19,Ba,truth field,342.8,False,,0.1,mg/kg,750.0,500.0,2000.0,73.10950690573696,944.174771956972,73.10950690573696,4941.783156142935,False,"Área de potencial interés ubicada contigua al botadero de desmonte DY-18; bofedal aportante de la quebrada Carnicería, sector Yanamina"
L064,SB12D,503743,8584613,-74.9655106078096,-12.803328726818043,32718,4231.0,4217.0,12.13762374614636,47.087318294747284,potential_interest,simple,Santa Barbara,2018-07-24,Ba,truth field,201.0,False,,0.1,mg/kg,750.0,500.0,2000.0,237.64890069175578,1017.0752184573174,237.64890069175578,2151.396675440131,False,"Área de potencial interés contigua a la desmontera 2, ubicada 2 km al norte de la ciudad de Huancavelica, Sector
Santa Bárbara"
L065,SB7K,503744,8580069,-74.96549579692086,-12.844419376127476,32718,4523.0,4514.0,11.54387024255555,248.99350579489123,potential_interest,simple,Yanamina,2018-07-24,Ba,truth field,2623.0,False,,0.1,mg/kg,750.0,500.0,2000.0,64.35060217278468,90.69729874698585,64.35060217278468,6480.090111388096,False,"Área de potencial interés contigua a los botaderos de desmonte DY -03, DY -04 y DY-05,al sur de la laguna Suytococha (bofedal), sector Yanamina"
L066,SB13B,503801,8584252,-74.96497572367258,-12.806593125069208,32718,4309.0,4310.0,12.020263587511481,76.74741437946496,potential_interest,simple,Santa Barbara,2018-07-24,Ba,truth field,256.0,False,,0.1,mg/kg,750.0,500.0,2000.0,68.00735254367721,1097.843795810679,68.00735254367721,2493.886285263195,False,"Área de potencial interés contigua a la desmontera 2, ubicada 2 km al norte de la ciudad de Huancavelica, Sector Santa Bárbara"
L067,SB13C,503817,8584221,-74.96482825298429,-12.806873433727189,32718,4310.0,4307.0,8.79920101731439,3.0700345369666593,potential_interest,simple,Santa Barbara,2018-07-24,Ba,truth field,189.6,False,,0.1,mg/kg,750.0,500.0,2000.0,40.718546143004666,1120.7970378262069,40.718546143004666,2528.768488764701,False,"Área de potencial interés contigua a la desmontera 2, ubicada 2 km al norte de la ciudad de Huancavelica, Sector Santa Bárbara"
L068,SB13A,503822,8584263,-74.96478223321901,-12.806493627931895,32718,4308.0,4300.0,12.662204961454663,33.607600059779855,potential_interest,simple,Santa Barbara,2018-07-24,Ba,truth field,258.9,False,,0.1,mg/kg,750.0,500.0,2000.0,82.00609733428362,1115.894708294649,82.00609733428362,2494.185135631263,False,"Área de potencial interés contigua a la desmontera 2, ubicada 2 km al norte de la ciudad de Huancavelica, Sector Santa Bárbara"
L069,SB13D,503835,8584217,-74.96466238696497,-12.806909582919877,32718,4312.0,4307.0,8.79920101731439,3.0700345369666593,potential_interest,simple,Santa Barbara,2018-07-24,Ba,truth field,171.5,False,,0.1,mg/kg,750.0,500.0,2000.0,48.104053883222775,1139.2251752836223,48.104053883222775,2540.8101018130437,False,"Área de potencial interés contigua a la desmontera 2, ubicada 2 km al norte de la ciudad de Huancavelica, Sector Santa Bárbara"
L070,SB13E,503845,8584200,-74.96457022049113,-12.807063298962268,32718,4315.0,4310.0,9.913411855491505,320.1800757627085,potential_interest,simple,Santa Barbara,2018-07-24,Ba,truth field,293.5,False,,0.1,mg/kg,750.0,500.0,2000.0,47.75981574503821,1153.2445534230803,47.75981574503821,2560.5204762448916,False,"Área de potencial interés contigua a la desmontera 2, ubicada 2 km al norte de la ciudad de Huancavelica, Sector Santa Bárbara"
L071,HPA-03/S-1,504122,8581408,-74.96201401788463,-12.832310550701548,32718,4416.0,4409.0,14.348578626496392,345.9323236961409,unlabelled,simple,Unassigned,2018-09-08,Ba,truth field,495.4,False,,0.1,mg/kg,750.0,500.0,2000.0,406.5390510147826,515.5938323913505,406.5390510147826,5261.036837174088,False,"Zona de pajonal de ichu, rodeado al este y noreste por bofedales"
L072,HPA-03/S-2 | HPA-07/S-1,504131,8581424,-74.96193110083027,-12.832165853413107,32718,4414.0,4409.0,14.348578626496392,345.9323236961409,unlabelled,simple,Unassigned,2018-09-08,Ba,truth field,520.2763688656255,False,,0.1,mg/kg,750.0,500.0,2000.0,409.0684539291682,510.13135563303695,409.0684539291682,5248.271746336201,True,Zona final de ladera con presencia de pastizal ralo
L073,SB5A,504310,8580835,-74.96028070509071,-12.837491835521167,32718,4508.0,4501.0,9.965424572589395,22.176544699152217,potential_interest,simple,Yanamina,2018-07-20,Ba,truth field,901.5,False,,0.1,mg/kg,750.0,500.0,2000.0,64.32728814430156,570.7889277132134,64.32728814430156,5863.865568110628,False,"Área de potencial interés ubicada contigua a los botaderos de desmonte DY-13 y DY-14, sector Yanamina"
L074,SB5C,504322,8580786,-74.96017004799732,-12.837934917295788,32718,4517.0,4513.0,13.354411255048433,26.999693651638133,potential_interest,simple,Yanamina,2018-07-20,Ba,truth field,1224.0,False,,0.1,mg/kg,750.0,500.0,2000.0,28.653097563788805,605.9414163101908,28.653097563788805,5914.248467063949,False,"Área de potencial interés ubicada contigua a los botaderos de desmonte DY-13 y DY-14, sector Yanamina"
L075,SB5B,504343,8580820,-74.95997656843673,-12.837627431784398,32718,4508.0,4501.0,8.068828436907648,341.23844718718937,potential_interest,simple,Yanamina,2018-07-20,Ba,truth field,135.7,False,,0.1,mg/kg,750.0,500.0,2000.0,66.48308055437865,565.9911660087992,66.48308055437865,5887.771592252687,False,"Área de potencial interés ubicada contigua a los botaderos de desmonte DY-13 y DY-14, sector Yanamina"
L076,SB5E,504344,8580765,-74.9599672741314,-12.838124785845938,32718,4525.0,4510.0,10.802890386669025,16.403827229696162,potential_interest,simple,Yanamina,2018-07-20,Ba,truth field,152.1,False,,0.1,mg/kg,750.0,500.0,2000.0,14.866068747318506,613.6709215858284,14.866068747318506,5940.693058797538,False,"Área de potencial interés ubicada contigua a los botaderos de desmonte DY-13 y DY-14, sector Yanamina"
L077,NFSB-4,504351,8584773,-74.95990849948657,-12.801881077699838,32718,4199.0,4193.0,22.11918229980773,118.71007139767552,background,composite,Santa Barbara,2018-07-25,Ba,truth field,234.8,False,,0.1,mg/kg,750.0,500.0,2000.0,806.5494405180627,1608.9064609230707,806.5494405180627,2406.8545079354994,False,Parcelas ubicadas en el sector Santa Bárbara
L078,SB5D,504361,8580785,-74.9598106370607,-12.837943905402684,32718,4515.0,4510.0,8.361133594433927,340.21835740229136,potential_interest,simple,Yanamina,2018-07-20,Ba,truth field,263.7,False,,0.1,mg/kg,750.0,500.0,2000.0,31.78049716414141,588.102882155835,31.78049716414141,5926.50298433465,False,"Área de potencial interés ubicada contigua a los botaderos de desmonte DY-13 y DY-14, sector Yanamina"
L079,NFSB-3,504395,8584773,-74.95950306953617,-12.801881015697255,32718,4189.0,4174.0,17.131390730601275,138.78116585511867,background,composite,Santa Barbara,2018-07-25,Ba,truth field,166.0,False,,0.1,mg/kg,750.0,500.0,2000.0,837.2251787900314,1652.8823309600716,837.2251787900314,2438.573407084306,False,Parcelas ubicadas en el sector Santa Bárbara
L080,NFSB-5,504395,8584817,-74.95950313303119,-12.801483130234883,32718,4196.0,4189.0,14.64826267601103,137.00626003428306,background,composite,Santa Barbara,2018-07-25,Ba,truth field,258.1,False,,0.1,mg/kg,750.0,500.0,2000.0,868.7427697540855,1652.0302660665755,868.7427697540855,2408.4899207046387,False,Parcelas ubicadas en el sector Santa Bárbara
L081,NFY-15,504405,8581013,-74.95940548015933,-12.835882078466964,32718,4493.0,4475.0,6.649457856745024,12.318042996826037,background,composite,Yanamina,2018-07-23,Ba,truth field,125.3,False,,0.1,mg/kg,750.0,500.0,2000.0,263.97348351681086,370.600863463646,263.97348351681086,5722.397953848453,False,"Parcelas ubicadas sobre el bofedal del paraje Cumallipata, sector Yanamina "
L082,NFSB-2,504439,8584773,-74.95909763958792,-12.80188095307082,32718,4182.0,4168.0,15.144643258137434,150.65410618155724,background,composite,Santa Barbara,2018-07-25,Ba,truth field,231.9,False,,0.1,mg/kg,750.0,500.0,2000.0,869.0466040437648,1696.8594520466331,869.0466040437648,2470.6687153700077,False,Parcelas ubicadas en el sector Santa Bárbara
L083,NFSB-11,504439,8584860,-74.95909776638969,-12.801094224989876,32718,4202.0,4190.0,16.19218688113056,134.45977622386044,background,composite,Santa Barbara,2018-07-25,Ba,truth field,133.0,False,,0.1,mg/kg,750.0,500.0,2000.0,930.2134163728235,1696.3210191470246,930.2134163728235,2412.390056916873,False,Parcelas ubicadas en el sector Santa Bárbara
L084,NFSB-6,504440,8584816,-74.95908848795824,-12.801492109031432,32718,4189.0,4184.0,14.031007517668728,133.12837677809904,background,composite,Santa Barbara,2018-07-25,Ba,truth field,172.6,False,,0.1,mg/kg,750.0,500.0,2000.0,899.4576143432218,1697.0356507746087,899.4576143432218,2442.3931587928605,False,Parcelas ubicadas en el sector Santa Bárbara
L085,NFY-14,504449,8581028,-74.9590000177867,-12.835746373107328,32718,4492.0,4478.0,6.666088825278639,334.8112269478744,background,composite,Yanamina,2018-07-23,Ba,truth field,66.4,False,,0.1,mg/kg,750.0,500.0,2000.0,290.0017241328058,333.16962646675944,290.0017241328058,5722.004612846876,False,"Parcelas ubicadas sobre el bofedal del paraje Cumallipata, sector Yanamina "
L086,SB6B,504483,8581394,-74.95868722935931,-12.83243664859473,32718,4453.0,4435.0,1.2099628131529876,281.10394170963525,potential_interest,simple,Yanamina,2018-07-23,Ba,truth field,29.8,False,,0.1,mg/kg,750.0,500.0,2000.0,158.93709447451215,168.0773631397161,158.93709447451215,5387.950057546948,False,"Área de potencial interés ubicada en· el bofedal del paraje Cumallipata, contigua al botadero de desmonte DY-15 y  bocamina BY-06; sector Yanamina."
L087,NFSB-1,504483,8584772,-74.95869220816984,-12.801889932671722,32718,4173.0,4163.0,14.51299025948978,144.79751140277082,background,composite,Santa Barbara,2018-07-25,Ba,truth field,141.2,False,,0.1,mg/kg,750.0,500.0,2000.0,901.2397017442141,1740.8690358553683,901.2397017442141,2503.7968274775344,False,Parcelas ubicadas en el sector Santa Bárbara
L088,NFSB-7,504483,8584816,-74.95869227293623,-12.801492047213662,32718,4183.0,4173.0,12.44569453021487,122.309468312076,background,composite,Santa Barbara,2018-07-25,Ba,truth field,116.1,False,,0.1,mg/kg,750.0,500.0,2000.0,930.5444642788436,1740.034769767547,930.5444642788436,2474.488631956842,False,Parcelas ubicadas en el sector Santa Bárbara
L089,NFSB-10,504483,8584860,-74.95869233770047,-12.8010941617436,32718,4194.0,4177.0,14.414338425746744,129.27510483422822,background,composite,Santa Barbara,2018-07-25,Ba,truth field,145.0,False,,0.1,mg/kg,750.0,500.0,2000.0,960.9708632419612,1740.3129028999354,960.9708632419612,2445.6208671993127,False,Parcelas ubicadas en el sector Santa Bárbara
L090,SB6A,504491,8581435,-74.95861356655124,-12.83206588095476,32718,4455.0,4435.0,3.135699354991769,26.999693651638133,potential_interest,simple,Yanamina,2018-07-23,Ba,truth field,24.0,False,,0.1,mg/kg,750.0,500.0,2000.0,179.6941846582688,186.1316738225926,179.6941846582688,5352.261039212821,False,"Área de potencial interés ubicada en· el bofedal del paraje Cumallipata, contigua al botadero de desmonte DY-15 y  bocamina BY-06; sector Yanamina."
L091,NFY-13,504493,8581028,-74.95859453365824,-12.83574630954204,32718,4493.0,4480.0,5.632457622719263,335.1464829457472,background,composite,Yanamina,2018-07-23,Ba,truth field,84.5,False,,0.1,mg/kg,750.0,500.0,2000.0,301.3585903869342,311.746692043396,301.3585903869342,5736.1705369357915,False,"Parcelas ubicadas sobre el bofedal del paraje Cumallipata, sector Yanamina "
L092,SB6D,504521,8581360,-74.95833699249846,-12.832744049554446,32718,4455.0,4438.0,6.423394273023185,263.777316353365,potential_interest,simple,Yanamina,2018-07-23,Ba,truth field,20.3,False,,0.1,mg/kg,750.0,500.0,2000.0,108.55873986004075,118.53269591129698,108.55873986004075,5433.014259752845,False,"Área de potencial interés ubicada en· el bofedal del paraje Cumallipata, contigua al botadero de desmonte DY-15 y  bocamina BY-06; sector Yanamina."
L093,NFSB-8,504527,8584816,-74.95828684361355,-12.801491983341519,32718,4176.0,4167.0,11.439261942747423,122.87191669350793,background,composite,Santa Barbara,2018-07-25,Ba,truth field,220.6,False,,0.1,mg/kg,750.0,500.0,2000.0,963.303171384793,1784.0339122337332,963.303171384793,2507.6685644344966,False,Parcelas ubicadas en el sector Santa Bárbara
L094,NFSB-9,504527,8584860,-74.95828690901342,-12.801094097873515,32718,4184.0,4170.0,13.105692790968945,131.60057028821885,background,composite,Santa Barbara,2018-07-25,Ba,truth field,164.8,False,,0.1,mg/kg,750.0,500.0,2000.0,992.7260447877853,1784.3051869004921,992.7260447877853,2479.187178381262,False,Parcelas ubicadas en el sector Santa Bárbara
L095,NFSB-12,504527,8584903,-74.95828697292481,-12.800705255245468,32718,4196.0,4177.0,14.678005669066339,139.54696774696325,background,composite,Santa Barbara,2018-07-25,Ba,truth field,160.5,False,,0.1,mg/kg,750.0,500.0,2000.0,1022.4920537588544,1785.6181002666835,1022.4920537588544,2451.796385235992,False,Parcelas ubicadas en el sector Santa Bárbara
L096,SB6C,504528,8581408,-74.95827255597534,-12.8323099834774,32718,4455.0,4437.0,6.221861426415022,299.0152973301201,potential_interest,simple,Yanamina,2018-07-23,Ba,truth field,36.0,False,,0.1,mg/kg,750.0,500.0,2000.0,134.9518432626987,140.71602609511115,134.9518432626987,5390.518275125792,False,"Área de potencial interés ubicada en· el bofedal del paraje Cumallipata, contigua al botadero de desmonte DY-15 y  bocamina BY-06; sector Yanamina."
L097,NFY-12,504537,8581014,-74.95818902861596,-12.83587284494121,32718,4498.0,4481.0,3.9865520492539863,314.45977622386044,background,composite,Yanamina,2018-07-23,Ba,truth field,78.1,False,,0.1,mg/kg,750.0,500.0,2000.0,300.048329440442,308.71669860893496,300.048329440442,5763.844918759333,False,"Parcelas ubicadas sobre el bofedal del paraje Cumallipata, sector Yanamina "
L098,SB6E,504555,8581362,-74.95802367057195,-12.832725914051892,32718,4458.0,4443.0,11.66117966968472,259.78258960172616,potential_interest,simple,Yanamina,2018-07-23,Ba,truth field,45.2,False,,0.1,mg/kg,750.0,500.0,2000.0,82.73451516749222,90.21086409075129,82.73451516749222,5443.093021655085,False,"Área de potencial interés ubicada en· el bofedal del paraje Cumallipata, contigua al botadero de desmonte DY-15 y  bocamina BY-06; sector Yanamina."
L099,SB6F,504557,8581322,-74.9580051796866,-12.833087624301559,32718,4459.0,4440.0,10.833612260099889,274.87734924529724,potential_interest,simple,Yanamina,2018-07-23,Ba,truth field,27.7,False,,0.1,mg/kg,750.0,500.0,2000.0,59.77457653551382,72.18032973047436,59.77457653551382,5481.220679589928,False,"Área de potencial interés ubicada en· el bofedal del paraje Cumallipata, contigua al botadero de desmonte DY-15 y  bocamina BY-06; sector Yanamina."
L100,NFSB-13,504571,8584904,-74.95788154636189,-12.800696147901688,32718,4191.0,4172.0,12.600274015102363,190.68664906536983,background,composite,Santa Barbara,2018-07-25,Ba,truth field,185.4,False,,0.1,mg/kg,750.0,500.0,2000.0,1054.9127926042038,1829.6209990049852,1054.9127926042038,2485.435201572643,False,Parcelas ubicadas en el sector Santa Bárbara
L101,SB6G,504590,8581317,-74.95770106223297,-12.83313278969335,32718,4464.0,4450.0,14.650786678732015,267.3245466300252,potential_interest,simple,Yanamina,2018-07-23,Ba,truth field,154.7,False,,0.1,mg/kg,750.0,500.0,2000.0,27.294688127912362,38.8329756778952,27.294688127912362,5497.600106586241,False,"Área de potencial interés ubicada en· el bofedal del paraje Cumallipata, contigua al botadero de desmonte DY-15 y  bocamina BY-06; sector Yanamina."
L102,NFY-1,504596,8581217,-74.95764561820009,-12.83403706372296,32718,4459.0,4460.0,12.084739295765347,351.0899804078108,background,composite,Yanamina,2018-07-23,Ba,truth field,24.2,False,,0.1,mg/kg,750.0,500.0,2000.0,88.84255736976509,97.40636529508737,88.84255736976509,5593.228599268573,False,"Parcelas ubicadas en el bofedal del paraje Cumallipata, sector Yanamina"
L103,NFSB-14,504615,8584903,-74.95747611679974,-12.800705125637917,32718,4193.0,4175.0,12.86076071002064,204.68189851105188,background,composite,Santa Barbara,2018-07-25,Ba,truth field,255.9,False,,0.1,mg/kg,750.0,500.0,2000.0,1086.8238127681966,1873.542099873926,1086.8238127681966,2520.622302804394,False,Parcelas ubicadas en el sector Santa Bárbara
L104,NFSB-15,504615,8584947,-74.95747618346647,-12.800307240150358,32718,4198.0,4187.0,8.330974979669108,180.0,background,composite,Santa Barbara,2018-07-25,Ba,truth field,155.6,False,,0.1,mg/kg,750.0,500.0,2000.0,1116.4201717991305,1875.8422108482366,1116.4201717991305,2493.824418396773,False,Parcelas ubicadas en el sector Santa Bárbara
L105,NFY-2,504640,8581217,-74.9572401368172,-12.834036998076769,32718,4469.0,4463.0,9.945792136831605,355.9333627118279,background,composite,Yanamina,2018-07-23,Ba,truth field,14.1,False,,0.1,mg/kg,750.0,500.0,2000.0,90.80198235721508,92.77930803794561,90.80198235721508,5608.87313130233,False,"Parcelas ubicadas en el bofedal del paraje Cumallipata, sector Yanamina"
L106,NFY-9,504648,8581057,-74.95716616806308,-12.835483838627287,32718,4504.0,4487.0,11.566216840390009,336.10379557981184,background,composite,Yanamina,2018-07-23,Ba,truth field,13.5,False,,0.1,mg/kg,750.0,500.0,2000.0,249.3290997858052,252.79240494919938,249.3290997858052,5761.296710545394,False,"Parcelas ubicadas en el bofedal del paraje Cumallipata, sector Yanamina"
L107,NFY-11,504654,8580970,-74.9571107415007,-12.83627055561912,32718,4511.0,4498.0,5.970756843728821,317.64236929035803,background,composite,Yanamina,2018-07-23,Ba,truth field,132.2,False,,0.1,mg/kg,750.0,500.0,2000.0,336.38668225719044,339.99558820667073,336.38668225719044,5844.923767865665,False,"Parcelas ubicadas sobre el bofedal del paraje Cumallipata, sector Yanamina "
L108,NFY-6,504654,8581130,-74.95711098669967,-12.834823703153232,32718,4475.0,4472.0,7.695544473264056,25.43346154226255,background,composite,Yanamina,2018-07-23,Ba,truth field,17.1,False,,0.1,mg/kg,750.0,500.0,2000.0,178.53851125177448,180.87841220001906,178.53851125177448,5695.128778411931,False,"Parcelas ubicadas en el bofedal del paraje Cumallipata, sector Yanamina"
L109,NFY-10,504669,8581014,-74.95697257564193,-12.835872648613327,32718,4508.0,4495.0,8.714221612521397,349.087778878908,background,composite,Yanamina,2018-07-23,Ba,truth field,23.5,False,,0.1,mg/kg,750.0,500.0,2000.0,295.16944286290885,297.8355250805384,295.16944286290885,5808.933048815054,False,"Parcelas ubicadas en el bofedal del paraje Cumallipata, sector Yanamina"
L110,NFY-5,504669,8581173,-74.95697282008562,-12.834434838935003,32718,4475.0,4467.0,7.888072032125769,3.4303977979467106,background,composite,Yanamina,2018-07-23,Ba,truth field,16.3,False,,0.1,mg/kg,750.0,500.0,2000.0,142.0774436706967,142.04576727238302,142.04576727238302,5660.362013949261,False,"Parcelas ubicadas en el bofedal del paraje Cumallipata, sector Yanamina"
L111,NFY-3,504684,8581217,-74.95683465543657,-12.834036931805107,32718,4469.0,4462.0,8.344127238097997,356.7597618771666,background,composite,Yanamina,2018-07-23,Ba,truth field,15.9,False,,0.1,mg/kg,750.0,500.0,2000.0,111.66467659918243,107.70329614269008,107.70329614269008,5624.818347503725,False,"Parcelas ubicadas en el bofedal del paraje Cumallipata, sector Yanamina"
L112,NFY-4,504713,8581173,-74.95656733806906,-12.834434772248963,32718,4479.0,4468.0,10.85653604539585,317.9313479906366,background,composite,Yanamina,2018-07-23,Ba,truth field,69.6,False,,0.1,mg/kg,750.0,500.0,2000.0,164.20109622045769,160.37767924496225,160.37767924496225,5676.387387091288,False,"Parcelas ubicadas en el bofedal del paraje Cumallipata, sector Yanamina"
L113,NFY-8,504727,8581042,-74.95643811716764,-12.835619361392187,32718,4501.0,4493.0,5.3064449791988855,344.46836155869835,background,composite,Yanamina,2018-07-23,Ba,truth field,20.5,False,,0.1,mg/kg,750.0,500.0,2000.0,285.3296339324046,284.76305940202286,284.76305940202286,5803.468991179547,False,"Parcelas ubicadas en el bofedal del paraje Cumallipata, sector Yanamina"
L114,NFY-7,504771,8581057,-74.9560326568215,-12.835483651458516,32718,4502.0,4492.0,3.9855283100289345,339.08619168309934,background,composite,Yanamina,2018-07-23,Ba,truth field,54.6,False,,0.1,mg/kg,750.0,500.0,2000.0,292.67387994148027,289.74644087546613,289.74644087546613,5805.597021738119,False,"Parcelas ubicadas en el bofedal del paraje Cumallipata, sector Yanamina"
L001,SB8F,502403,8583970,-74.97785735714213,-12.80914460637278,32718,4132.0,4125.0,8.638568760131415,7.840759113543399,potential_interest,simple,Santa Barbara,2018-07-22,Bi,censoring gradient,,True,1.5,0.1,mg/kg,,,,79.81227975693966,625.511790456423,79.81227975693966,2492.0493322216385,False,"Área de potencial interés ubicada a ambos márgenes de la quebrada Santa Bárbara, contigua al depósito de relaves santa bárbara, Sector Santa Bárbara"
L002,SB8A,502414,8583994,-74.97775601576964,-12.808927569479387,32718,4123.0,4119.0,8.79220311190414,285.24771223722166,potential_interest,simple,Santa Barbara,2018-07-22,Bi,censoring gradient,,True,1.5,0.1,mg/kg,,,,79.88116173416608,599.3229513375906,79.88116173416608,2467.1752018551233,False,"Área de potencial interés ubicada a ambos márgenes de la quebrada Santa Bárbara, contigua al depósito de relaves santa bárbara, Sector Santa Bárbara"
L003,SB8B,502417,8583991,-74.97772836966361,-12.80895469568704,32718,4122.0,4119.0,8.79220311190414,285.24771223722166,potential_interest,simple,Santa Barbara,2018-07-22,Bi,censoring gradient,,True,1.5,0.1,mg/kg,,,,75.71657678474378,600.2882640865137,75.71657678474378,2469.907789875542,False,"Área de potencial interés ubicada a ambos márgenes de la quebrada Santa Bárbara, contigua al depósito de relaves santa bárbara, Sector Santa Bárbara"
L004,SB8E,502425,8583964,-74.97765463154732,-12.809198846336493,32718,4136.0,4125.0,8.638568760131415,7.840759113543399,potential_interest,simple,Santa Barbara,2018-07-22,Bi,censoring gradient,,True,1.5,0.1,mg/kg,,,,57.0087712549569,619.4295763038765,57.0087712549569,2496.1529942625552,False,"Área de potencial interés ubicada a ambos márgenes de la quebrada Santa Bárbara, contigua al depósito de relaves santa bárbara, Sector Santa Bárbara"
L005,SB8D,502437,8583932,-74.977544030912,-12.80948820805831,32718,4137.0,4127.0,10.256813074807066,331.2458746678426,potential_interest,simple,Santa Barbara,2018-07-22,Bi,censoring gradient,,True,1.5,0.1,mg/kg,,,,46.238512086787566,641.8138359368704,46.238512086787566,2527.121699148091,False,"Área de potencial interés ubicada a ambos márgenes de la quebrada Santa Bárbara, contigua al depósito de relaves santa bárbara, Sector Santa Bárbara"
L006,SB8C,502452,8583966,-74.977405839379,-12.809180739412257,32718,4135.0,4124.0,8.683742038366594,282.3019392702787,potential_interest,simple,Santa Barbara,2018-07-22,Bi,censoring gradient,,True,1.5,0.1,mg/kg,,,,32.7566787083184,604.7280380468562,32.7566787083184,2492.123496910117,False,"Área de potencial interés ubicada a ambos márgenes de la quebrada Santa Bárbara, contigua al depósito de relaves santa bárbara, Sector Santa Bárbara"
L007,SB9A,502640,8584504,-74.97567396419547,-12.804315532106001,32718,4224.0,4213.0,17.57325661129504,264.10245426498057,potential_interest,simple,Santa Barbara,2018-07-22,Bi,censoring gradient,,True,1.5,0.1,mg/kg,,,,83.2946576918352,92.02173656261873,83.2946576918352,1948.0531542153374,False,"Área de potencial interés contigua al depósito de desmonte DSB-7, Sector Santa Bárbara"
L008,SB9B,502663,8584492,-74.9754620223416,-12.804424026662744,32718,4230.0,4213.0,17.57325661129504,264.10245426498057,potential_interest,simple,Santa Barbara,2018-07-22,Bi,censoring gradient,,True,1.5,0.1,mg/kg,,,,60.207972893961475,69.72087205421343,60.207972893961475,1960.3461574035143,False,"Área de potencial interés contigua al depósito de desmonte DSB-7, Sector Santa Bárbara"
L009,SB9C,502679,8584508,-74.9753146058455,-12.804279327272463,32718,4237.0,4224.0,15.095725004835451,259.5743484800445,potential_interest,simple,Santa Barbara,2018-07-22,Bi,censoring gradient,,True,1.5,0.1,mg/kg,,,,45.35416188179427,53.33854141237835,45.35416188179427,1944.715074441955,False,"Área de potencial interés contigua al depósito de desmonte DSB-7, Sector Santa Bárbara"
L010,SB9D,502696,8584500,-74.97515795386748,-12.80435165535558,32718,4243.0,4222.0,15.120204537517571,265.6831567036818,potential_interest,simple,Santa Barbara,2018-07-22,Bi,censoring gradient,,True,1.5,0.1,mg/kg,,,,27.16615541441225,36.05551275463989,27.16615541441225,1953.2431195067497,False,"Área de potencial interés contigua al depósito de desmonte DSB-7, Sector Santa Bárbara"
L011,HPA-07/S-3,502818,8585047,-74.9740343022048,-12.799405106563837,32718,4172.0,4168.0,15.11290557580748,52.95229861705745,unlabelled,simple,Unassigned,2018-09-09,Bi,censoring gradient,,True,1.5,0.1,mg/kg,,,,558.1442465886395,232.43278598338918,232.43278598338918,1417.9963601366787,False,Zona de pajonal de ichu
L012,HPA-07/S-2,502853,8585053,-74.97371180982714,-12.799350817464587,32718,4161.0,4156.0,9.304055068175138,322.6101135718888,unlabelled,simple,Unassigned,2018-09-09,Bi,censoring gradient,,True,1.5,0.1,mg/kg,,,,570.9956216995013,251.3483638299641,251.3483638299641,1417.222393853772,False,Zona de pajonal de ichu
L013,SB3B,503265,8580774,-74.96991095469548,-12.838044727074738,32718,4430.0,4418.0,12.77194199717936,312.991945916185,potential_interest,simple,Yanamina,2018-07-19,Bi,censoring gradient,,True,1.5,0.1,mg/kg,,,,24.186773244895647,47.853944456021594,24.186773244895647,5713.793288806527,False,"Área de potencial interés ubicada conligua al botadero de desmonte DY-12; bofedal aportante de la quebrada Carnicería, sector Yanamina"
L014,SB3D,503276,8580817,-74.96980962912515,-12.837655873860735,32718,4426.0,4422.0,16.321447496129256,301.86101493010085,potential_interest,simple,Yanamina,2018-07-19,Bi,censoring gradient,,True,1.5,0.1,mg/kg,,,,42.05948168962618,71.55417527999327,42.05948168962618,5672.31364667532,False,"Área de potencial interés ubicada conligua al botadero de desmonte DY-12; bofedal aportante de la quebrada Carnicería, sector Yanamina"
L015,SB3C,503283,8580806,-74.96974510789836,-12.837755337546717,32718,4437.0,4422.0,16.321447496129256,301.86101493010085,potential_interest,simple,Yanamina,2018-07-19,Bi,censoring gradient,,True,1.5,0.1,mg/kg,,,,29.614185789921695,58.60034129593445,29.614185789921695,5684.045670980024,False,"Área de potencial interés ubicada conligua al botadero de desmonte DY-12; bofedal aportante de la quebrada Carnicería, sector Yanamina"
L016,SB3A,503300,8580804,-74.96958844013987,-12.837773405118815,32718,4436.0,4422.0,16.321447496129256,301.86101493010085,potential_interest,simple,Yanamina,2018-07-19,Bi,censoring gradient,,True,1.5,0.1,mg/kg,,,,29.154759474226502,51.62363799656123,29.154759474226502,5688.020136749736,False,"Área de potencial interés ubicada conligua al botadero de desmonte DY-12; bofedal aportante de la quebrada Carnicería, sector Yanamina"
L017,SB10F,503526,8583424,-74.967508748803,-12.81408092656888,32718,4369.0,4355.0,12.661059578500602,152.52930933571366,potential_interest,simple,Santa Barbara,2018-07-22,Bi,censoring gradient,,True,1.5,0.1,mg/kg,,,,63.198101237299845,1338.8502530156238,63.198101237299845,3158.783890003854,False,"Área de potencial interés contigua al depósito de desmonte DSB-12, Sector Santa Bárbara"
L018,SB10D,503536,8583371,-74.96741653959235,-12.814560185887926,32718,4358.0,4350.0,10.535857653263713,138.0396844200064,potential_interest,simple,Santa Barbara,2018-07-22,Bi,censoring gradient,,True,1.5,0.1,mg/kg,,,,116.1077086157504,1387.6516133381606,116.1077086157504,3212.4419466617146,False,"Área de potencial interés contigua al depósito de desmonte DSB-12, Sector Santa Bárbara"
L019,SB10B,503544,8583333,-74.96734277709704,-12.81490380479696,32718,4350.0,4337.0,12.942362440728141,125.74005009545424,potential_interest,simple,Santa Barbara,2018-07-22,Bi,censoring gradient,,True,1.5,0.1,mg/kg,,,,154.5477272560163,1423.342896142739,154.5477272560163,3251.153592473058,False,"Área de potencial interés contigua al depósito de desmonte DSB-12, Sector Santa Bárbara"
L020,SB10G,503549,8583443,-74.9672968314623,-12.813909086293327,32718,4374.0,4361.0,12.779117086609444,161.89944711556404,potential_interest,simple,Santa Barbara,2018-07-22,Bi,censoring gradient,,True,1.5,0.1,mg/kg,,,,47.53945729601885,1337.5238315633856,47.53945729601885,3147.239779848749,False,"Área de potencial interés contigua al depósito de desmonte DSB-12, Sector Santa Bárbara"
L021,SB10E,503551,8583396,-74.96727834709546,-12.814334097656188,32718,4362.0,4346.0,11.30225446026126,144.49874181965095,potential_interest,simple,Santa Barbara,2018-07-22,Bi,censoring gradient,,True,1.5,0.1,mg/kg,,,,93.17188417113823,1376.2256355699817,93.17188417113823,3192.7837097900156,False,"Área de potencial interés contigua al depósito de desmonte DSB-12, Sector Santa Bárbara"
L022,SB10C,503557,8583354,-74.96722300936813,-12.81471389020064,32718,4354.0,4343.0,12.13762374614636,132.9126817052527,potential_interest,simple,Santa Barbara,2018-07-22,Bi,censoring gradient,,True,1.5,0.1,mg/kg,,,,135.51752654177244,1413.6933896711832,135.51752654177244,3234.7281657518292,False,"Área de potencial interés contigua al depósito de desmonte DSB-12, Sector Santa Bárbara"
L023,SB10A,503564,8583312,-74.96715845667572,-12.815093681572602,32718,4362.0,4337.0,12.942362440728141,125.74005009545424,potential_interest,simple,Santa Barbara,2018-07-22,Bi,censoring gradient,,True,1.5,0.1,mg/kg,,,,178.08424972467387,1452.0068870360085,178.08424972467387,3276.970977430185,False,"Área de potencial interés contigua al depósito de desmonte DSB-12, Sector Santa Bárbara"
L024,SB2B,503607,8580667,-74.96675908107282,-12.839011929779709,32718,4479.0,4472.0,5.9678210402163545,314.45977622386044,potential_interest,simple,Yanamina,2018-07-18,Bi,censoring gradient,,True,1.5,0.1,mg/kg,,,,103.76897416858277,311.12216250212714,103.76897416858277,5867.509805250134,False,"Área de potencial interés ubicada conligua al botadero de desmonte DY-09; sobre un bofedal aportante de la quebrada Carnicería, sector Yanamina"
L025,SB2A,503613,8580679,-74.9667038013446,-12.838903408860128,32718,4480.0,4472.0,5.9678210402163545,314.45977622386044,potential_interest,simple,Yanamina,2018-07-18,Bi,censoring gradient,,True,1.5,0.1,mg/kg,,,,112.16059914247963,313.84868965793055,112.16059914247963,5856.686530097003,False,"Área de potencial interés ubicada conligua al botadero de desmonte DY-09; sobre un bofedal aportante de la quebrada Carnicería, sector Yanamina"
L026,SB11L,503620,8584781,-74.96664417505595,-12.801809673693832,32718,4207.0,4209.0,26.868575521372726,48.825330691832455,potential_interest,simple,Santa Barbara,2018-07-24,Bi,censoring gradient,,True,1.5,0.1,mg/kg,,,,327.1819065902025,878.2055568031894,327.1819065902025,1944.041283327869,False,"Área de potencial interés contigua a la desmontera 2, ubicada 1 km al norte de la ciudad de Huancavelica, Sector Santa Bárbara"
L027,SB2C,503624,8580669,-74.9666024171019,-12.838993824261376,32718,4482.0,4472.0,5.9678210402163545,314.45977622386044,potential_interest,simple,Yanamina,2018-07-18,Bi,censoring gradient,,True,1.5,0.1,mg/kg,,,,98.97979591815695,326.9740050829729,98.97979591815695,5868.403628735295,False,"Área de potencial interés ubicada conligua al botadero de desmonte DY-09; sobre un bofedal aportante de la quebrada Carnicería, sector Yanamina"
L028,SB1D,503627,8580207,-74.96657421806661,-12.843171605946889,32718,4506.0,4500.0,6.16856175579453,274.3168432963182,potential_interest,simple,Yanamina,2018-07-18,Bi,censoring gradient,140.1,False,1.5,0.1,mg/kg,,,,112.8716084761797,96.60745312862771,96.60745312862771,6324.642048606057,False,"Área de potencial interés ubicada debajo del botadero de desmonte DY-06 y contigua a la orilla este de la laguna Suytococha, sector Yanamina"
L029,SB2D,503627,8580642,-74.96657473784319,-12.839237977060506,32718,4480.0,4473.0,5.382353299572041,325.11439823150306,potential_interest,simple,Yanamina,2018-07-18,Bi,censoring gradient,,True,1.5,0.1,mg/kg,,,,72.61542535852834,337.76027001410336,72.61542535852834,5895.520882077542,False,"Área de potencial interés ubicada conligua al botadero de desmonte DY-09; sobre un bofedal aportante de la quebrada Carnicería, sector Yanamina"
L030,SB1F,503632,8580183,-74.96652811024639,-12.84338862784588,32718,4503.0,4498.0,7.052860372455268,197.54971472254823,potential_interest,simple,Yanamina,2018-07-18,Bi,censoring gradient,,True,1.5,0.1,mg/kg,,,,113.54734695271397,73.06161783043132,73.06161783043132,6349.130909772994,False,"Área de potencial interés ubicada debajo del botadero de desmonte DY-06 y contigua a la orilla este de la laguna Suytococha, sector Yanamina"
L031,SB1A,503639,8580246,-74.96646367499258,-12.842818921724128,32718,4496.0,4502.0,10.136458650222988,283.15107561305496,potential_interest,simple,Yanamina,2018-07-18,Bi,censoring gradient,,True,1.5,0.1,mg/kg,,,,103.07764064044152,129.52219886953742,103.07764064044152,6288.057207523232,False,"Área de potencial interés ubicada debajo del botadero de desmonte DY-06 y contigua a la orilla este de la laguna Suytococha, sector Yanamina"
L032,SB1C,503662,8580236,-74.96625169937042,-12.842909322817677,32718,4514.0,4502.0,10.136458650222988,283.15107561305496,potential_interest,simple,Yanamina,2018-07-18,Bi,censoring gradient,,True,1.5,0.1,mg/kg,,,,78.44743462982075,116.21101496846157,78.44743462982075,6301.665445314035,False,"Área de potencial interés ubicada debajo del botadero de desmonte DY-06 y contigua a la orilla este de la laguna Suytococha, sector Yanamina"
L033,SB1E,503664,8580207,-74.96623323273958,-12.843171562337405,32718,4516.0,4508.0,15.40321129741568,276.78332750762286,potential_interest,simple,Yanamina,2018-07-18,Bi,censoring gradient,15.2,False,1.5,0.1,mg/kg,,,,76.2954782408499,87.14355971613737,76.2954782408499,6330.600503880987,False,"Área de potencial interés ubicada debajo del botadero de desmonte DY-06 y contigua a la orilla este de la laguna Suytococha, sector Yanamina"
L034,SB11K,503667,8584812,-74.96621113956833,-12.801529290096935,32718,4192.0,4182.0,14.249695546039948,24.082076037899554,potential_interest,simple,Santa Barbara,2018-07-24,Bi,censoring gradient,,True,1.5,0.1,mg/kg,,,,368.28521555989727,924.1217452262446,368.28521555989727,1942.2288044872726,False,"Área de potencial interés contigua a la desmontera 2, ubicada 1 km al norte de la ciudad de Huancavelica, Sector Santa Bárbara"
L035,SB1B,503671,8580249,-74.96616877280393,-12.842791755438935,32718,4517.0,4507.0,12.649121409787782,274.1575315643479,potential_interest,simple,Yanamina,2018-07-18,Bi,censoring gradient,,True,1.5,0.1,mg/kg,,,,73.53910524340094,129.0155029444136,73.53910524340094,6290.330686409144,False,"Área de potencial interés ubicada debajo del botadero de desmonte DY-06 y contigua a la orilla este de la laguna Suytococha, sector Yanamina"
L036,SB12A,503683,8584548,-74.96606339140882,-12.803916583914456,32718,4255.0,4246.0,24.797694055825083,51.310650958407166,potential_interest,simple,Santa Barbara,2018-07-24,Bi,censoring gradient,,True,1.5,0.1,mg/kg,,,,150.20652449211386,952.111863175751,150.20652449211386,2177.4811088639044,False,"Área de potencial interés contigua a la desmontera 2, ubicada 2 km al norte de la ciudad de Huancavelica, Sector
Santa Bárbara"
L037,SB11C,503689,8585080,-74.96600874943906,-12.799105779413015,32718,4134.0,4112.0,17.117052060340956,46.62057155245583,potential_interest,simple,Santa Barbara,2018-07-24,Bi,censoring gradient,,True,1.5,0.1,mg/kg,,,,633.8532953294476,979.247159812067,633.8532953294476,1735.3095158531653,False,"Área de potencial interés contigua a la desmontera 2, ubicada 1 km al norte de la ciudad de Huancavelica, Sector Santa Bárbara"
L038,SB11A,503692,8585128,-74.9659811649621,-12.798671718854152,32718,4095.0,4098.0,18.409928811848058,50.54421600572451,potential_interest,simple,Santa Barbara,2018-07-24,Bi,censoring gradient,,True,1.5,0.1,mg/kg,,,,681.5137562808252,995.5912816010393,681.5137562808252,1699.492417277152,False,"Área de potencial interés contigua a la desmontera 2, ubicada 1 km al norte de la ciudad de Huancavelica, Sector Santa Bárbara"
L039,SB12B,503702,8584560,-74.96588833255689,-12.803808047096277,32718,4250.0,4237.0,23.392372677409153,37.82610309895478,potential_interest,simple,Santa Barbara,2018-07-24,Bi,censoring gradient,,True,1.5,0.1,mg/kg,,,,172.62966141425406,971.7324734719942,172.62966141425406,2176.322510571999,False,"Área de potencial interés contigua a la desmontera 2, ubicada 2 km al norte de la ciudad de Huancavelica, Sector
Santa Bárbara"
L040,SB11E,503706,8585019,-74.96585203353816,-12.799657373235098,32718,4139.0,4121.0,12.46523192546263,6.459881822193694,potential_interest,simple,Santa Barbara,2018-07-24,Bi,censoring gradient,,True,1.5,0.1,mg/kg,,,,578.2179519869649,981.9536648946324,578.2179519869649,1794.1066740399153,False,"Área de potencial interés contigua a la desmontera 2, ubicada 1 km al norte de la ciudad de Huancavelica, Sector Santa Bárbara"
L041,SB7B,503707,8579765,-74.96583641252553,-12.847168438526705,32718,4498.0,4489.0,2.0916262055509325,206.99969365163813,potential_interest,simple,Yanamina,2018-07-24,Bi,censoring gradient,43.0,False,1.5,0.1,mg/kg,,,,73.76313442364011,357.02801010564986,73.76313442364011,6773.737967249047,False,"Área de potencial interés contigua a los botaderos de desmonte DY -03, DY -04 y DY-05,al sur de la laguna Suytococha (bofedal), sector Yanamina"
L042,SB11J,503707,8584847,-74.96584260997032,-12.801212742744497,32718,4175.0,4164.0,17.1577641957557,28.02784544168128,potential_interest,simple,Santa Barbara,2018-07-24,Bi,censoring gradient,,True,1.5,0.1,mg/kg,,,,414.2088845015278,964.2074465590898,414.2088845015278,1934.8170334203396,False,"Área de potencial interés contigua a la desmontera 2, ubicada 1 km al norte de la ciudad de Huancavelica, Sector Santa Bárbara"
L043,SB11G,503707,8584957,-74.96584274384789,-12.800218028943576,32718,4147.0,4135.0,16.25194266473548,15.674359220306002,potential_interest,simple,Santa Barbara,2018-07-24,Bi,censoring gradient,,True,1.5,0.1,mg/kg,,,,518.6800555255619,972.7260662694302,518.6800555255619,1844.5908879223525,False,"Área de potencial interés contigua a la desmontera 2, ubicada 1 km al norte de la ciudad de Huancavelica, Sector Santa Bárbara"
L044,SB7E,503708,8579859,-74.9658273114419,-12.846318412139535,32718,4503.0,4496.0,5.473641095238119,192.49100040431256,potential_interest,simple,Yanamina,2018-07-24,Bi,censoring gradient,56.5,False,1.5,0.1,mg/kg,,,,29.832867780352597,263.89770745499095,29.832867780352597,6681.120178285547,False,"Área de potencial interés contigua a los botaderos de desmonte DY -03, DY -04 y DY-05,al sur de la laguna Suytococha (bofedal), sector Yanamina"
L045,SB7G,503710,8579962,-74.96580900551274,-12.845386999099265,32718,4512.0,4503.0,5.020682445903572,202.17654469915223,potential_interest,simple,Yanamina,2018-07-24,Bi,censoring gradient,54.2,False,1.5,0.1,mg/kg,,,,127.1416532848303,163.23296235748464,127.1416532848303,6579.8287592428105,False,"Área de potencial interés contigua a los botaderos de desmonte DY -03, DY -04 y DY-05,al sur de la laguna Suytococha (bofedal), sector Yanamina"
L046,SB11B,503712,8585108,-74.96579685656818,-12.798852552083163,32718,4105.0,4101.0,13.345713346640432,6.017761412004106,potential_interest,simple,Santa Barbara,2018-07-24,Bi,censoring gradient,,True,1.5,0.1,mg/kg,,,,666.1088499637277,1008.9212060413836,666.1088499637277,1727.615283748859,False,"Área de potencial interés contigua a la desmontera 2, ubicada 1 km al norte de la ciudad de Huancavelica, Sector Santa Bárbara"
L047,SB12C,503715,8584594,-74.96576858699709,-12.803500574634262,32718,4241.0,4228.0,20.146939429244547,55.566303354374305,potential_interest,simple,Santa Barbara,2018-07-24,Bi,censoring gradient,,True,1.5,0.1,mg/kg,,,,204.04411287758342,987.2958016724268,204.04411287758342,2153.372036588449,False,"Área de potencial interés contigua a la desmontera 2, ubicada 2 km al norte de la ciudad de Huancavelica, Sector
Santa Bárbara"
L048,SB7C,503716,8579799,-74.9657535104818,-12.846860971810948,32718,4499.0,4491.0,4.412313855758794,212.49299499089238,potential_interest,simple,Yanamina,2018-07-24,Bi,censoring gradient,47.1,False,1.5,0.1,mg/kg,,,,38.600518131237564,324.4225639501667,38.600518131237564,6741.624102519699,False,"Área de potencial interés contigua a los botaderos de desmonte DY -03, DY -04 y DY-05,al sur de la laguna Suytococha (bofedal), sector Yanamina"
L049,SB11D,503716,8585058,-74.96575993874448,-12.799304689989606,32718,4114.0,4107.0,13.715516323265057,0.0,potential_interest,simple,Santa Barbara,2018-07-24,Bi,censoring gradient,,True,1.5,0.1,mg/kg,,,,618.4795873753636,1000.0449989875456,618.4795873753636,1769.2527169163575,False,"Área de potencial interés contigua a la desmontera 2, ubicada 1 km al norte de la ciudad de Huancavelica, Sector Santa Bárbara"
L050,SB7J,503717,8580067,-74.9657446228273,-12.84443749434135,32718,4517.0,4507.0,13.788246537724806,265.24607548179307,potential_interest,simple,Yanamina,2018-07-24,Bi,censoring gradient,180.7,False,1.5,0.1,mg/kg,,,,83.54639429682169,71.50524456289902,71.50524456289902,6477.460003629833,False,"Área de potencial interés contigua a los botaderos de desmonte DY -03, DY -04 y DY-05,al sur de la laguna Suytococha (bofedal), sector Yanamina"
L051,SB7I,503718,8580034,-74.9657353665294,-12.844735906285893,32718,4516.0,4508.0,10.129434896637791,273.9165899912398,potential_interest,simple,Yanamina,2018-07-24,Bi,censoring gradient,73.3,False,1.5,0.1,mg/kg,,,,105.43718509140881,98.97979591815695,98.97979591815695,6510.158946840717,False,"Área de potencial interés contigua a los botaderos de desmonte DY -03, DY -04 y DY-05,al sur de la laguna Suytococha (bofedal), sector Yanamina"
L052,SB7F,503721,8579923,-74.96570758278322,-12.845739655939022,32718,4511.0,4501.0,2.7945109775890815,180.0,potential_interest,simple,Yanamina,2018-07-24,Bi,censoring gradient,49.5,False,1.5,0.1,mg/kg,,,,87.20665112249179,203.74739262135355,87.20665112249179,6620.1092068302205,False,"Área de potencial interés contigua a los botaderos de desmonte DY -03, DY -04 y DY-05,al sur de la laguna Suytococha (bofedal), sector Yanamina"
L053,SB7D,503722,8579819,-74.96569823929283,-12.846680108172036,32718,4500.0,4494.0,5.216924580962116,206.99969365163813,potential_interest,simple,Yanamina,2018-07-24,Bi,censoring gradient,32.5,False,1.5,0.1,mg/kg,,,,17.72004514666935,305.6304958606062,17.72004514666935,6722.862874870681,False,"Área de potencial interés contigua a los botaderos de desmonte DY -03, DY -04 y DY-05,al sur de la laguna Suytococha (bofedal), sector Yanamina"
L054,SB7A,503723,8579759,-74.96568894971874,-12.847222676227805,32718,4498.0,4491.0,4.983457093280994,221.72203945890237,potential_interest,simple,Yanamina,2018-07-24,Bi,censoring gradient,43.3,False,1.5,0.1,mg/kg,,,,77.10382610480494,365.0164379860173,77.10382610480494,6782.229574016775,False,"Área de potencial interés contigua a los botaderos de desmonte DY -03, DY -04 y DY-05,al sur de la laguna Suytococha (bofedal), sector Yanamina"
L055,SB11F,503723,8584988,-74.96569535362083,-12.799937681344371,32718,4143.0,4129.0,13.655856023646944,13.81896465066032,potential_interest,simple,Santa Barbara,2018-07-24,Bi,censoring gradient,,True,1.5,0.1,mg/kg,,,,552.9575028878802,993.1369492673203,552.9575028878802,1829.1030631388346,False,"Área de potencial interés contigua a la desmontera 2, ubicada 1 km al norte de la ciudad de Huancavelica, Sector Santa Bárbara"
L056,SB11I,503725,8584898,-74.96567681506198,-12.800751535712367,32718,4164.0,4153.0,11.666042520516278,15.128631184780602,potential_interest,simple,Santa Barbara,2018-07-24,Bi,censoring gradient,,True,1.5,0.1,mg/kg,,,,468.2841018014598,984.5633549955026,468.2841018014598,1903.0578425302072,False,"Área de potencial interés contigua a la desmontera 2, ubicada 1 km al norte de la ciudad de Huancavelica, Sector Santa Bárbara"
L057,SB4B,503732,8581657,-74.96560833906184,-12.830059380308956,32718,4369.0,4354.0,18.480100347715993,332.683717802282,potential_interest,simple,Yanamina,2018-07-19,Bi,censoring gradient,,True,1.5,0.1,mg/kg,,,,93.2148056909416,961.2075738361616,93.2148056909416,4920.7933922409,False,"Área de potencial interés ubicada contigua al botadero de desmonte DY-18; bofedal aportante de la quebrada Carnicería, sector Yanamina"
L058,SB4A,503733,8581685,-74.96559915812166,-12.82980617978854,32718,4358.0,4345.0,14.649879899648225,336.64552947215435,potential_interest,simple,Yanamina,2018-07-19,Bi,censoring gradient,,True,1.5,0.1,mg/kg,,,,120.81390648431164,970.7734030143183,120.81390648431164,4893.7391882147895,False,"Área de potencial interés ubicada contigua al botadero de desmonte DY-18; bofedal aportante de la quebrada Carnicería, sector Yanamina"
L059,SB7L,503738,8580090,-74.96555111797848,-12.844229484106759,32718,4524.0,4516.0,15.378403595224352,231.59954439154282,potential_interest,simple,Yanamina,2018-07-24,Bi,censoring gradient,223.4,False,1.5,0.1,mg/kg,,,,52.630789467763066,75.23961722390672,52.630789467763066,6458.370431610005,False,"Área de potencial interés contigua a los botaderos de desmonte DY -03, DY -04 y DY-05,al sur de la laguna Suytococha (bofedal), sector Yanamina"
L060,SB4D,503740,8581614,-74.9655345633934,-12.83044821245132,32718,4367.0,4370.0,16.218115443452895,319.0397673029467,potential_interest,simple,Yanamina,2018-07-19,Bi,censoring gradient,,True,1.5,0.1,mg/kg,,,,49.49747468305833,938.9190593443079,49.49747468305833,4964.491826395352,False,"Área de potencial interés ubicada contigua al botadero de desmonte DY-18; bofedal aportante de la quebrada Carnicería, sector Yanamina"
L061,SB7H,503742,8579997,-74.96551413986461,-12.845070461767586,32718,4514.0,4510.0,7.653537367571345,218.0920082762951,potential_interest,simple,Yanamina,2018-07-24,Bi,censoring gradient,47.6,False,1.5,0.1,mg/kg,,,,115.96551211459379,143.0314650697531,115.96551211459379,6550.682314870827,False,"Área de potencial interés contigua a los botaderos de desmonte DY -03, DY -04 y DY-05,al sur de la laguna Suytococha (bofedal), sector Yanamina"
L062,SB11H,503742,8584949,-74.9655202350142,-12.800290329767154,32718,4152.0,4138.0,14.321246389470344,340.06387464580735,potential_interest,simple,Santa Barbara,2018-07-24,Bi,censoring gradient,,True,1.5,0.1,mg/kg,,,,522.0153254455275,1006.4218797303644,522.0153254455275,1871.7263046220519,False,"Área de potencial interés contigua a la desmontera 2, ubicada 1 km al norte de la ciudad de Huancavelica, Sector Santa Bárbara"
L063,SB4C,503743,8581638,-74.96550694689212,-12.830231180848704,32718,4364.0,4365.0,17.633522557672713,324.9853664243836,potential_interest,simple,Yanamina,2018-07-19,Bi,censoring gradient,,True,1.5,0.1,mg/kg,,,,73.10950690573696,944.174771956972,73.10950690573696,4941.783156142935,False,"Área de potencial interés ubicada contigua al botadero de desmonte DY-18; bofedal aportante de la quebrada Carnicería, sector Yanamina"
L064,SB12D,503743,8584613,-74.9655106078096,-12.803328726818043,32718,4231.0,4217.0,12.13762374614636,47.087318294747284,potential_interest,simple,Santa Barbara,2018-07-24,Bi,censoring gradient,,True,1.5,0.1,mg/kg,,,,237.64890069175578,1017.0752184573174,237.64890069175578,2151.396675440131,False,"Área de potencial interés contigua a la desmontera 2, ubicada 2 km al norte de la ciudad de Huancavelica, Sector
Santa Bárbara"
L065,SB7K,503744,8580069,-74.96549579692086,-12.844419376127476,32718,4523.0,4514.0,11.54387024255555,248.99350579489123,potential_interest,simple,Yanamina,2018-07-24,Bi,censoring gradient,90.0,False,1.5,0.1,mg/kg,,,,64.35060217278468,90.69729874698585,64.35060217278468,6480.090111388096,False,"Área de potencial interés contigua a los botaderos de desmonte DY -03, DY -04 y DY-05,al sur de la laguna Suytococha (bofedal), sector Yanamina"
L066,SB13B,503801,8584252,-74.96497572367258,-12.806593125069208,32718,4309.0,4310.0,12.020263587511481,76.74741437946496,potential_interest,simple,Santa Barbara,2018-07-24,Bi,censoring gradient,,True,1.5,0.1,mg/kg,,,,68.00735254367721,1097.843795810679,68.00735254367721,2493.886285263195,False,"Área de potencial interés contigua a la desmontera 2, ubicada 2 km al norte de la ciudad de Huancavelica, Sector Santa Bárbara"
L067,SB13C,503817,8584221,-74.96482825298429,-12.806873433727189,32718,4310.0,4307.0,8.79920101731439,3.0700345369666593,potential_interest,simple,Santa Barbara,2018-07-24,Bi,censoring gradient,,True,1.5,0.1,mg/kg,,,,40.718546143004666,1120.7970378262069,40.718546143004666,2528.768488764701,False,"Área de potencial interés contigua a la desmontera 2, ubicada 2 km al norte de la ciudad de Huancavelica, Sector Santa Bárbara"
L068,SB13A,503822,8584263,-74.96478223321901,-12.806493627931895,32718,4308.0,4300.0,12.662204961454663,33.607600059779855,potential_interest,simple,Santa Barbara,2018-07-24,Bi,censoring gradient,,True,1.5,0.1,mg/kg,,,,82.00609733428362,1115.894708294649,82.00609733428362,2494.185135631263,False,"Área de potencial interés contigua a la desmontera 2, ubicada 2 km al norte de la ciudad de Huancavelica, Sector Santa Bárbara"
L069,SB13D,503835,8584217,-74.96466238696497,-12.806909582919877,32718,4312.0,4307.0,8.79920101731439,3.0700345369666593,potential_interest,simple,Santa Barbara,2018-07-24,Bi,censoring gradient,,True,1.5,0.1,mg/kg,,,,48.104053883222775,1139.2251752836223,48.104053883222775,2540.8101018130437,False,"Área de potencial interés contigua a la desmontera 2, ubicada 2 km al norte de la ciudad de Huancavelica, Sector Santa Bárbara"
L070,SB13E,503845,8584200,-74.96457022049113,-12.807063298962268,32718,4315.0,4310.0,9.913411855491505,320.1800757627085,potential_interest,simple,Santa Barbara,2018-07-24,Bi,censoring gradient,,True,1.5,0.1,mg/kg,,,,47.75981574503821,1153.2445534230803,47.75981574503821,2560.5204762448916,False,"Área de potencial interés contigua a la desmontera 2, ubicada 2 km al norte de la ciudad de Huancavelica, Sector Santa Bárbara"
L071,HPA-03/S-1,504122,8581408,-74.96201401788463,-12.832310550701548,32718,4416.0,4409.0,14.348578626496392,345.9323236961409,unlabelled,simple,Unassigned,2018-09-08,Bi,censoring gradient,,True,1.5,0.1,mg/kg,,,,406.5390510147826,515.5938323913505,406.5390510147826,5261.036837174088,False,"Zona de pajonal de ichu, rodeado al este y noreste por bofedales"
L072,HPA-03/S-2 | HPA-07/S-1,504131,8581424,-74.96193110083027,-12.832165853413107,32718,4414.0,4409.0,14.348578626496392,345.9323236961409,unlabelled,simple,Unassigned,2018-09-08,Bi,censoring gradient,,True,1.5,0.1,mg/kg,,,,409.0684539291682,510.13135563303695,409.0684539291682,5248.271746336201,True,Zona final de ladera con presencia de pastizal ralo
L073,SB5A,504310,8580835,-74.96028070509071,-12.837491835521167,32718,4508.0,4501.0,9.965424572589395,22.176544699152217,potential_interest,simple,Yanamina,2018-07-20,Bi,censoring gradient,118.9,False,1.5,0.1,mg/kg,,,,64.32728814430156,570.7889277132134,64.32728814430156,5863.865568110628,False,"Área de potencial interés ubicada contigua a los botaderos de desmonte DY-13 y DY-14, sector Yanamina"
L074,SB5C,504322,8580786,-74.96017004799732,-12.837934917295788,32718,4517.0,4513.0,13.354411255048433,26.999693651638133,potential_interest,simple,Yanamina,2018-07-20,Bi,censoring gradient,201.4,False,1.5,0.1,mg/kg,,,,28.653097563788805,605.9414163101908,28.653097563788805,5914.248467063949,False,"Área de potencial interés ubicada contigua a los botaderos de desmonte DY-13 y DY-14, sector Yanamina"
L075,SB5B,504343,8580820,-74.95997656843673,-12.837627431784398,32718,4508.0,4501.0,8.068828436907648,341.23844718718937,potential_interest,simple,Yanamina,2018-07-20,Bi,censoring gradient,20.9,False,1.5,0.1,mg/kg,,,,66.48308055437865,565.9911660087992,66.48308055437865,5887.771592252687,False,"Área de potencial interés ubicada contigua a los botaderos de desmonte DY-13 y DY-14, sector Yanamina"
L076,SB5E,504344,8580765,-74.9599672741314,-12.838124785845938,32718,4525.0,4510.0,10.802890386669025,16.403827229696162,potential_interest,simple,Yanamina,2018-07-20,Bi,censoring gradient,37.8,False,1.5,0.1,mg/kg,,,,14.866068747318506,613.6709215858284,14.866068747318506,5940.693058797538,False,"Área de potencial interés ubicada contigua a los botaderos de desmonte DY-13 y DY-14, sector Yanamina"
L077,NFSB-4,504351,8584773,-74.95990849948657,-12.801881077699838,32718,4199.0,4193.0,22.11918229980773,118.71007139767552,background,composite,Santa Barbara,2018-07-25,Bi,censoring gradient,,True,1.5,0.1,mg/kg,,,,806.5494405180627,1608.9064609230707,806.5494405180627,2406.8545079354994,False,Parcelas ubicadas en el sector Santa Bárbara
L078,SB5D,504361,8580785,-74.9598106370607,-12.837943905402684,32718,4515.0,4510.0,8.361133594433927,340.21835740229136,potential_interest,simple,Yanamina,2018-07-20,Bi,censoring gradient,,True,1.5,0.1,mg/kg,,,,31.78049716414141,588.102882155835,31.78049716414141,5926.50298433465,False,"Área de potencial interés ubicada contigua a los botaderos de desmonte DY-13 y DY-14, sector Yanamina"
L079,NFSB-3,504395,8584773,-74.95950306953617,-12.801881015697255,32718,4189.0,4174.0,17.131390730601275,138.78116585511867,background,composite,Santa Barbara,2018-07-25,Bi,censoring gradient,,True,1.5,0.1,mg/kg,,,,837.2251787900314,1652.8823309600716,837.2251787900314,2438.573407084306,False,Parcelas ubicadas en el sector Santa Bárbara
L080,NFSB-5,504395,8584817,-74.95950313303119,-12.801483130234883,32718,4196.0,4189.0,14.64826267601103,137.00626003428306,background,composite,Santa Barbara,2018-07-25,Bi,censoring gradient,,True,1.5,0.1,mg/kg,,,,868.7427697540855,1652.0302660665755,868.7427697540855,2408.4899207046387,False,Parcelas ubicadas en el sector Santa Bárbara
L081,NFY-15,504405,8581013,-74.95940548015933,-12.835882078466964,32718,4493.0,4475.0,6.649457856745024,12.318042996826037,background,composite,Yanamina,2018-07-23,Bi,censoring gradient,,True,1.5,0.1,mg/kg,,,,263.97348351681086,370.600863463646,263.97348351681086,5722.397953848453,False,"Parcelas ubicadas sobre el bofedal del paraje Cumallipata, sector Yanamina "
L082,NFSB-2,504439,8584773,-74.95909763958792,-12.80188095307082,32718,4182.0,4168.0,15.144643258137434,150.65410618155724,background,composite,Santa Barbara,2018-07-25,Bi,censoring gradient,,True,1.5,0.1,mg/kg,,,,869.0466040437648,1696.8594520466331,869.0466040437648,2470.6687153700077,False,Parcelas ubicadas en el sector Santa Bárbara
L083,NFSB-11,504439,8584860,-74.95909776638969,-12.801094224989876,32718,4202.0,4190.0,16.19218688113056,134.45977622386044,background,composite,Santa Barbara,2018-07-25,Bi,censoring gradient,,True,1.5,0.1,mg/kg,,,,930.2134163728235,1696.3210191470246,930.2134163728235,2412.390056916873,False,Parcelas ubicadas en el sector Santa Bárbara
L084,NFSB-6,504440,8584816,-74.95908848795824,-12.801492109031432,32718,4189.0,4184.0,14.031007517668728,133.12837677809904,background,composite,Santa Barbara,2018-07-25,Bi,censoring gradient,,True,1.5,0.1,mg/kg,,,,899.4576143432218,1697.0356507746087,899.4576143432218,2442.3931587928605,False,Parcelas ubicadas en el sector Santa Bárbara
L085,NFY-14,504449,8581028,-74.9590000177867,-12.835746373107328,32718,4492.0,4478.0,6.666088825278639,334.8112269478744,background,composite,Yanamina,2018-07-23,Bi,censoring gradient,,True,1.5,0.1,mg/kg,,,,290.0017241328058,333.16962646675944,290.0017241328058,5722.004612846876,False,"Parcelas ubicadas sobre el bofedal del paraje Cumallipata, sector Yanamina "
L086,SB6B,504483,8581394,-74.95868722935931,-12.83243664859473,32718,4453.0,4435.0,1.2099628131529876,281.10394170963525,potential_interest,simple,Yanamina,2018-07-23,Bi,censoring gradient,,True,1.5,0.1,mg/kg,,,,158.93709447451215,168.0773631397161,158.93709447451215,5387.950057546948,False,"Área de potencial interés ubicada en· el bofedal del paraje Cumallipata, contigua al botadero de desmonte DY-15 y  bocamina BY-06; sector Yanamina."
L087,NFSB-1,504483,8584772,-74.95869220816984,-12.801889932671722,32718,4173.0,4163.0,14.51299025948978,144.79751140277082,background,composite,Santa Barbara,2018-07-25,Bi,censoring gradient,,True,1.5,0.1,mg/kg,,,,901.2397017442141,1740.8690358553683,901.2397017442141,2503.7968274775344,False,Parcelas ubicadas en el sector Santa Bárbara
L088,NFSB-7,504483,8584816,-74.95869227293623,-12.801492047213662,32718,4183.0,4173.0,12.44569453021487,122.309468312076,background,composite,Santa Barbara,2018-07-25,Bi,censoring gradient,,True,1.5,0.1,mg/kg,,,,930.5444642788436,1740.034769767547,930.5444642788436,2474.488631956842,False,Parcelas ubicadas en el sector Santa Bárbara
L089,NFSB-10,504483,8584860,-74.95869233770047,-12.8010941617436,32718,4194.0,4177.0,14.414338425746744,129.27510483422822,background,composite,Santa Barbara,2018-07-25,Bi,censoring gradient,,True,1.5,0.1,mg/kg,,,,960.9708632419612,1740.3129028999354,960.9708632419612,2445.6208671993127,False,Parcelas ubicadas en el sector Santa Bárbara
L090,SB6A,504491,8581435,-74.95861356655124,-12.83206588095476,32718,4455.0,4435.0,3.135699354991769,26.999693651638133,potential_interest,simple,Yanamina,2018-07-23,Bi,censoring gradient,,True,1.5,0.1,mg/kg,,,,179.6941846582688,186.1316738225926,179.6941846582688,5352.261039212821,False,"Área de potencial interés ubicada en· el bofedal del paraje Cumallipata, contigua al botadero de desmonte DY-15 y  bocamina BY-06; sector Yanamina."
L091,NFY-13,504493,8581028,-74.95859453365824,-12.83574630954204,32718,4493.0,4480.0,5.632457622719263,335.1464829457472,background,composite,Yanamina,2018-07-23,Bi,censoring gradient,,True,1.5,0.1,mg/kg,,,,301.3585903869342,311.746692043396,301.3585903869342,5736.1705369357915,False,"Parcelas ubicadas sobre el bofedal del paraje Cumallipata, sector Yanamina "
L092,SB6D,504521,8581360,-74.95833699249846,-12.832744049554446,32718,4455.0,4438.0,6.423394273023185,263.777316353365,potential_interest,simple,Yanamina,2018-07-23,Bi,censoring gradient,,True,1.5,0.1,mg/kg,,,,108.55873986004075,118.53269591129698,108.55873986004075,5433.014259752845,False,"Área de potencial interés ubicada en· el bofedal del paraje Cumallipata, contigua al botadero de desmonte DY-15 y  bocamina BY-06; sector Yanamina."
L093,NFSB-8,504527,8584816,-74.95828684361355,-12.801491983341519,32718,4176.0,4167.0,11.439261942747423,122.87191669350793,background,composite,Santa Barbara,2018-07-25,Bi,censoring gradient,,True,1.5,0.1,mg/kg,,,,963.303171384793,1784.0339122337332,963.303171384793,2507.6685644344966,False,Parcelas ubicadas en el sector Santa Bárbara
L094,NFSB-9,504527,8584860,-74.95828690901342,-12.801094097873515,32718,4184.0,4170.0,13.105692790968945,131.60057028821885,background,composite,Santa Barbara,2018-07-25,Bi,censoring gradient,,True,1.5,0.1,mg/kg,,,,992.7260447877853,1784.3051869004921,992.7260447877853,2479.187178381262,False,Parcelas ubicadas en el sector Santa Bárbara
L095,NFSB-12,504527,8584903,-74.95828697292481,-12.800705255245468,32718,4196.0,4177.0,14.678005669066339,139.54696774696325,background,composite,Santa Barbara,2018-07-25,Bi,censoring gradient,,True,1.5,0.1,mg/kg,,,,1022.4920537588544,1785.6181002666835,1022.4920537588544,2451.796385235992,False,Parcelas ubicadas en el sector Santa Bárbara
L096,SB6C,504528,8581408,-74.95827255597534,-12.8323099834774,32718,4455.0,4437.0,6.221861426415022,299.0152973301201,potential_interest,simple,Yanamina,2018-07-23,Bi,censoring gradient,,True,1.5,0.1,mg/kg,,,,134.9518432626987,140.71602609511115,134.9518432626987,5390.518275125792,False,"Área de potencial interés ubicada en· el bofedal del paraje Cumallipata, contigua al botadero de desmonte DY-15 y  bocamina BY-06; sector Yanamina."
L097,NFY-12,504537,8581014,-74.95818902861596,-12.83587284494121,32718,4498.0,4481.0,3.9865520492539863,314.45977622386044,background,composite,Yanamina,2018-07-23,Bi,censoring gradient,,True,1.5,0.1,mg/kg,,,,300.048329440442,308.71669860893496,300.048329440442,5763.844918759333,False,"Parcelas ubicadas sobre el bofedal del paraje Cumallipata, sector Yanamina "
L098,SB6E,504555,8581362,-74.95802367057195,-12.832725914051892,32718,4458.0,4443.0,11.66117966968472,259.78258960172616,potential_interest,simple,Yanamina,2018-07-23,Bi,censoring gradient,,True,1.5,0.1,mg/kg,,,,82.73451516749222,90.21086409075129,82.73451516749222,5443.093021655085,False,"Área de potencial interés ubicada en· el bofedal del paraje Cumallipata, contigua al botadero de desmonte DY-15 y  bocamina BY-06; sector Yanamina."
L099,SB6F,504557,8581322,-74.9580051796866,-12.833087624301559,32718,4459.0,4440.0,10.833612260099889,274.87734924529724,potential_interest,simple,Yanamina,2018-07-23,Bi,censoring gradient,,True,1.5,0.1,mg/kg,,,,59.77457653551382,72.18032973047436,59.77457653551382,5481.220679589928,False,"Área de potencial interés ubicada en· el bofedal del paraje Cumallipata, contigua al botadero de desmonte DY-15 y  bocamina BY-06; sector Yanamina."
L100,NFSB-13,504571,8584904,-74.95788154636189,-12.800696147901688,32718,4191.0,4172.0,12.600274015102363,190.68664906536983,background,composite,Santa Barbara,2018-07-25,Bi,censoring gradient,,True,1.5,0.1,mg/kg,,,,1054.9127926042038,1829.6209990049852,1054.9127926042038,2485.435201572643,False,Parcelas ubicadas en el sector Santa Bárbara
L101,SB6G,504590,8581317,-74.95770106223297,-12.83313278969335,32718,4464.0,4450.0,14.650786678732015,267.3245466300252,potential_interest,simple,Yanamina,2018-07-23,Bi,censoring gradient,,True,1.5,0.1,mg/kg,,,,27.294688127912362,38.8329756778952,27.294688127912362,5497.600106586241,False,"Área de potencial interés ubicada en· el bofedal del paraje Cumallipata, contigua al botadero de desmonte DY-15 y  bocamina BY-06; sector Yanamina."
L102,NFY-1,504596,8581217,-74.95764561820009,-12.83403706372296,32718,4459.0,4460.0,12.084739295765347,351.0899804078108,background,composite,Yanamina,2018-07-23,Bi,censoring gradient,,True,1.5,0.1,mg/kg,,,,88.84255736976509,97.40636529508737,88.84255736976509,5593.228599268573,False,"Parcelas ubicadas en el bofedal del paraje Cumallipata, sector Yanamina"
L103,NFSB-14,504615,8584903,-74.95747611679974,-12.800705125637917,32718,4193.0,4175.0,12.86076071002064,204.68189851105188,background,composite,Santa Barbara,2018-07-25,Bi,censoring gradient,,True,1.5,0.1,mg/kg,,,,1086.8238127681966,1873.542099873926,1086.8238127681966,2520.622302804394,False,Parcelas ubicadas en el sector Santa Bárbara
L104,NFSB-15,504615,8584947,-74.95747618346647,-12.800307240150358,32718,4198.0,4187.0,8.330974979669108,180.0,background,composite,Santa Barbara,2018-07-25,Bi,censoring gradient,,True,1.5,0.1,mg/kg,,,,1116.4201717991305,1875.8422108482366,1116.4201717991305,2493.824418396773,False,Parcelas ubicadas en el sector Santa Bárbara
L105,NFY-2,504640,8581217,-74.9572401368172,-12.834036998076769,32718,4469.0,4463.0,9.945792136831605,355.9333627118279,background,composite,Yanamina,2018-07-23,Bi,censoring gradient,,True,1.5,0.1,mg/kg,,,,90.80198235721508,92.77930803794561,90.80198235721508,5608.87313130233,False,"Parcelas ubicadas en el bofedal del paraje Cumallipata, sector Yanamina"
L106,NFY-9,504648,8581057,-74.95716616806308,-12.835483838627287,32718,4504.0,4487.0,11.566216840390009,336.10379557981184,background,composite,Yanamina,2018-07-23,Bi,censoring gradient,,True,1.5,0.1,mg/kg,,,,249.3290997858052,252.79240494919938,249.3290997858052,5761.296710545394,False,"Parcelas ubicadas en el bofedal del paraje Cumallipata, sector Yanamina"
L107,NFY-11,504654,8580970,-74.9571107415007,-12.83627055561912,32718,4511.0,4498.0,5.970756843728821,317.64236929035803,background,composite,Yanamina,2018-07-23,Bi,censoring gradient,,True,1.5,0.1,mg/kg,,,,336.38668225719044,339.99558820667073,336.38668225719044,5844.923767865665,False,"Parcelas ubicadas sobre el bofedal del paraje Cumallipata, sector Yanamina "
L108,NFY-6,504654,8581130,-74.95711098669967,-12.834823703153232,32718,4475.0,4472.0,7.695544473264056,25.43346154226255,background,composite,Yanamina,2018-07-23,Bi,censoring gradient,,True,1.5,0.1,mg/kg,,,,178.53851125177448,180.87841220001906,178.53851125177448,5695.128778411931,False,"Parcelas ubicadas en el bofedal del paraje Cumallipata, sector Yanamina"
L109,NFY-10,504669,8581014,-74.95697257564193,-12.835872648613327,32718,4508.0,4495.0,8.714221612521397,349.087778878908,background,composite,Yanamina,2018-07-23,Bi,censoring gradient,,True,1.5,0.1,mg/kg,,,,295.16944286290885,297.8355250805384,295.16944286290885,5808.933048815054,False,"Parcelas ubicadas en el bofedal del paraje Cumallipata, sector Yanamina"
L110,NFY-5,504669,8581173,-74.95697282008562,-12.834434838935003,32718,4475.0,4467.0,7.888072032125769,3.4303977979467106,background,composite,Yanamina,2018-07-23,Bi,censoring gradient,,True,1.5,0.1,mg/kg,,,,142.0774436706967,142.04576727238302,142.04576727238302,5660.362013949261,False,"Parcelas ubicadas en el bofedal del paraje Cumallipata, sector Yanamina"
L111,NFY-3,504684,8581217,-74.95683465543657,-12.834036931805107,32718,4469.0,4462.0,8.344127238097997,356.7597618771666,background,composite,Yanamina,2018-07-23,Bi,censoring gradient,,True,1.5,0.1,mg/kg,,,,111.66467659918243,107.70329614269008,107.70329614269008,5624.818347503725,False,"Parcelas ubicadas en el bofedal del paraje Cumallipata, sector Yanamina"
L112,NFY-4,504713,8581173,-74.95656733806906,-12.834434772248963,32718,4479.0,4468.0,10.85653604539585,317.9313479906366,background,composite,Yanamina,2018-07-23,Bi,censoring gradient,,True,1.5,0.1,mg/kg,,,,164.20109622045769,160.37767924496225,160.37767924496225,5676.387387091288,False,"Parcelas ubicadas en el bofedal del paraje Cumallipata, sector Yanamina"
L113,NFY-8,504727,8581042,-74.95643811716764,-12.835619361392187,32718,4501.0,4493.0,5.3064449791988855,344.46836155869835,background,composite,Yanamina,2018-07-23,Bi,censoring gradient,,True,1.5,0.1,mg/kg,,,,285.3296339324046,284.76305940202286,284.76305940202286,5803.468991179547,False,"Parcelas ubicadas en el bofedal del paraje Cumallipata, sector Yanamina"
L114,NFY-7,504771,8581057,-74.9560326568215,-12.835483651458516,32718,4502.0,4492.0,3.9855283100289345,339.08619168309934,background,composite,Yanamina,2018-07-23,Bi,censoring gradient,,True,1.5,0.1,mg/kg,,,,292.67387994148027,289.74644087546613,289.74644087546613,5805.597021738119,False,"Parcelas ubicadas en el bofedal del paraje Cumallipata, sector Yanamina"
L001,SB8F,502403,8583970,-74.97785735714213,-12.80914460637278,32718,4132.0,4125.0,8.638568760131415,7.840759113543399,potential_interest,simple,Santa Barbara,2018-07-22,Cd,decision metal,,True,0.5,0.1,mg/kg,1.4,10.0,22.0,79.81227975693966,625.511790456423,79.81227975693966,2492.0493322216385,False,"Área de potencial interés ubicada a ambos márgenes de la quebrada Santa Bárbara, contigua al depósito de relaves santa bárbara, Sector Santa Bárbara"
L002,SB8A,502414,8583994,-74.97775601576964,-12.808927569479387,32718,4123.0,4119.0,8.79220311190414,285.24771223722166,potential_interest,simple,Santa Barbara,2018-07-22,Cd,decision metal,,True,0.5,0.1,mg/kg,1.4,10.0,22.0,79.88116173416608,599.3229513375906,79.88116173416608,2467.1752018551233,False,"Área de potencial interés ubicada a ambos márgenes de la quebrada Santa Bárbara, contigua al depósito de relaves santa bárbara, Sector Santa Bárbara"
L003,SB8B,502417,8583991,-74.97772836966361,-12.80895469568704,32718,4122.0,4119.0,8.79220311190414,285.24771223722166,potential_interest,simple,Santa Barbara,2018-07-22,Cd,decision metal,6.7,False,0.5,0.1,mg/kg,1.4,10.0,22.0,75.71657678474378,600.2882640865137,75.71657678474378,2469.907789875542,False,"Área de potencial interés ubicada a ambos márgenes de la quebrada Santa Bárbara, contigua al depósito de relaves santa bárbara, Sector Santa Bárbara"
L004,SB8E,502425,8583964,-74.97765463154732,-12.809198846336493,32718,4136.0,4125.0,8.638568760131415,7.840759113543399,potential_interest,simple,Santa Barbara,2018-07-22,Cd,decision metal,,True,0.5,0.1,mg/kg,1.4,10.0,22.0,57.0087712549569,619.4295763038765,57.0087712549569,2496.1529942625552,False,"Área de potencial interés ubicada a ambos márgenes de la quebrada Santa Bárbara, contigua al depósito de relaves santa bárbara, Sector Santa Bárbara"
L005,SB8D,502437,8583932,-74.977544030912,-12.80948820805831,32718,4137.0,4127.0,10.256813074807066,331.2458746678426,potential_interest,simple,Santa Barbara,2018-07-22,Cd,decision metal,,True,0.5,0.1,mg/kg,1.4,10.0,22.0,46.238512086787566,641.8138359368704,46.238512086787566,2527.121699148091,False,"Área de potencial interés ubicada a ambos márgenes de la quebrada Santa Bárbara, contigua al depósito de relaves santa bárbara, Sector Santa Bárbara"
L006,SB8C,502452,8583966,-74.977405839379,-12.809180739412257,32718,4135.0,4124.0,8.683742038366594,282.3019392702787,potential_interest,simple,Santa Barbara,2018-07-22,Cd,decision metal,,True,0.5,0.1,mg/kg,1.4,10.0,22.0,32.7566787083184,604.7280380468562,32.7566787083184,2492.123496910117,False,"Área de potencial interés ubicada a ambos márgenes de la quebrada Santa Bárbara, contigua al depósito de relaves santa bárbara, Sector Santa Bárbara"
L007,SB9A,502640,8584504,-74.97567396419547,-12.804315532106001,32718,4224.0,4213.0,17.57325661129504,264.10245426498057,potential_interest,simple,Santa Barbara,2018-07-22,Cd,decision metal,7.0,False,0.5,0.1,mg/kg,1.4,10.0,22.0,83.2946576918352,92.02173656261873,83.2946576918352,1948.0531542153374,False,"Área de potencial interés contigua al depósito de desmonte DSB-7, Sector Santa Bárbara"
L008,SB9B,502663,8584492,-74.9754620223416,-12.804424026662744,32718,4230.0,4213.0,17.57325661129504,264.10245426498057,potential_interest,simple,Santa Barbara,2018-07-22,Cd,decision metal,5.8,False,0.5,0.1,mg/kg,1.4,10.0,22.0,60.207972893961475,69.72087205421343,60.207972893961475,1960.3461574035143,False,"Área de potencial interés contigua al depósito de desmonte DSB-7, Sector Santa Bárbara"
L009,SB9C,502679,8584508,-74.9753146058455,-12.804279327272463,32718,4237.0,4224.0,15.095725004835451,259.5743484800445,potential_interest,simple,Santa Barbara,2018-07-22,Cd,decision metal,6.6,False,0.5,0.1,mg/kg,1.4,10.0,22.0,45.35416188179427,53.33854141237835,45.35416188179427,1944.715074441955,False,"Área de potencial interés contigua al depósito de desmonte DSB-7, Sector Santa Bárbara"
L010,SB9D,502696,8584500,-74.97515795386748,-12.80435165535558,32718,4243.0,4222.0,15.120204537517571,265.6831567036818,potential_interest,simple,Santa Barbara,2018-07-22,Cd,decision metal,46.4,False,0.5,0.1,mg/kg,1.4,10.0,22.0,27.16615541441225,36.05551275463989,27.16615541441225,1953.2431195067497,False,"Área de potencial interés contigua al depósito de desmonte DSB-7, Sector Santa Bárbara"
L011,HPA-07/S-3,502818,8585047,-74.9740343022048,-12.799405106563837,32718,4172.0,4168.0,15.11290557580748,52.95229861705745,unlabelled,simple,Unassigned,2018-09-09,Cd,decision metal,16.2,False,0.5,0.1,mg/kg,1.4,10.0,22.0,558.1442465886395,232.43278598338918,232.43278598338918,1417.9963601366787,False,Zona de pajonal de ichu
L012,HPA-07/S-2,502853,8585053,-74.97371180982714,-12.799350817464587,32718,4161.0,4156.0,9.304055068175138,322.6101135718888,unlabelled,simple,Unassigned,2018-09-09,Cd,decision metal,19.1,False,0.5,0.1,mg/kg,1.4,10.0,22.0,570.9956216995013,251.3483638299641,251.3483638299641,1417.222393853772,False,Zona de pajonal de ichu
L013,SB3B,503265,8580774,-74.96991095469548,-12.838044727074738,32718,4430.0,4418.0,12.77194199717936,312.991945916185,potential_interest,simple,Yanamina,2018-07-19,Cd,decision metal,21.9,False,0.5,0.1,mg/kg,1.4,10.0,22.0,24.186773244895647,47.853944456021594,24.186773244895647,5713.793288806527,False,"Área de potencial interés ubicada conligua al botadero de desmonte DY-12; bofedal aportante de la quebrada Carnicería, sector Yanamina"
L014,SB3D,503276,8580817,-74.96980962912515,-12.837655873860735,32718,4426.0,4422.0,16.321447496129256,301.86101493010085,potential_interest,simple,Yanamina,2018-07-19,Cd,decision metal,9.7,False,0.5,0.1,mg/kg,1.4,10.0,22.0,42.05948168962618,71.55417527999327,42.05948168962618,5672.31364667532,False,"Área de potencial interés ubicada conligua al botadero de desmonte DY-12; bofedal aportante de la quebrada Carnicería, sector Yanamina"
L015,SB3C,503283,8580806,-74.96974510789836,-12.837755337546717,32718,4437.0,4422.0,16.321447496129256,301.86101493010085,potential_interest,simple,Yanamina,2018-07-19,Cd,decision metal,11.5,False,0.5,0.1,mg/kg,1.4,10.0,22.0,29.614185789921695,58.60034129593445,29.614185789921695,5684.045670980024,False,"Área de potencial interés ubicada conligua al botadero de desmonte DY-12; bofedal aportante de la quebrada Carnicería, sector Yanamina"
L016,SB3A,503300,8580804,-74.96958844013987,-12.837773405118815,32718,4436.0,4422.0,16.321447496129256,301.86101493010085,potential_interest,simple,Yanamina,2018-07-19,Cd,decision metal,,True,0.5,0.1,mg/kg,1.4,10.0,22.0,29.154759474226502,51.62363799656123,29.154759474226502,5688.020136749736,False,"Área de potencial interés ubicada conligua al botadero de desmonte DY-12; bofedal aportante de la quebrada Carnicería, sector Yanamina"
L017,SB10F,503526,8583424,-74.967508748803,-12.81408092656888,32718,4369.0,4355.0,12.661059578500602,152.52930933571366,potential_interest,simple,Santa Barbara,2018-07-22,Cd,decision metal,,True,0.5,0.1,mg/kg,1.4,10.0,22.0,63.198101237299845,1338.8502530156238,63.198101237299845,3158.783890003854,False,"Área de potencial interés contigua al depósito de desmonte DSB-12, Sector Santa Bárbara"
L018,SB10D,503536,8583371,-74.96741653959235,-12.814560185887926,32718,4358.0,4350.0,10.535857653263713,138.0396844200064,potential_interest,simple,Santa Barbara,2018-07-22,Cd,decision metal,,True,0.5,0.1,mg/kg,1.4,10.0,22.0,116.1077086157504,1387.6516133381606,116.1077086157504,3212.4419466617146,False,"Área de potencial interés contigua al depósito de desmonte DSB-12, Sector Santa Bárbara"
L019,SB10B,503544,8583333,-74.96734277709704,-12.81490380479696,32718,4350.0,4337.0,12.942362440728141,125.74005009545424,potential_interest,simple,Santa Barbara,2018-07-22,Cd,decision metal,,True,0.5,0.1,mg/kg,1.4,10.0,22.0,154.5477272560163,1423.342896142739,154.5477272560163,3251.153592473058,False,"Área de potencial interés contigua al depósito de desmonte DSB-12, Sector Santa Bárbara"
L020,SB10G,503549,8583443,-74.9672968314623,-12.813909086293327,32718,4374.0,4361.0,12.779117086609444,161.89944711556404,potential_interest,simple,Santa Barbara,2018-07-22,Cd,decision metal,,True,0.5,0.1,mg/kg,1.4,10.0,22.0,47.53945729601885,1337.5238315633856,47.53945729601885,3147.239779848749,False,"Área de potencial interés contigua al depósito de desmonte DSB-12, Sector Santa Bárbara"
L021,SB10E,503551,8583396,-74.96727834709546,-12.814334097656188,32718,4362.0,4346.0,11.30225446026126,144.49874181965095,potential_interest,simple,Santa Barbara,2018-07-22,Cd,decision metal,,True,0.5,0.1,mg/kg,1.4,10.0,22.0,93.17188417113823,1376.2256355699817,93.17188417113823,3192.7837097900156,False,"Área de potencial interés contigua al depósito de desmonte DSB-12, Sector Santa Bárbara"
L022,SB10C,503557,8583354,-74.96722300936813,-12.81471389020064,32718,4354.0,4343.0,12.13762374614636,132.9126817052527,potential_interest,simple,Santa Barbara,2018-07-22,Cd,decision metal,16.9,False,0.5,0.1,mg/kg,1.4,10.0,22.0,135.51752654177244,1413.6933896711832,135.51752654177244,3234.7281657518292,False,"Área de potencial interés contigua al depósito de desmonte DSB-12, Sector Santa Bárbara"
L023,SB10A,503564,8583312,-74.96715845667572,-12.815093681572602,32718,4362.0,4337.0,12.942362440728141,125.74005009545424,potential_interest,simple,Santa Barbara,2018-07-22,Cd,decision metal,,True,0.5,0.1,mg/kg,1.4,10.0,22.0,178.08424972467387,1452.0068870360085,178.08424972467387,3276.970977430185,False,"Área de potencial interés contigua al depósito de desmonte DSB-12, Sector Santa Bárbara"
L024,SB2B,503607,8580667,-74.96675908107282,-12.839011929779709,32718,4479.0,4472.0,5.9678210402163545,314.45977622386044,potential_interest,simple,Yanamina,2018-07-18,Cd,decision metal,,True,0.5,0.1,mg/kg,1.4,10.0,22.0,103.76897416858277,311.12216250212714,103.76897416858277,5867.509805250134,False,"Área de potencial interés ubicada conligua al botadero de desmonte DY-09; sobre un bofedal aportante de la quebrada Carnicería, sector Yanamina"
L025,SB2A,503613,8580679,-74.9667038013446,-12.838903408860128,32718,4480.0,4472.0,5.9678210402163545,314.45977622386044,potential_interest,simple,Yanamina,2018-07-18,Cd,decision metal,,True,0.5,0.1,mg/kg,1.4,10.0,22.0,112.16059914247963,313.84868965793055,112.16059914247963,5856.686530097003,False,"Área de potencial interés ubicada conligua al botadero de desmonte DY-09; sobre un bofedal aportante de la quebrada Carnicería, sector Yanamina"
L026,SB11L,503620,8584781,-74.96664417505595,-12.801809673693832,32718,4207.0,4209.0,26.868575521372726,48.825330691832455,potential_interest,simple,Santa Barbara,2018-07-24,Cd,decision metal,,True,0.5,0.1,mg/kg,1.4,10.0,22.0,327.1819065902025,878.2055568031894,327.1819065902025,1944.041283327869,False,"Área de potencial interés contigua a la desmontera 2, ubicada 1 km al norte de la ciudad de Huancavelica, Sector Santa Bárbara"
L027,SB2C,503624,8580669,-74.9666024171019,-12.838993824261376,32718,4482.0,4472.0,5.9678210402163545,314.45977622386044,potential_interest,simple,Yanamina,2018-07-18,Cd,decision metal,,True,0.5,0.1,mg/kg,1.4,10.0,22.0,98.97979591815695,326.9740050829729,98.97979591815695,5868.403628735295,False,"Área de potencial interés ubicada conligua al botadero de desmonte DY-09; sobre un bofedal aportante de la quebrada Carnicería, sector Yanamina"
L028,SB1D,503627,8580207,-74.96657421806661,-12.843171605946889,32718,4506.0,4500.0,6.16856175579453,274.3168432963182,potential_interest,simple,Yanamina,2018-07-18,Cd,decision metal,16.2,False,0.5,0.1,mg/kg,1.4,10.0,22.0,112.8716084761797,96.60745312862771,96.60745312862771,6324.642048606057,False,"Área de potencial interés ubicada debajo del botadero de desmonte DY-06 y contigua a la orilla este de la laguna Suytococha, sector Yanamina"
L029,SB2D,503627,8580642,-74.96657473784319,-12.839237977060506,32718,4480.0,4473.0,5.382353299572041,325.11439823150306,potential_interest,simple,Yanamina,2018-07-18,Cd,decision metal,,True,0.5,0.1,mg/kg,1.4,10.0,22.0,72.61542535852834,337.76027001410336,72.61542535852834,5895.520882077542,False,"Área de potencial interés ubicada conligua al botadero de desmonte DY-09; sobre un bofedal aportante de la quebrada Carnicería, sector Yanamina"
L030,SB1F,503632,8580183,-74.96652811024639,-12.84338862784588,32718,4503.0,4498.0,7.052860372455268,197.54971472254823,potential_interest,simple,Yanamina,2018-07-18,Cd,decision metal,,True,0.5,0.1,mg/kg,1.4,10.0,22.0,113.54734695271397,73.06161783043132,73.06161783043132,6349.130909772994,False,"Área de potencial interés ubicada debajo del botadero de desmonte DY-06 y contigua a la orilla este de la laguna Suytococha, sector Yanamina"
L031,SB1A,503639,8580246,-74.96646367499258,-12.842818921724128,32718,4496.0,4502.0,10.136458650222988,283.15107561305496,potential_interest,simple,Yanamina,2018-07-18,Cd,decision metal,4.0,False,0.5,0.1,mg/kg,1.4,10.0,22.0,103.07764064044152,129.52219886953742,103.07764064044152,6288.057207523232,False,"Área de potencial interés ubicada debajo del botadero de desmonte DY-06 y contigua a la orilla este de la laguna Suytococha, sector Yanamina"
L032,SB1C,503662,8580236,-74.96625169937042,-12.842909322817677,32718,4514.0,4502.0,10.136458650222988,283.15107561305496,potential_interest,simple,Yanamina,2018-07-18,Cd,decision metal,,True,0.5,0.1,mg/kg,1.4,10.0,22.0,78.44743462982075,116.21101496846157,78.44743462982075,6301.665445314035,False,"Área de potencial interés ubicada debajo del botadero de desmonte DY-06 y contigua a la orilla este de la laguna Suytococha, sector Yanamina"
L033,SB1E,503664,8580207,-74.96623323273958,-12.843171562337405,32718,4516.0,4508.0,15.40321129741568,276.78332750762286,potential_interest,simple,Yanamina,2018-07-18,Cd,decision metal,,True,0.5,0.1,mg/kg,1.4,10.0,22.0,76.2954782408499,87.14355971613737,76.2954782408499,6330.600503880987,False,"Área de potencial interés ubicada debajo del botadero de desmonte DY-06 y contigua a la orilla este de la laguna Suytococha, sector Yanamina"
L034,SB11K,503667,8584812,-74.96621113956833,-12.801529290096935,32718,4192.0,4182.0,14.249695546039948,24.082076037899554,potential_interest,simple,Santa Barbara,2018-07-24,Cd,decision metal,,True,0.5,0.1,mg/kg,1.4,10.0,22.0,368.28521555989727,924.1217452262446,368.28521555989727,1942.2288044872726,False,"Área de potencial interés contigua a la desmontera 2, ubicada 1 km al norte de la ciudad de Huancavelica, Sector Santa Bárbara"
L035,SB1B,503671,8580249,-74.96616877280393,-12.842791755438935,32718,4517.0,4507.0,12.649121409787782,274.1575315643479,potential_interest,simple,Yanamina,2018-07-18,Cd,decision metal,5.3,False,0.5,0.1,mg/kg,1.4,10.0,22.0,73.53910524340094,129.0155029444136,73.53910524340094,6290.330686409144,False,"Área de potencial interés ubicada debajo del botadero de desmonte DY-06 y contigua a la orilla este de la laguna Suytococha, sector Yanamina"
L036,SB12A,503683,8584548,-74.96606339140882,-12.803916583914456,32718,4255.0,4246.0,24.797694055825083,51.310650958407166,potential_interest,simple,Santa Barbara,2018-07-24,Cd,decision metal,,True,0.5,0.1,mg/kg,1.4,10.0,22.0,150.20652449211386,952.111863175751,150.20652449211386,2177.4811088639044,False,"Área de potencial interés contigua a la desmontera 2, ubicada 2 km al norte de la ciudad de Huancavelica, Sector
Santa Bárbara"
L037,SB11C,503689,8585080,-74.96600874943906,-12.799105779413015,32718,4134.0,4112.0,17.117052060340956,46.62057155245583,potential_interest,simple,Santa Barbara,2018-07-24,Cd,decision metal,,True,0.5,0.1,mg/kg,1.4,10.0,22.0,633.8532953294476,979.247159812067,633.8532953294476,1735.3095158531653,False,"Área de potencial interés contigua a la desmontera 2, ubicada 1 km al norte de la ciudad de Huancavelica, Sector Santa Bárbara"
L038,SB11A,503692,8585128,-74.9659811649621,-12.798671718854152,32718,4095.0,4098.0,18.409928811848058,50.54421600572451,potential_interest,simple,Santa Barbara,2018-07-24,Cd,decision metal,,True,0.5,0.1,mg/kg,1.4,10.0,22.0,681.5137562808252,995.5912816010393,681.5137562808252,1699.492417277152,False,"Área de potencial interés contigua a la desmontera 2, ubicada 1 km al norte de la ciudad de Huancavelica, Sector Santa Bárbara"
L039,SB12B,503702,8584560,-74.96588833255689,-12.803808047096277,32718,4250.0,4237.0,23.392372677409153,37.82610309895478,potential_interest,simple,Santa Barbara,2018-07-24,Cd,decision metal,,True,0.5,0.1,mg/kg,1.4,10.0,22.0,172.62966141425406,971.7324734719942,172.62966141425406,2176.322510571999,False,"Área de potencial interés contigua a la desmontera 2, ubicada 2 km al norte de la ciudad de Huancavelica, Sector
Santa Bárbara"
L040,SB11E,503706,8585019,-74.96585203353816,-12.799657373235098,32718,4139.0,4121.0,12.46523192546263,6.459881822193694,potential_interest,simple,Santa Barbara,2018-07-24,Cd,decision metal,,True,0.5,0.1,mg/kg,1.4,10.0,22.0,578.2179519869649,981.9536648946324,578.2179519869649,1794.1066740399153,False,"Área de potencial interés contigua a la desmontera 2, ubicada 1 km al norte de la ciudad de Huancavelica, Sector Santa Bárbara"
L041,SB7B,503707,8579765,-74.96583641252553,-12.847168438526705,32718,4498.0,4489.0,2.0916262055509325,206.99969365163813,potential_interest,simple,Yanamina,2018-07-24,Cd,decision metal,,True,0.5,0.1,mg/kg,1.4,10.0,22.0,73.76313442364011,357.02801010564986,73.76313442364011,6773.737967249047,False,"Área de potencial interés contigua a los botaderos de desmonte DY -03, DY -04 y DY-05,al sur de la laguna Suytococha (bofedal), sector Yanamina"
L042,SB11J,503707,8584847,-74.96584260997032,-12.801212742744497,32718,4175.0,4164.0,17.1577641957557,28.02784544168128,potential_interest,simple,Santa Barbara,2018-07-24,Cd,decision metal,,True,0.5,0.1,mg/kg,1.4,10.0,22.0,414.2088845015278,964.2074465590898,414.2088845015278,1934.8170334203396,False,"Área de potencial interés contigua a la desmontera 2, ubicada 1 km al norte de la ciudad de Huancavelica, Sector Santa Bárbara"
L043,SB11G,503707,8584957,-74.96584274384789,-12.800218028943576,32718,4147.0,4135.0,16.25194266473548,15.674359220306002,potential_interest,simple,Santa Barbara,2018-07-24,Cd,decision metal,,True,0.5,0.1,mg/kg,1.4,10.0,22.0,518.6800555255619,972.7260662694302,518.6800555255619,1844.5908879223525,False,"Área de potencial interés contigua a la desmontera 2, ubicada 1 km al norte de la ciudad de Huancavelica, Sector Santa Bárbara"
L044,SB7E,503708,8579859,-74.9658273114419,-12.846318412139535,32718,4503.0,4496.0,5.473641095238119,192.49100040431256,potential_interest,simple,Yanamina,2018-07-24,Cd,decision metal,,True,0.5,0.1,mg/kg,1.4,10.0,22.0,29.832867780352597,263.89770745499095,29.832867780352597,6681.120178285547,False,"Área de potencial interés contigua a los botaderos de desmonte DY -03, DY -04 y DY-05,al sur de la laguna Suytococha (bofedal), sector Yanamina"
L045,SB7G,503710,8579962,-74.96580900551274,-12.845386999099265,32718,4512.0,4503.0,5.020682445903572,202.17654469915223,potential_interest,simple,Yanamina,2018-07-24,Cd,decision metal,,True,0.5,0.1,mg/kg,1.4,10.0,22.0,127.1416532848303,163.23296235748464,127.1416532848303,6579.8287592428105,False,"Área de potencial interés contigua a los botaderos de desmonte DY -03, DY -04 y DY-05,al sur de la laguna Suytococha (bofedal), sector Yanamina"
L046,SB11B,503712,8585108,-74.96579685656818,-12.798852552083163,32718,4105.0,4101.0,13.345713346640432,6.017761412004106,potential_interest,simple,Santa Barbara,2018-07-24,Cd,decision metal,,True,0.5,0.1,mg/kg,1.4,10.0,22.0,666.1088499637277,1008.9212060413836,666.1088499637277,1727.615283748859,False,"Área de potencial interés contigua a la desmontera 2, ubicada 1 km al norte de la ciudad de Huancavelica, Sector Santa Bárbara"
L047,SB12C,503715,8584594,-74.96576858699709,-12.803500574634262,32718,4241.0,4228.0,20.146939429244547,55.566303354374305,potential_interest,simple,Santa Barbara,2018-07-24,Cd,decision metal,,True,0.5,0.1,mg/kg,1.4,10.0,22.0,204.04411287758342,987.2958016724268,204.04411287758342,2153.372036588449,False,"Área de potencial interés contigua a la desmontera 2, ubicada 2 km al norte de la ciudad de Huancavelica, Sector
Santa Bárbara"
L048,SB7C,503716,8579799,-74.9657535104818,-12.846860971810948,32718,4499.0,4491.0,4.412313855758794,212.49299499089238,potential_interest,simple,Yanamina,2018-07-24,Cd,decision metal,,True,0.5,0.1,mg/kg,1.4,10.0,22.0,38.600518131237564,324.4225639501667,38.600518131237564,6741.624102519699,False,"Área de potencial interés contigua a los botaderos de desmonte DY -03, DY -04 y DY-05,al sur de la laguna Suytococha (bofedal), sector Yanamina"
L049,SB11D,503716,8585058,-74.96575993874448,-12.799304689989606,32718,4114.0,4107.0,13.715516323265057,0.0,potential_interest,simple,Santa Barbara,2018-07-24,Cd,decision metal,,True,0.5,0.1,mg/kg,1.4,10.0,22.0,618.4795873753636,1000.0449989875456,618.4795873753636,1769.2527169163575,False,"Área de potencial interés contigua a la desmontera 2, ubicada 1 km al norte de la ciudad de Huancavelica, Sector Santa Bárbara"
L050,SB7J,503717,8580067,-74.9657446228273,-12.84443749434135,32718,4517.0,4507.0,13.788246537724806,265.24607548179307,potential_interest,simple,Yanamina,2018-07-24,Cd,decision metal,6.3,False,0.5,0.1,mg/kg,1.4,10.0,22.0,83.54639429682169,71.50524456289902,71.50524456289902,6477.460003629833,False,"Área de potencial interés contigua a los botaderos de desmonte DY -03, DY -04 y DY-05,al sur de la laguna Suytococha (bofedal), sector Yanamina"
L051,SB7I,503718,8580034,-74.9657353665294,-12.844735906285893,32718,4516.0,4508.0,10.129434896637791,273.9165899912398,potential_interest,simple,Yanamina,2018-07-24,Cd,decision metal,,True,0.5,0.1,mg/kg,1.4,10.0,22.0,105.43718509140881,98.97979591815695,98.97979591815695,6510.158946840717,False,"Área de potencial interés contigua a los botaderos de desmonte DY -03, DY -04 y DY-05,al sur de la laguna Suytococha (bofedal), sector Yanamina"
L052,SB7F,503721,8579923,-74.96570758278322,-12.845739655939022,32718,4511.0,4501.0,2.7945109775890815,180.0,potential_interest,simple,Yanamina,2018-07-24,Cd,decision metal,7.4,False,0.5,0.1,mg/kg,1.4,10.0,22.0,87.20665112249179,203.74739262135355,87.20665112249179,6620.1092068302205,False,"Área de potencial interés contigua a los botaderos de desmonte DY -03, DY -04 y DY-05,al sur de la laguna Suytococha (bofedal), sector Yanamina"
L053,SB7D,503722,8579819,-74.96569823929283,-12.846680108172036,32718,4500.0,4494.0,5.216924580962116,206.99969365163813,potential_interest,simple,Yanamina,2018-07-24,Cd,decision metal,,True,0.5,0.1,mg/kg,1.4,10.0,22.0,17.72004514666935,305.6304958606062,17.72004514666935,6722.862874870681,False,"Área de potencial interés contigua a los botaderos de desmonte DY -03, DY -04 y DY-05,al sur de la laguna Suytococha (bofedal), sector Yanamina"
L054,SB7A,503723,8579759,-74.96568894971874,-12.847222676227805,32718,4498.0,4491.0,4.983457093280994,221.72203945890237,potential_interest,simple,Yanamina,2018-07-24,Cd,decision metal,,True,0.5,0.1,mg/kg,1.4,10.0,22.0,77.10382610480494,365.0164379860173,77.10382610480494,6782.229574016775,False,"Área de potencial interés contigua a los botaderos de desmonte DY -03, DY -04 y DY-05,al sur de la laguna Suytococha (bofedal), sector Yanamina"
L055,SB11F,503723,8584988,-74.96569535362083,-12.799937681344371,32718,4143.0,4129.0,13.655856023646944,13.81896465066032,potential_interest,simple,Santa Barbara,2018-07-24,Cd,decision metal,,True,0.5,0.1,mg/kg,1.4,10.0,22.0,552.9575028878802,993.1369492673203,552.9575028878802,1829.1030631388346,False,"Área de potencial interés contigua a la desmontera 2, ubicada 1 km al norte de la ciudad de Huancavelica, Sector Santa Bárbara"
L056,SB11I,503725,8584898,-74.96567681506198,-12.800751535712367,32718,4164.0,4153.0,11.666042520516278,15.128631184780602,potential_interest,simple,Santa Barbara,2018-07-24,Cd,decision metal,,True,0.5,0.1,mg/kg,1.4,10.0,22.0,468.2841018014598,984.5633549955026,468.2841018014598,1903.0578425302072,False,"Área de potencial interés contigua a la desmontera 2, ubicada 1 km al norte de la ciudad de Huancavelica, Sector Santa Bárbara"
L057,SB4B,503732,8581657,-74.96560833906184,-12.830059380308956,32718,4369.0,4354.0,18.480100347715993,332.683717802282,potential_interest,simple,Yanamina,2018-07-19,Cd,decision metal,,True,0.5,0.1,mg/kg,1.4,10.0,22.0,93.2148056909416,961.2075738361616,93.2148056909416,4920.7933922409,False,"Área de potencial interés ubicada contigua al botadero de desmonte DY-18; bofedal aportante de la quebrada Carnicería, sector Yanamina"
L058,SB4A,503733,8581685,-74.96559915812166,-12.82980617978854,32718,4358.0,4345.0,14.649879899648225,336.64552947215435,potential_interest,simple,Yanamina,2018-07-19,Cd,decision metal,,True,0.5,0.1,mg/kg,1.4,10.0,22.0,120.81390648431164,970.7734030143183,120.81390648431164,4893.7391882147895,False,"Área de potencial interés ubicada contigua al botadero de desmonte DY-18; bofedal aportante de la quebrada Carnicería, sector Yanamina"
L059,SB7L,503738,8580090,-74.96555111797848,-12.844229484106759,32718,4524.0,4516.0,15.378403595224352,231.59954439154282,potential_interest,simple,Yanamina,2018-07-24,Cd,decision metal,12.7,False,0.5,0.1,mg/kg,1.4,10.0,22.0,52.630789467763066,75.23961722390672,52.630789467763066,6458.370431610005,False,"Área de potencial interés contigua a los botaderos de desmonte DY -03, DY -04 y DY-05,al sur de la laguna Suytococha (bofedal), sector Yanamina"
L060,SB4D,503740,8581614,-74.9655345633934,-12.83044821245132,32718,4367.0,4370.0,16.218115443452895,319.0397673029467,potential_interest,simple,Yanamina,2018-07-19,Cd,decision metal,6.2,False,0.5,0.1,mg/kg,1.4,10.0,22.0,49.49747468305833,938.9190593443079,49.49747468305833,4964.491826395352,False,"Área de potencial interés ubicada contigua al botadero de desmonte DY-18; bofedal aportante de la quebrada Carnicería, sector Yanamina"
L061,SB7H,503742,8579997,-74.96551413986461,-12.845070461767586,32718,4514.0,4510.0,7.653537367571345,218.0920082762951,potential_interest,simple,Yanamina,2018-07-24,Cd,decision metal,,True,0.5,0.1,mg/kg,1.4,10.0,22.0,115.96551211459379,143.0314650697531,115.96551211459379,6550.682314870827,False,"Área de potencial interés contigua a los botaderos de desmonte DY -03, DY -04 y DY-05,al sur de la laguna Suytococha (bofedal), sector Yanamina"
L062,SB11H,503742,8584949,-74.9655202350142,-12.800290329767154,32718,4152.0,4138.0,14.321246389470344,340.06387464580735,potential_interest,simple,Santa Barbara,2018-07-24,Cd,decision metal,,True,0.5,0.1,mg/kg,1.4,10.0,22.0,522.0153254455275,1006.4218797303644,522.0153254455275,1871.7263046220519,False,"Área de potencial interés contigua a la desmontera 2, ubicada 1 km al norte de la ciudad de Huancavelica, Sector Santa Bárbara"
L063,SB4C,503743,8581638,-74.96550694689212,-12.830231180848704,32718,4364.0,4365.0,17.633522557672713,324.9853664243836,potential_interest,simple,Yanamina,2018-07-19,Cd,decision metal,,True,0.5,0.1,mg/kg,1.4,10.0,22.0,73.10950690573696,944.174771956972,73.10950690573696,4941.783156142935,False,"Área de potencial interés ubicada contigua al botadero de desmonte DY-18; bofedal aportante de la quebrada Carnicería, sector Yanamina"
L064,SB12D,503743,8584613,-74.9655106078096,-12.803328726818043,32718,4231.0,4217.0,12.13762374614636,47.087318294747284,potential_interest,simple,Santa Barbara,2018-07-24,Cd,decision metal,,True,0.5,0.1,mg/kg,1.4,10.0,22.0,237.64890069175578,1017.0752184573174,237.64890069175578,2151.396675440131,False,"Área de potencial interés contigua a la desmontera 2, ubicada 2 km al norte de la ciudad de Huancavelica, Sector
Santa Bárbara"
L065,SB7K,503744,8580069,-74.96549579692086,-12.844419376127476,32718,4523.0,4514.0,11.54387024255555,248.99350579489123,potential_interest,simple,Yanamina,2018-07-24,Cd,decision metal,,True,0.5,0.1,mg/kg,1.4,10.0,22.0,64.35060217278468,90.69729874698585,64.35060217278468,6480.090111388096,False,"Área de potencial interés contigua a los botaderos de desmonte DY -03, DY -04 y DY-05,al sur de la laguna Suytococha (bofedal), sector Yanamina"
L066,SB13B,503801,8584252,-74.96497572367258,-12.806593125069208,32718,4309.0,4310.0,12.020263587511481,76.74741437946496,potential_interest,simple,Santa Barbara,2018-07-24,Cd,decision metal,,True,0.5,0.1,mg/kg,1.4,10.0,22.0,68.00735254367721,1097.843795810679,68.00735254367721,2493.886285263195,False,"Área de potencial interés contigua a la desmontera 2, ubicada 2 km al norte de la ciudad de Huancavelica, Sector Santa Bárbara"
L067,SB13C,503817,8584221,-74.96482825298429,-12.806873433727189,32718,4310.0,4307.0,8.79920101731439,3.0700345369666593,potential_interest,simple,Santa Barbara,2018-07-24,Cd,decision metal,,True,0.5,0.1,mg/kg,1.4,10.0,22.0,40.718546143004666,1120.7970378262069,40.718546143004666,2528.768488764701,False,"Área de potencial interés contigua a la desmontera 2, ubicada 2 km al norte de la ciudad de Huancavelica, Sector Santa Bárbara"
L068,SB13A,503822,8584263,-74.96478223321901,-12.806493627931895,32718,4308.0,4300.0,12.662204961454663,33.607600059779855,potential_interest,simple,Santa Barbara,2018-07-24,Cd,decision metal,,True,0.5,0.1,mg/kg,1.4,10.0,22.0,82.00609733428362,1115.894708294649,82.00609733428362,2494.185135631263,False,"Área de potencial interés contigua a la desmontera 2, ubicada 2 km al norte de la ciudad de Huancavelica, Sector Santa Bárbara"
L069,SB13D,503835,8584217,-74.96466238696497,-12.806909582919877,32718,4312.0,4307.0,8.79920101731439,3.0700345369666593,potential_interest,simple,Santa Barbara,2018-07-24,Cd,decision metal,,True,0.5,0.1,mg/kg,1.4,10.0,22.0,48.104053883222775,1139.2251752836223,48.104053883222775,2540.8101018130437,False,"Área de potencial interés contigua a la desmontera 2, ubicada 2 km al norte de la ciudad de Huancavelica, Sector Santa Bárbara"
L070,SB13E,503845,8584200,-74.96457022049113,-12.807063298962268,32718,4315.0,4310.0,9.913411855491505,320.1800757627085,potential_interest,simple,Santa Barbara,2018-07-24,Cd,decision metal,,True,0.5,0.1,mg/kg,1.4,10.0,22.0,47.75981574503821,1153.2445534230803,47.75981574503821,2560.5204762448916,False,"Área de potencial interés contigua a la desmontera 2, ubicada 2 km al norte de la ciudad de Huancavelica, Sector Santa Bárbara"
L071,HPA-03/S-1,504122,8581408,-74.96201401788463,-12.832310550701548,32718,4416.0,4409.0,14.348578626496392,345.9323236961409,unlabelled,simple,Unassigned,2018-09-08,Cd,decision metal,2.3,False,0.5,0.1,mg/kg,1.4,10.0,22.0,406.5390510147826,515.5938323913505,406.5390510147826,5261.036837174088,False,"Zona de pajonal de ichu, rodeado al este y noreste por bofedales"
L072,HPA-03/S-2 | HPA-07/S-1,504131,8581424,-74.96193110083027,-12.832165853413107,32718,4414.0,4409.0,14.348578626496392,345.9323236961409,unlabelled,simple,Unassigned,2018-09-08,Cd,decision metal,5.694734409961538,False,0.5,0.1,mg/kg,1.4,10.0,22.0,409.0684539291682,510.13135563303695,409.0684539291682,5248.271746336201,True,Zona final de ladera con presencia de pastizal ralo
L073,SB5A,504310,8580835,-74.96028070509071,-12.837491835521167,32718,4508.0,4501.0,9.965424572589395,22.176544699152217,potential_interest,simple,Yanamina,2018-07-20,Cd,decision metal,7.3,False,0.5,0.1,mg/kg,1.4,10.0,22.0,64.32728814430156,570.7889277132134,64.32728814430156,5863.865568110628,False,"Área de potencial interés ubicada contigua a los botaderos de desmonte DY-13 y DY-14, sector Yanamina"
L074,SB5C,504322,8580786,-74.96017004799732,-12.837934917295788,32718,4517.0,4513.0,13.354411255048433,26.999693651638133,potential_interest,simple,Yanamina,2018-07-20,Cd,decision metal,6.0,False,0.5,0.1,mg/kg,1.4,10.0,22.0,28.653097563788805,605.9414163101908,28.653097563788805,5914.248467063949,False,"Área de potencial interés ubicada contigua a los botaderos de desmonte DY-13 y DY-14, sector Yanamina"
L075,SB5B,504343,8580820,-74.95997656843673,-12.837627431784398,32718,4508.0,4501.0,8.068828436907648,341.23844718718937,potential_interest,simple,Yanamina,2018-07-20,Cd,decision metal,,True,0.5,0.1,mg/kg,1.4,10.0,22.0,66.48308055437865,565.9911660087992,66.48308055437865,5887.771592252687,False,"Área de potencial interés ubicada contigua a los botaderos de desmonte DY-13 y DY-14, sector Yanamina"
L076,SB5E,504344,8580765,-74.9599672741314,-12.838124785845938,32718,4525.0,4510.0,10.802890386669025,16.403827229696162,potential_interest,simple,Yanamina,2018-07-20,Cd,decision metal,6.9,False,0.5,0.1,mg/kg,1.4,10.0,22.0,14.866068747318506,613.6709215858284,14.866068747318506,5940.693058797538,False,"Área de potencial interés ubicada contigua a los botaderos de desmonte DY-13 y DY-14, sector Yanamina"
L077,NFSB-4,504351,8584773,-74.95990849948657,-12.801881077699838,32718,4199.0,4193.0,22.11918229980773,118.71007139767552,background,composite,Santa Barbara,2018-07-25,Cd,decision metal,,True,0.5,0.1,mg/kg,1.4,10.0,22.0,806.5494405180627,1608.9064609230707,806.5494405180627,2406.8545079354994,False,Parcelas ubicadas en el sector Santa Bárbara
L078,SB5D,504361,8580785,-74.9598106370607,-12.837943905402684,32718,4515.0,4510.0,8.361133594433927,340.21835740229136,potential_interest,simple,Yanamina,2018-07-20,Cd,decision metal,,True,0.5,0.1,mg/kg,1.4,10.0,22.0,31.78049716414141,588.102882155835,31.78049716414141,5926.50298433465,False,"Área de potencial interés ubicada contigua a los botaderos de desmonte DY-13 y DY-14, sector Yanamina"
L079,NFSB-3,504395,8584773,-74.95950306953617,-12.801881015697255,32718,4189.0,4174.0,17.131390730601275,138.78116585511867,background,composite,Santa Barbara,2018-07-25,Cd,decision metal,,True,0.5,0.1,mg/kg,1.4,10.0,22.0,837.2251787900314,1652.8823309600716,837.2251787900314,2438.573407084306,False,Parcelas ubicadas en el sector Santa Bárbara
L080,NFSB-5,504395,8584817,-74.95950313303119,-12.801483130234883,32718,4196.0,4189.0,14.64826267601103,137.00626003428306,background,composite,Santa Barbara,2018-07-25,Cd,decision metal,,True,0.5,0.1,mg/kg,1.4,10.0,22.0,868.7427697540855,1652.0302660665755,868.7427697540855,2408.4899207046387,False,Parcelas ubicadas en el sector Santa Bárbara
L081,NFY-15,504405,8581013,-74.95940548015933,-12.835882078466964,32718,4493.0,4475.0,6.649457856745024,12.318042996826037,background,composite,Yanamina,2018-07-23,Cd,decision metal,,True,0.5,0.1,mg/kg,1.4,10.0,22.0,263.97348351681086,370.600863463646,263.97348351681086,5722.397953848453,False,"Parcelas ubicadas sobre el bofedal del paraje Cumallipata, sector Yanamina "
L082,NFSB-2,504439,8584773,-74.95909763958792,-12.80188095307082,32718,4182.0,4168.0,15.144643258137434,150.65410618155724,background,composite,Santa Barbara,2018-07-25,Cd,decision metal,,True,0.5,0.1,mg/kg,1.4,10.0,22.0,869.0466040437648,1696.8594520466331,869.0466040437648,2470.6687153700077,False,Parcelas ubicadas en el sector Santa Bárbara
L083,NFSB-11,504439,8584860,-74.95909776638969,-12.801094224989876,32718,4202.0,4190.0,16.19218688113056,134.45977622386044,background,composite,Santa Barbara,2018-07-25,Cd,decision metal,,True,0.5,0.1,mg/kg,1.4,10.0,22.0,930.2134163728235,1696.3210191470246,930.2134163728235,2412.390056916873,False,Parcelas ubicadas en el sector Santa Bárbara
L084,NFSB-6,504440,8584816,-74.95908848795824,-12.801492109031432,32718,4189.0,4184.0,14.031007517668728,133.12837677809904,background,composite,Santa Barbara,2018-07-25,Cd,decision metal,,True,0.5,0.1,mg/kg,1.4,10.0,22.0,899.4576143432218,1697.0356507746087,899.4576143432218,2442.3931587928605,False,Parcelas ubicadas en el sector Santa Bárbara
L085,NFY-14,504449,8581028,-74.9590000177867,-12.835746373107328,32718,4492.0,4478.0,6.666088825278639,334.8112269478744,background,composite,Yanamina,2018-07-23,Cd,decision metal,,True,0.5,0.1,mg/kg,1.4,10.0,22.0,290.0017241328058,333.16962646675944,290.0017241328058,5722.004612846876,False,"Parcelas ubicadas sobre el bofedal del paraje Cumallipata, sector Yanamina "
L086,SB6B,504483,8581394,-74.95868722935931,-12.83243664859473,32718,4453.0,4435.0,1.2099628131529876,281.10394170963525,potential_interest,simple,Yanamina,2018-07-23,Cd,decision metal,,True,0.5,0.1,mg/kg,1.4,10.0,22.0,158.93709447451215,168.0773631397161,158.93709447451215,5387.950057546948,False,"Área de potencial interés ubicada en· el bofedal del paraje Cumallipata, contigua al botadero de desmonte DY-15 y  bocamina BY-06; sector Yanamina."
L087,NFSB-1,504483,8584772,-74.95869220816984,-12.801889932671722,32718,4173.0,4163.0,14.51299025948978,144.79751140277082,background,composite,Santa Barbara,2018-07-25,Cd,decision metal,,True,0.5,0.1,mg/kg,1.4,10.0,22.0,901.2397017442141,1740.8690358553683,901.2397017442141,2503.7968274775344,False,Parcelas ubicadas en el sector Santa Bárbara
L088,NFSB-7,504483,8584816,-74.95869227293623,-12.801492047213662,32718,4183.0,4173.0,12.44569453021487,122.309468312076,background,composite,Santa Barbara,2018-07-25,Cd,decision metal,,True,0.5,0.1,mg/kg,1.4,10.0,22.0,930.5444642788436,1740.034769767547,930.5444642788436,2474.488631956842,False,Parcelas ubicadas en el sector Santa Bárbara
L089,NFSB-10,504483,8584860,-74.95869233770047,-12.8010941617436,32718,4194.0,4177.0,14.414338425746744,129.27510483422822,background,composite,Santa Barbara,2018-07-25,Cd,decision metal,,True,0.5,0.1,mg/kg,1.4,10.0,22.0,960.9708632419612,1740.3129028999354,960.9708632419612,2445.6208671993127,False,Parcelas ubicadas en el sector Santa Bárbara
L090,SB6A,504491,8581435,-74.95861356655124,-12.83206588095476,32718,4455.0,4435.0,3.135699354991769,26.999693651638133,potential_interest,simple,Yanamina,2018-07-23,Cd,decision metal,,True,0.5,0.1,mg/kg,1.4,10.0,22.0,179.6941846582688,186.1316738225926,179.6941846582688,5352.261039212821,False,"Área de potencial interés ubicada en· el bofedal del paraje Cumallipata, contigua al botadero de desmonte DY-15 y  bocamina BY-06; sector Yanamina."
L091,NFY-13,504493,8581028,-74.95859453365824,-12.83574630954204,32718,4493.0,4480.0,5.632457622719263,335.1464829457472,background,composite,Yanamina,2018-07-23,Cd,decision metal,,True,0.5,0.1,mg/kg,1.4,10.0,22.0,301.3585903869342,311.746692043396,301.3585903869342,5736.1705369357915,False,"Parcelas ubicadas sobre el bofedal del paraje Cumallipata, sector Yanamina "
L092,SB6D,504521,8581360,-74.95833699249846,-12.832744049554446,32718,4455.0,4438.0,6.423394273023185,263.777316353365,potential_interest,simple,Yanamina,2018-07-23,Cd,decision metal,,True,0.5,0.1,mg/kg,1.4,10.0,22.0,108.55873986004075,118.53269591129698,108.55873986004075,5433.014259752845,False,"Área de potencial interés ubicada en· el bofedal del paraje Cumallipata, contigua al botadero de desmonte DY-15 y  bocamina BY-06; sector Yanamina."
L093,NFSB-8,504527,8584816,-74.95828684361355,-12.801491983341519,32718,4176.0,4167.0,11.439261942747423,122.87191669350793,background,composite,Santa Barbara,2018-07-25,Cd,decision metal,,True,0.5,0.1,mg/kg,1.4,10.0,22.0,963.303171384793,1784.0339122337332,963.303171384793,2507.6685644344966,False,Parcelas ubicadas en el sector Santa Bárbara
L094,NFSB-9,504527,8584860,-74.95828690901342,-12.801094097873515,32718,4184.0,4170.0,13.105692790968945,131.60057028821885,background,composite,Santa Barbara,2018-07-25,Cd,decision metal,,True,0.5,0.1,mg/kg,1.4,10.0,22.0,992.7260447877853,1784.3051869004921,992.7260447877853,2479.187178381262,False,Parcelas ubicadas en el sector Santa Bárbara
L095,NFSB-12,504527,8584903,-74.95828697292481,-12.800705255245468,32718,4196.0,4177.0,14.678005669066339,139.54696774696325,background,composite,Santa Barbara,2018-07-25,Cd,decision metal,,True,0.5,0.1,mg/kg,1.4,10.0,22.0,1022.4920537588544,1785.6181002666835,1022.4920537588544,2451.796385235992,False,Parcelas ubicadas en el sector Santa Bárbara
L096,SB6C,504528,8581408,-74.95827255597534,-12.8323099834774,32718,4455.0,4437.0,6.221861426415022,299.0152973301201,potential_interest,simple,Yanamina,2018-07-23,Cd,decision metal,,True,0.5,0.1,mg/kg,1.4,10.0,22.0,134.9518432626987,140.71602609511115,134.9518432626987,5390.518275125792,False,"Área de potencial interés ubicada en· el bofedal del paraje Cumallipata, contigua al botadero de desmonte DY-15 y  bocamina BY-06; sector Yanamina."
L097,NFY-12,504537,8581014,-74.95818902861596,-12.83587284494121,32718,4498.0,4481.0,3.9865520492539863,314.45977622386044,background,composite,Yanamina,2018-07-23,Cd,decision metal,,True,0.5,0.1,mg/kg,1.4,10.0,22.0,300.048329440442,308.71669860893496,300.048329440442,5763.844918759333,False,"Parcelas ubicadas sobre el bofedal del paraje Cumallipata, sector Yanamina "
L098,SB6E,504555,8581362,-74.95802367057195,-12.832725914051892,32718,4458.0,4443.0,11.66117966968472,259.78258960172616,potential_interest,simple,Yanamina,2018-07-23,Cd,decision metal,,True,0.5,0.1,mg/kg,1.4,10.0,22.0,82.73451516749222,90.21086409075129,82.73451516749222,5443.093021655085,False,"Área de potencial interés ubicada en· el bofedal del paraje Cumallipata, contigua al botadero de desmonte DY-15 y  bocamina BY-06; sector Yanamina."
L099,SB6F,504557,8581322,-74.9580051796866,-12.833087624301559,32718,4459.0,4440.0,10.833612260099889,274.87734924529724,potential_interest,simple,Yanamina,2018-07-23,Cd,decision metal,,True,0.5,0.1,mg/kg,1.4,10.0,22.0,59.77457653551382,72.18032973047436,59.77457653551382,5481.220679589928,False,"Área de potencial interés ubicada en· el bofedal del paraje Cumallipata, contigua al botadero de desmonte DY-15 y  bocamina BY-06; sector Yanamina."
L100,NFSB-13,504571,8584904,-74.95788154636189,-12.800696147901688,32718,4191.0,4172.0,12.600274015102363,190.68664906536983,background,composite,Santa Barbara,2018-07-25,Cd,decision metal,,True,0.5,0.1,mg/kg,1.4,10.0,22.0,1054.9127926042038,1829.6209990049852,1054.9127926042038,2485.435201572643,False,Parcelas ubicadas en el sector Santa Bárbara
L101,SB6G,504590,8581317,-74.95770106223297,-12.83313278969335,32718,4464.0,4450.0,14.650786678732015,267.3245466300252,potential_interest,simple,Yanamina,2018-07-23,Cd,decision metal,,True,0.5,0.1,mg/kg,1.4,10.0,22.0,27.294688127912362,38.8329756778952,27.294688127912362,5497.600106586241,False,"Área de potencial interés ubicada en· el bofedal del paraje Cumallipata, contigua al botadero de desmonte DY-15 y  bocamina BY-06; sector Yanamina."
L102,NFY-1,504596,8581217,-74.95764561820009,-12.83403706372296,32718,4459.0,4460.0,12.084739295765347,351.0899804078108,background,composite,Yanamina,2018-07-23,Cd,decision metal,,True,0.5,0.1,mg/kg,1.4,10.0,22.0,88.84255736976509,97.40636529508737,88.84255736976509,5593.228599268573,False,"Parcelas ubicadas en el bofedal del paraje Cumallipata, sector Yanamina"
L103,NFSB-14,504615,8584903,-74.95747611679974,-12.800705125637917,32718,4193.0,4175.0,12.86076071002064,204.68189851105188,background,composite,Santa Barbara,2018-07-25,Cd,decision metal,,True,0.5,0.1,mg/kg,1.4,10.0,22.0,1086.8238127681966,1873.542099873926,1086.8238127681966,2520.622302804394,False,Parcelas ubicadas en el sector Santa Bárbara
L104,NFSB-15,504615,8584947,-74.95747618346647,-12.800307240150358,32718,4198.0,4187.0,8.330974979669108,180.0,background,composite,Santa Barbara,2018-07-25,Cd,decision metal,,True,0.5,0.1,mg/kg,1.4,10.0,22.0,1116.4201717991305,1875.8422108482366,1116.4201717991305,2493.824418396773,False,Parcelas ubicadas en el sector Santa Bárbara
L105,NFY-2,504640,8581217,-74.9572401368172,-12.834036998076769,32718,4469.0,4463.0,9.945792136831605,355.9333627118279,background,composite,Yanamina,2018-07-23,Cd,decision metal,,True,0.5,0.1,mg/kg,1.4,10.0,22.0,90.80198235721508,92.77930803794561,90.80198235721508,5608.87313130233,False,"Parcelas ubicadas en el bofedal del paraje Cumallipata, sector Yanamina"
L106,NFY-9,504648,8581057,-74.95716616806308,-12.835483838627287,32718,4504.0,4487.0,11.566216840390009,336.10379557981184,background,composite,Yanamina,2018-07-23,Cd,decision metal,,True,0.5,0.1,mg/kg,1.4,10.0,22.0,249.3290997858052,252.79240494919938,249.3290997858052,5761.296710545394,False,"Parcelas ubicadas en el bofedal del paraje Cumallipata, sector Yanamina"
L107,NFY-11,504654,8580970,-74.9571107415007,-12.83627055561912,32718,4511.0,4498.0,5.970756843728821,317.64236929035803,background,composite,Yanamina,2018-07-23,Cd,decision metal,,True,0.5,0.1,mg/kg,1.4,10.0,22.0,336.38668225719044,339.99558820667073,336.38668225719044,5844.923767865665,False,"Parcelas ubicadas sobre el bofedal del paraje Cumallipata, sector Yanamina "
L108,NFY-6,504654,8581130,-74.95711098669967,-12.834823703153232,32718,4475.0,4472.0,7.695544473264056,25.43346154226255,background,composite,Yanamina,2018-07-23,Cd,decision metal,,True,0.5,0.1,mg/kg,1.4,10.0,22.0,178.53851125177448,180.87841220001906,178.53851125177448,5695.128778411931,False,"Parcelas ubicadas en el bofedal del paraje Cumallipata, sector Yanamina"
L109,NFY-10,504669,8581014,-74.95697257564193,-12.835872648613327,32718,4508.0,4495.0,8.714221612521397,349.087778878908,background,composite,Yanamina,2018-07-23,Cd,decision metal,,True,0.5,0.1,mg/kg,1.4,10.0,22.0,295.16944286290885,297.8355250805384,295.16944286290885,5808.933048815054,False,"Parcelas ubicadas en el bofedal del paraje Cumallipata, sector Yanamina"
L110,NFY-5,504669,8581173,-74.95697282008562,-12.834434838935003,32718,4475.0,4467.0,7.888072032125769,3.4303977979467106,background,composite,Yanamina,2018-07-23,Cd,decision metal,,True,0.5,0.1,mg/kg,1.4,10.0,22.0,142.0774436706967,142.04576727238302,142.04576727238302,5660.362013949261,False,"Parcelas ubicadas en el bofedal del paraje Cumallipata, sector Yanamina"
L111,NFY-3,504684,8581217,-74.95683465543657,-12.834036931805107,32718,4469.0,4462.0,8.344127238097997,356.7597618771666,background,composite,Yanamina,2018-07-23,Cd,decision metal,,True,0.5,0.1,mg/kg,1.4,10.0,22.0,111.66467659918243,107.70329614269008,107.70329614269008,5624.818347503725,False,"Parcelas ubicadas en el bofedal del paraje Cumallipata, sector Yanamina"
L112,NFY-4,504713,8581173,-74.95656733806906,-12.834434772248963,32718,4479.0,4468.0,10.85653604539585,317.9313479906366,background,composite,Yanamina,2018-07-23,Cd,decision metal,,True,0.5,0.1,mg/kg,1.4,10.0,22.0,164.20109622045769,160.37767924496225,160.37767924496225,5676.387387091288,False,"Parcelas ubicadas en el bofedal del paraje Cumallipata, sector Yanamina"
L113,NFY-8,504727,8581042,-74.95643811716764,-12.835619361392187,32718,4501.0,4493.0,5.3064449791988855,344.46836155869835,background,composite,Yanamina,2018-07-23,Cd,decision metal,,True,0.5,0.1,mg/kg,1.4,10.0,22.0,285.3296339324046,284.76305940202286,284.76305940202286,5803.468991179547,False,"Parcelas ubicadas en el bofedal del paraje Cumallipata, sector Yanamina"
L114,NFY-7,504771,8581057,-74.9560326568215,-12.835483651458516,32718,4502.0,4492.0,3.9855283100289345,339.08619168309934,background,composite,Yanamina,2018-07-23,Cd,decision metal,,True,0.5,0.1,mg/kg,1.4,10.0,22.0,292.67387994148027,289.74644087546613,289.74644087546613,5805.597021738119,False,"Parcelas ubicadas en el bofedal del paraje Cumallipata, sector Yanamina"
L001,SB8F,502403,8583970,-74.97785735714213,-12.80914460637278,32718,4132.0,4125.0,8.638568760131415,7.840759113543399,potential_interest,simple,Santa Barbara,2018-07-22,Co,censoring gradient,2.7,False,0.8,0.1,mg/kg,,,,79.81227975693966,625.511790456423,79.81227975693966,2492.0493322216385,False,"Área de potencial interés ubicada a ambos márgenes de la quebrada Santa Bárbara, contigua al depósito de relaves santa bárbara, Sector Santa Bárbara"
L002,SB8A,502414,8583994,-74.97775601576964,-12.808927569479387,32718,4123.0,4119.0,8.79220311190414,285.24771223722166,potential_interest,simple,Santa Barbara,2018-07-22,Co,censoring gradient,2.2,False,0.8,0.1,mg/kg,,,,79.88116173416608,599.3229513375906,79.88116173416608,2467.1752018551233,False,"Área de potencial interés ubicada a ambos márgenes de la quebrada Santa Bárbara, contigua al depósito de relaves santa bárbara, Sector Santa Bárbara"
L003,SB8B,502417,8583991,-74.97772836966361,-12.80895469568704,32718,4122.0,4119.0,8.79220311190414,285.24771223722166,potential_interest,simple,Santa Barbara,2018-07-22,Co,censoring gradient,4.7,False,0.8,0.1,mg/kg,,,,75.71657678474378,600.2882640865137,75.71657678474378,2469.907789875542,False,"Área de potencial interés ubicada a ambos márgenes de la quebrada Santa Bárbara, contigua al depósito de relaves santa bárbara, Sector Santa Bárbara"
L004,SB8E,502425,8583964,-74.97765463154732,-12.809198846336493,32718,4136.0,4125.0,8.638568760131415,7.840759113543399,potential_interest,simple,Santa Barbara,2018-07-22,Co,censoring gradient,3.8,False,0.8,0.1,mg/kg,,,,57.0087712549569,619.4295763038765,57.0087712549569,2496.1529942625552,False,"Área de potencial interés ubicada a ambos márgenes de la quebrada Santa Bárbara, contigua al depósito de relaves santa bárbara, Sector Santa Bárbara"
L005,SB8D,502437,8583932,-74.977544030912,-12.80948820805831,32718,4137.0,4127.0,10.256813074807066,331.2458746678426,potential_interest,simple,Santa Barbara,2018-07-22,Co,censoring gradient,9.2,False,0.8,0.1,mg/kg,,,,46.238512086787566,641.8138359368704,46.238512086787566,2527.121699148091,False,"Área de potencial interés ubicada a ambos márgenes de la quebrada Santa Bárbara, contigua al depósito de relaves santa bárbara, Sector Santa Bárbara"
L006,SB8C,502452,8583966,-74.977405839379,-12.809180739412257,32718,4135.0,4124.0,8.683742038366594,282.3019392702787,potential_interest,simple,Santa Barbara,2018-07-22,Co,censoring gradient,10.5,False,0.8,0.1,mg/kg,,,,32.7566787083184,604.7280380468562,32.7566787083184,2492.123496910117,False,"Área de potencial interés ubicada a ambos márgenes de la quebrada Santa Bárbara, contigua al depósito de relaves santa bárbara, Sector Santa Bárbara"
L007,SB9A,502640,8584504,-74.97567396419547,-12.804315532106001,32718,4224.0,4213.0,17.57325661129504,264.10245426498057,potential_interest,simple,Santa Barbara,2018-07-22,Co,censoring gradient,26.4,False,0.8,0.1,mg/kg,,,,83.2946576918352,92.02173656261873,83.2946576918352,1948.0531542153374,False,"Área de potencial interés contigua al depósito de desmonte DSB-7, Sector Santa Bárbara"
L008,SB9B,502663,8584492,-74.9754620223416,-12.804424026662744,32718,4230.0,4213.0,17.57325661129504,264.10245426498057,potential_interest,simple,Santa Barbara,2018-07-22,Co,censoring gradient,30.3,False,0.8,0.1,mg/kg,,,,60.207972893961475,69.72087205421343,60.207972893961475,1960.3461574035143,False,"Área de potencial interés contigua al depósito de desmonte DSB-7, Sector Santa Bárbara"
L009,SB9C,502679,8584508,-74.9753146058455,-12.804279327272463,32718,4237.0,4224.0,15.095725004835451,259.5743484800445,potential_interest,simple,Santa Barbara,2018-07-22,Co,censoring gradient,22.7,False,0.8,0.1,mg/kg,,,,45.35416188179427,53.33854141237835,45.35416188179427,1944.715074441955,False,"Área de potencial interés contigua al depósito de desmonte DSB-7, Sector Santa Bárbara"
L010,SB9D,502696,8584500,-74.97515795386748,-12.80435165535558,32718,4243.0,4222.0,15.120204537517571,265.6831567036818,potential_interest,simple,Santa Barbara,2018-07-22,Co,censoring gradient,52.2,False,0.8,0.1,mg/kg,,,,27.16615541441225,36.05551275463989,27.16615541441225,1953.2431195067497,False,"Área de potencial interés contigua al depósito de desmonte DSB-7, Sector Santa Bárbara"
L011,HPA-07/S-3,502818,8585047,-74.9740343022048,-12.799405106563837,32718,4172.0,4168.0,15.11290557580748,52.95229861705745,unlabelled,simple,Unassigned,2018-09-09,Co,censoring gradient,65.7,False,0.8,0.1,mg/kg,,,,558.1442465886395,232.43278598338918,232.43278598338918,1417.9963601366787,False,Zona de pajonal de ichu
L012,HPA-07/S-2,502853,8585053,-74.97371180982714,-12.799350817464587,32718,4161.0,4156.0,9.304055068175138,322.6101135718888,unlabelled,simple,Unassigned,2018-09-09,Co,censoring gradient,10.2,False,0.8,0.1,mg/kg,,,,570.9956216995013,251.3483638299641,251.3483638299641,1417.222393853772,False,Zona de pajonal de ichu
L013,SB3B,503265,8580774,-74.96991095469548,-12.838044727074738,32718,4430.0,4418.0,12.77194199717936,312.991945916185,potential_interest,simple,Yanamina,2018-07-19,Co,censoring gradient,,True,0.8,0.1,mg/kg,,,,24.186773244895647,47.853944456021594,24.186773244895647,5713.793288806527,False,"Área de potencial interés ubicada conligua al botadero de desmonte DY-12; bofedal aportante de la quebrada Carnicería, sector Yanamina"
L014,SB3D,503276,8580817,-74.96980962912515,-12.837655873860735,32718,4426.0,4422.0,16.321447496129256,301.86101493010085,potential_interest,simple,Yanamina,2018-07-19,Co,censoring gradient,13.3,False,0.8,0.1,mg/kg,,,,42.05948168962618,71.55417527999327,42.05948168962618,5672.31364667532,False,"Área de potencial interés ubicada conligua al botadero de desmonte DY-12; bofedal aportante de la quebrada Carnicería, sector Yanamina"
L015,SB3C,503283,8580806,-74.96974510789836,-12.837755337546717,32718,4437.0,4422.0,16.321447496129256,301.86101493010085,potential_interest,simple,Yanamina,2018-07-19,Co,censoring gradient,75.2,False,0.8,0.1,mg/kg,,,,29.614185789921695,58.60034129593445,29.614185789921695,5684.045670980024,False,"Área de potencial interés ubicada conligua al botadero de desmonte DY-12; bofedal aportante de la quebrada Carnicería, sector Yanamina"
L016,SB3A,503300,8580804,-74.96958844013987,-12.837773405118815,32718,4436.0,4422.0,16.321447496129256,301.86101493010085,potential_interest,simple,Yanamina,2018-07-19,Co,censoring gradient,4.4,False,0.8,0.1,mg/kg,,,,29.154759474226502,51.62363799656123,29.154759474226502,5688.020136749736,False,"Área de potencial interés ubicada conligua al botadero de desmonte DY-12; bofedal aportante de la quebrada Carnicería, sector Yanamina"
L017,SB10F,503526,8583424,-74.967508748803,-12.81408092656888,32718,4369.0,4355.0,12.661059578500602,152.52930933571366,potential_interest,simple,Santa Barbara,2018-07-22,Co,censoring gradient,8.3,False,0.8,0.1,mg/kg,,,,63.198101237299845,1338.8502530156238,63.198101237299845,3158.783890003854,False,"Área de potencial interés contigua al depósito de desmonte DSB-12, Sector Santa Bárbara"
L018,SB10D,503536,8583371,-74.96741653959235,-12.814560185887926,32718,4358.0,4350.0,10.535857653263713,138.0396844200064,potential_interest,simple,Santa Barbara,2018-07-22,Co,censoring gradient,8.4,False,0.8,0.1,mg/kg,,,,116.1077086157504,1387.6516133381606,116.1077086157504,3212.4419466617146,False,"Área de potencial interés contigua al depósito de desmonte DSB-12, Sector Santa Bárbara"
L019,SB10B,503544,8583333,-74.96734277709704,-12.81490380479696,32718,4350.0,4337.0,12.942362440728141,125.74005009545424,potential_interest,simple,Santa Barbara,2018-07-22,Co,censoring gradient,,True,0.8,0.1,mg/kg,,,,154.5477272560163,1423.342896142739,154.5477272560163,3251.153592473058,False,"Área de potencial interés contigua al depósito de desmonte DSB-12, Sector Santa Bárbara"
L020,SB10G,503549,8583443,-74.9672968314623,-12.813909086293327,32718,4374.0,4361.0,12.779117086609444,161.89944711556404,potential_interest,simple,Santa Barbara,2018-07-22,Co,censoring gradient,14.0,False,0.8,0.1,mg/kg,,,,47.53945729601885,1337.5238315633856,47.53945729601885,3147.239779848749,False,"Área de potencial interés contigua al depósito de desmonte DSB-12, Sector Santa Bárbara"
L021,SB10E,503551,8583396,-74.96727834709546,-12.814334097656188,32718,4362.0,4346.0,11.30225446026126,144.49874181965095,potential_interest,simple,Santa Barbara,2018-07-22,Co,censoring gradient,12.2,False,0.8,0.1,mg/kg,,,,93.17188417113823,1376.2256355699817,93.17188417113823,3192.7837097900156,False,"Área de potencial interés contigua al depósito de desmonte DSB-12, Sector Santa Bárbara"
L022,SB10C,503557,8583354,-74.96722300936813,-12.81471389020064,32718,4354.0,4343.0,12.13762374614636,132.9126817052527,potential_interest,simple,Santa Barbara,2018-07-22,Co,censoring gradient,8.0,False,0.8,0.1,mg/kg,,,,135.51752654177244,1413.6933896711832,135.51752654177244,3234.7281657518292,False,"Área de potencial interés contigua al depósito de desmonte DSB-12, Sector Santa Bárbara"
L023,SB10A,503564,8583312,-74.96715845667572,-12.815093681572602,32718,4362.0,4337.0,12.942362440728141,125.74005009545424,potential_interest,simple,Santa Barbara,2018-07-22,Co,censoring gradient,16.1,False,0.8,0.1,mg/kg,,,,178.08424972467387,1452.0068870360085,178.08424972467387,3276.970977430185,False,"Área de potencial interés contigua al depósito de desmonte DSB-12, Sector Santa Bárbara"
L024,SB2B,503607,8580667,-74.96675908107282,-12.839011929779709,32718,4479.0,4472.0,5.9678210402163545,314.45977622386044,potential_interest,simple,Yanamina,2018-07-18,Co,censoring gradient,,True,0.8,0.1,mg/kg,,,,103.76897416858277,311.12216250212714,103.76897416858277,5867.509805250134,False,"Área de potencial interés ubicada conligua al botadero de desmonte DY-09; sobre un bofedal aportante de la quebrada Carnicería, sector Yanamina"
L025,SB2A,503613,8580679,-74.9667038013446,-12.838903408860128,32718,4480.0,4472.0,5.9678210402163545,314.45977622386044,potential_interest,simple,Yanamina,2018-07-18,Co,censoring gradient,,True,0.8,0.1,mg/kg,,,,112.16059914247963,313.84868965793055,112.16059914247963,5856.686530097003,False,"Área de potencial interés ubicada conligua al botadero de desmonte DY-09; sobre un bofedal aportante de la quebrada Carnicería, sector Yanamina"
L026,SB11L,503620,8584781,-74.96664417505595,-12.801809673693832,32718,4207.0,4209.0,26.868575521372726,48.825330691832455,potential_interest,simple,Santa Barbara,2018-07-24,Co,censoring gradient,17.5,False,0.8,0.1,mg/kg,,,,327.1819065902025,878.2055568031894,327.1819065902025,1944.041283327869,False,"Área de potencial interés contigua a la desmontera 2, ubicada 1 km al norte de la ciudad de Huancavelica, Sector Santa Bárbara"
L027,SB2C,503624,8580669,-74.9666024171019,-12.838993824261376,32718,4482.0,4472.0,5.9678210402163545,314.45977622386044,potential_interest,simple,Yanamina,2018-07-18,Co,censoring gradient,,True,0.8,0.1,mg/kg,,,,98.97979591815695,326.9740050829729,98.97979591815695,5868.403628735295,False,"Área de potencial interés ubicada conligua al botadero de desmonte DY-09; sobre un bofedal aportante de la quebrada Carnicería, sector Yanamina"
L028,SB1D,503627,8580207,-74.96657421806661,-12.843171605946889,32718,4506.0,4500.0,6.16856175579453,274.3168432963182,potential_interest,simple,Yanamina,2018-07-18,Co,censoring gradient,,True,0.8,0.1,mg/kg,,,,112.8716084761797,96.60745312862771,96.60745312862771,6324.642048606057,False,"Área de potencial interés ubicada debajo del botadero de desmonte DY-06 y contigua a la orilla este de la laguna Suytococha, sector Yanamina"
L029,SB2D,503627,8580642,-74.96657473784319,-12.839237977060506,32718,4480.0,4473.0,5.382353299572041,325.11439823150306,potential_interest,simple,Yanamina,2018-07-18,Co,censoring gradient,,True,0.8,0.1,mg/kg,,,,72.61542535852834,337.76027001410336,72.61542535852834,5895.520882077542,False,"Área de potencial interés ubicada conligua al botadero de desmonte DY-09; sobre un bofedal aportante de la quebrada Carnicería, sector Yanamina"
L030,SB1F,503632,8580183,-74.96652811024639,-12.84338862784588,32718,4503.0,4498.0,7.052860372455268,197.54971472254823,potential_interest,simple,Yanamina,2018-07-18,Co,censoring gradient,,True,0.8,0.1,mg/kg,,,,113.54734695271397,73.06161783043132,73.06161783043132,6349.130909772994,False,"Área de potencial interés ubicada debajo del botadero de desmonte DY-06 y contigua a la orilla este de la laguna Suytococha, sector Yanamina"
L031,SB1A,503639,8580246,-74.96646367499258,-12.842818921724128,32718,4496.0,4502.0,10.136458650222988,283.15107561305496,potential_interest,simple,Yanamina,2018-07-18,Co,censoring gradient,,True,0.8,0.1,mg/kg,,,,103.07764064044152,129.52219886953742,103.07764064044152,6288.057207523232,False,"Área de potencial interés ubicada debajo del botadero de desmonte DY-06 y contigua a la orilla este de la laguna Suytococha, sector Yanamina"
L032,SB1C,503662,8580236,-74.96625169937042,-12.842909322817677,32718,4514.0,4502.0,10.136458650222988,283.15107561305496,potential_interest,simple,Yanamina,2018-07-18,Co,censoring gradient,,True,0.8,0.1,mg/kg,,,,78.44743462982075,116.21101496846157,78.44743462982075,6301.665445314035,False,"Área de potencial interés ubicada debajo del botadero de desmonte DY-06 y contigua a la orilla este de la laguna Suytococha, sector Yanamina"
L033,SB1E,503664,8580207,-74.96623323273958,-12.843171562337405,32718,4516.0,4508.0,15.40321129741568,276.78332750762286,potential_interest,simple,Yanamina,2018-07-18,Co,censoring gradient,,True,0.8,0.1,mg/kg,,,,76.2954782408499,87.14355971613737,76.2954782408499,6330.600503880987,False,"Área de potencial interés ubicada debajo del botadero de desmonte DY-06 y contigua a la orilla este de la laguna Suytococha, sector Yanamina"
L034,SB11K,503667,8584812,-74.96621113956833,-12.801529290096935,32718,4192.0,4182.0,14.249695546039948,24.082076037899554,potential_interest,simple,Santa Barbara,2018-07-24,Co,censoring gradient,6.1,False,0.8,0.1,mg/kg,,,,368.28521555989727,924.1217452262446,368.28521555989727,1942.2288044872726,False,"Área de potencial interés contigua a la desmontera 2, ubicada 1 km al norte de la ciudad de Huancavelica, Sector Santa Bárbara"
L035,SB1B,503671,8580249,-74.96616877280393,-12.842791755438935,32718,4517.0,4507.0,12.649121409787782,274.1575315643479,potential_interest,simple,Yanamina,2018-07-18,Co,censoring gradient,,True,0.8,0.1,mg/kg,,,,73.53910524340094,129.0155029444136,73.53910524340094,6290.330686409144,False,"Área de potencial interés ubicada debajo del botadero de desmonte DY-06 y contigua a la orilla este de la laguna Suytococha, sector Yanamina"
L036,SB12A,503683,8584548,-74.96606339140882,-12.803916583914456,32718,4255.0,4246.0,24.797694055825083,51.310650958407166,potential_interest,simple,Santa Barbara,2018-07-24,Co,censoring gradient,14.7,False,0.8,0.1,mg/kg,,,,150.20652449211386,952.111863175751,150.20652449211386,2177.4811088639044,False,"Área de potencial interés contigua a la desmontera 2, ubicada 2 km al norte de la ciudad de Huancavelica, Sector
Santa Bárbara"
L037,SB11C,503689,8585080,-74.96600874943906,-12.799105779413015,32718,4134.0,4112.0,17.117052060340956,46.62057155245583,potential_interest,simple,Santa Barbara,2018-07-24,Co,censoring gradient,18.2,False,0.8,0.1,mg/kg,,,,633.8532953294476,979.247159812067,633.8532953294476,1735.3095158531653,False,"Área de potencial interés contigua a la desmontera 2, ubicada 1 km al norte de la ciudad de Huancavelica, Sector Santa Bárbara"
L038,SB11A,503692,8585128,-74.9659811649621,-12.798671718854152,32718,4095.0,4098.0,18.409928811848058,50.54421600572451,potential_interest,simple,Santa Barbara,2018-07-24,Co,censoring gradient,12.1,False,0.8,0.1,mg/kg,,,,681.5137562808252,995.5912816010393,681.5137562808252,1699.492417277152,False,"Área de potencial interés contigua a la desmontera 2, ubicada 1 km al norte de la ciudad de Huancavelica, Sector Santa Bárbara"
L039,SB12B,503702,8584560,-74.96588833255689,-12.803808047096277,32718,4250.0,4237.0,23.392372677409153,37.82610309895478,potential_interest,simple,Santa Barbara,2018-07-24,Co,censoring gradient,24.8,False,0.8,0.1,mg/kg,,,,172.62966141425406,971.7324734719942,172.62966141425406,2176.322510571999,False,"Área de potencial interés contigua a la desmontera 2, ubicada 2 km al norte de la ciudad de Huancavelica, Sector
Santa Bárbara"
L040,SB11E,503706,8585019,-74.96585203353816,-12.799657373235098,32718,4139.0,4121.0,12.46523192546263,6.459881822193694,potential_interest,simple,Santa Barbara,2018-07-24,Co,censoring gradient,11.4,False,0.8,0.1,mg/kg,,,,578.2179519869649,981.9536648946324,578.2179519869649,1794.1066740399153,False,"Área de potencial interés contigua a la desmontera 2, ubicada 1 km al norte de la ciudad de Huancavelica, Sector Santa Bárbara"
L041,SB7B,503707,8579765,-74.96583641252553,-12.847168438526705,32718,4498.0,4489.0,2.0916262055509325,206.99969365163813,potential_interest,simple,Yanamina,2018-07-24,Co,censoring gradient,6.8,False,0.8,0.1,mg/kg,,,,73.76313442364011,357.02801010564986,73.76313442364011,6773.737967249047,False,"Área de potencial interés contigua a los botaderos de desmonte DY -03, DY -04 y DY-05,al sur de la laguna Suytococha (bofedal), sector Yanamina"
L042,SB11J,503707,8584847,-74.96584260997032,-12.801212742744497,32718,4175.0,4164.0,17.1577641957557,28.02784544168128,potential_interest,simple,Santa Barbara,2018-07-24,Co,censoring gradient,18.6,False,0.8,0.1,mg/kg,,,,414.2088845015278,964.2074465590898,414.2088845015278,1934.8170334203396,False,"Área de potencial interés contigua a la desmontera 2, ubicada 1 km al norte de la ciudad de Huancavelica, Sector Santa Bárbara"
L043,SB11G,503707,8584957,-74.96584274384789,-12.800218028943576,32718,4147.0,4135.0,16.25194266473548,15.674359220306002,potential_interest,simple,Santa Barbara,2018-07-24,Co,censoring gradient,15.2,False,0.8,0.1,mg/kg,,,,518.6800555255619,972.7260662694302,518.6800555255619,1844.5908879223525,False,"Área de potencial interés contigua a la desmontera 2, ubicada 1 km al norte de la ciudad de Huancavelica, Sector Santa Bárbara"
L044,SB7E,503708,8579859,-74.9658273114419,-12.846318412139535,32718,4503.0,4496.0,5.473641095238119,192.49100040431256,potential_interest,simple,Yanamina,2018-07-24,Co,censoring gradient,16.0,False,0.8,0.1,mg/kg,,,,29.832867780352597,263.89770745499095,29.832867780352597,6681.120178285547,False,"Área de potencial interés contigua a los botaderos de desmonte DY -03, DY -04 y DY-05,al sur de la laguna Suytococha (bofedal), sector Yanamina"
L045,SB7G,503710,8579962,-74.96580900551274,-12.845386999099265,32718,4512.0,4503.0,5.020682445903572,202.17654469915223,potential_interest,simple,Yanamina,2018-07-24,Co,censoring gradient,,True,0.8,0.1,mg/kg,,,,127.1416532848303,163.23296235748464,127.1416532848303,6579.8287592428105,False,"Área de potencial interés contigua a los botaderos de desmonte DY -03, DY -04 y DY-05,al sur de la laguna Suytococha (bofedal), sector Yanamina"
L046,SB11B,503712,8585108,-74.96579685656818,-12.798852552083163,32718,4105.0,4101.0,13.345713346640432,6.017761412004106,potential_interest,simple,Santa Barbara,2018-07-24,Co,censoring gradient,12.7,False,0.8,0.1,mg/kg,,,,666.1088499637277,1008.9212060413836,666.1088499637277,1727.615283748859,False,"Área de potencial interés contigua a la desmontera 2, ubicada 1 km al norte de la ciudad de Huancavelica, Sector Santa Bárbara"
L047,SB12C,503715,8584594,-74.96576858699709,-12.803500574634262,32718,4241.0,4228.0,20.146939429244547,55.566303354374305,potential_interest,simple,Santa Barbara,2018-07-24,Co,censoring gradient,23.0,False,0.8,0.1,mg/kg,,,,204.04411287758342,987.2958016724268,204.04411287758342,2153.372036588449,False,"Área de potencial interés contigua a la desmontera 2, ubicada 2 km al norte de la ciudad de Huancavelica, Sector
Santa Bárbara"
L048,SB7C,503716,8579799,-74.9657535104818,-12.846860971810948,32718,4499.0,4491.0,4.412313855758794,212.49299499089238,potential_interest,simple,Yanamina,2018-07-24,Co,censoring gradient,6.1,False,0.8,0.1,mg/kg,,,,38.600518131237564,324.4225639501667,38.600518131237564,6741.624102519699,False,"Área de potencial interés contigua a los botaderos de desmonte DY -03, DY -04 y DY-05,al sur de la laguna Suytococha (bofedal), sector Yanamina"
L049,SB11D,503716,8585058,-74.96575993874448,-12.799304689989606,32718,4114.0,4107.0,13.715516323265057,0.0,potential_interest,simple,Santa Barbara,2018-07-24,Co,censoring gradient,11.2,False,0.8,0.1,mg/kg,,,,618.4795873753636,1000.0449989875456,618.4795873753636,1769.2527169163575,False,"Área de potencial interés contigua a la desmontera 2, ubicada 1 km al norte de la ciudad de Huancavelica, Sector Santa Bárbara"
L050,SB7J,503717,8580067,-74.9657446228273,-12.84443749434135,32718,4517.0,4507.0,13.788246537724806,265.24607548179307,potential_interest,simple,Yanamina,2018-07-24,Co,censoring gradient,,True,0.8,0.1,mg/kg,,,,83.54639429682169,71.50524456289902,71.50524456289902,6477.460003629833,False,"Área de potencial interés contigua a los botaderos de desmonte DY -03, DY -04 y DY-05,al sur de la laguna Suytococha (bofedal), sector Yanamina"
L051,SB7I,503718,8580034,-74.9657353665294,-12.844735906285893,32718,4516.0,4508.0,10.129434896637791,273.9165899912398,potential_interest,simple,Yanamina,2018-07-24,Co,censoring gradient,,True,0.8,0.1,mg/kg,,,,105.43718509140881,98.97979591815695,98.97979591815695,6510.158946840717,False,"Área de potencial interés contigua a los botaderos de desmonte DY -03, DY -04 y DY-05,al sur de la laguna Suytococha (bofedal), sector Yanamina"
L052,SB7F,503721,8579923,-74.96570758278322,-12.845739655939022,32718,4511.0,4501.0,2.7945109775890815,180.0,potential_interest,simple,Yanamina,2018-07-24,Co,censoring gradient,17.6,False,0.8,0.1,mg/kg,,,,87.20665112249179,203.74739262135355,87.20665112249179,6620.1092068302205,False,"Área de potencial interés contigua a los botaderos de desmonte DY -03, DY -04 y DY-05,al sur de la laguna Suytococha (bofedal), sector Yanamina"
L053,SB7D,503722,8579819,-74.96569823929283,-12.846680108172036,32718,4500.0,4494.0,5.216924580962116,206.99969365163813,potential_interest,simple,Yanamina,2018-07-24,Co,censoring gradient,,True,0.8,0.1,mg/kg,,,,17.72004514666935,305.6304958606062,17.72004514666935,6722.862874870681,False,"Área de potencial interés contigua a los botaderos de desmonte DY -03, DY -04 y DY-05,al sur de la laguna Suytococha (bofedal), sector Yanamina"
L054,SB7A,503723,8579759,-74.96568894971874,-12.847222676227805,32718,4498.0,4491.0,4.983457093280994,221.72203945890237,potential_interest,simple,Yanamina,2018-07-24,Co,censoring gradient,,True,0.8,0.1,mg/kg,,,,77.10382610480494,365.0164379860173,77.10382610480494,6782.229574016775,False,"Área de potencial interés contigua a los botaderos de desmonte DY -03, DY -04 y DY-05,al sur de la laguna Suytococha (bofedal), sector Yanamina"
L055,SB11F,503723,8584988,-74.96569535362083,-12.799937681344371,32718,4143.0,4129.0,13.655856023646944,13.81896465066032,potential_interest,simple,Santa Barbara,2018-07-24,Co,censoring gradient,19.8,False,0.8,0.1,mg/kg,,,,552.9575028878802,993.1369492673203,552.9575028878802,1829.1030631388346,False,"Área de potencial interés contigua a la desmontera 2, ubicada 1 km al norte de la ciudad de Huancavelica, Sector Santa Bárbara"
L056,SB11I,503725,8584898,-74.96567681506198,-12.800751535712367,32718,4164.0,4153.0,11.666042520516278,15.128631184780602,potential_interest,simple,Santa Barbara,2018-07-24,Co,censoring gradient,18.2,False,0.8,0.1,mg/kg,,,,468.2841018014598,984.5633549955026,468.2841018014598,1903.0578425302072,False,"Área de potencial interés contigua a la desmontera 2, ubicada 1 km al norte de la ciudad de Huancavelica, Sector Santa Bárbara"
L057,SB4B,503732,8581657,-74.96560833906184,-12.830059380308956,32718,4369.0,4354.0,18.480100347715993,332.683717802282,potential_interest,simple,Yanamina,2018-07-19,Co,censoring gradient,,True,0.8,0.1,mg/kg,,,,93.2148056909416,961.2075738361616,93.2148056909416,4920.7933922409,False,"Área de potencial interés ubicada contigua al botadero de desmonte DY-18; bofedal aportante de la quebrada Carnicería, sector Yanamina"
L058,SB4A,503733,8581685,-74.96559915812166,-12.82980617978854,32718,4358.0,4345.0,14.649879899648225,336.64552947215435,potential_interest,simple,Yanamina,2018-07-19,Co,censoring gradient,,True,0.8,0.1,mg/kg,,,,120.81390648431164,970.7734030143183,120.81390648431164,4893.7391882147895,False,"Área de potencial interés ubicada contigua al botadero de desmonte DY-18; bofedal aportante de la quebrada Carnicería, sector Yanamina"
L059,SB7L,503738,8580090,-74.96555111797848,-12.844229484106759,32718,4524.0,4516.0,15.378403595224352,231.59954439154282,potential_interest,simple,Yanamina,2018-07-24,Co,censoring gradient,,True,0.8,0.1,mg/kg,,,,52.630789467763066,75.23961722390672,52.630789467763066,6458.370431610005,False,"Área de potencial interés contigua a los botaderos de desmonte DY -03, DY -04 y DY-05,al sur de la laguna Suytococha (bofedal), sector Yanamina"
L060,SB4D,503740,8581614,-74.9655345633934,-12.83044821245132,32718,4367.0,4370.0,16.218115443452895,319.0397673029467,potential_interest,simple,Yanamina,2018-07-19,Co,censoring gradient,9.3,False,0.8,0.1,mg/kg,,,,49.49747468305833,938.9190593443079,49.49747468305833,4964.491826395352,False,"Área de potencial interés ubicada contigua al botadero de desmonte DY-18; bofedal aportante de la quebrada Carnicería, sector Yanamina"
L061,SB7H,503742,8579997,-74.96551413986461,-12.845070461767586,32718,4514.0,4510.0,7.653537367571345,218.0920082762951,potential_interest,simple,Yanamina,2018-07-24,Co,censoring gradient,,True,0.8,0.1,mg/kg,,,,115.96551211459379,143.0314650697531,115.96551211459379,6550.682314870827,False,"Área de potencial interés contigua a los botaderos de desmonte DY -03, DY -04 y DY-05,al sur de la laguna Suytococha (bofedal), sector Yanamina"
L062,SB11H,503742,8584949,-74.9655202350142,-12.800290329767154,32718,4152.0,4138.0,14.321246389470344,340.06387464580735,potential_interest,simple,Santa Barbara,2018-07-24,Co,censoring gradient,12.3,False,0.8,0.1,mg/kg,,,,522.0153254455275,1006.4218797303644,522.0153254455275,1871.7263046220519,False,"Área de potencial interés contigua a la desmontera 2, ubicada 1 km al norte de la ciudad de Huancavelica, Sector Santa Bárbara"
L063,SB4C,503743,8581638,-74.96550694689212,-12.830231180848704,32718,4364.0,4365.0,17.633522557672713,324.9853664243836,potential_interest,simple,Yanamina,2018-07-19,Co,censoring gradient,6.5,False,0.8,0.1,mg/kg,,,,73.10950690573696,944.174771956972,73.10950690573696,4941.783156142935,False,"Área de potencial interés ubicada contigua al botadero de desmonte DY-18; bofedal aportante de la quebrada Carnicería, sector Yanamina"
L064,SB12D,503743,8584613,-74.9655106078096,-12.803328726818043,32718,4231.0,4217.0,12.13762374614636,47.087318294747284,potential_interest,simple,Santa Barbara,2018-07-24,Co,censoring gradient,31.0,False,0.8,0.1,mg/kg,,,,237.64890069175578,1017.0752184573174,237.64890069175578,2151.396675440131,False,"Área de potencial interés contigua a la desmontera 2, ubicada 2 km al norte de la ciudad de Huancavelica, Sector
Santa Bárbara"
L065,SB7K,503744,8580069,-74.96549579692086,-12.844419376127476,32718,4523.0,4514.0,11.54387024255555,248.99350579489123,potential_interest,simple,Yanamina,2018-07-24,Co,censoring gradient,,True,0.8,0.1,mg/kg,,,,64.35060217278468,90.69729874698585,64.35060217278468,6480.090111388096,False,"Área de potencial interés contigua a los botaderos de desmonte DY -03, DY -04 y DY-05,al sur de la laguna Suytococha (bofedal), sector Yanamina"
L066,SB13B,503801,8584252,-74.96497572367258,-12.806593125069208,32718,4309.0,4310.0,12.020263587511481,76.74741437946496,potential_interest,simple,Santa Barbara,2018-07-24,Co,censoring gradient,15.8,False,0.8,0.1,mg/kg,,,,68.00735254367721,1097.843795810679,68.00735254367721,2493.886285263195,False,"Área de potencial interés contigua a la desmontera 2, ubicada 2 km al norte de la ciudad de Huancavelica, Sector Santa Bárbara"
L067,SB13C,503817,8584221,-74.96482825298429,-12.806873433727189,32718,4310.0,4307.0,8.79920101731439,3.0700345369666593,potential_interest,simple,Santa Barbara,2018-07-24,Co,censoring gradient,30.0,False,0.8,0.1,mg/kg,,,,40.718546143004666,1120.7970378262069,40.718546143004666,2528.768488764701,False,"Área de potencial interés contigua a la desmontera 2, ubicada 2 km al norte de la ciudad de Huancavelica, Sector Santa Bárbara"
L068,SB13A,503822,8584263,-74.96478223321901,-12.806493627931895,32718,4308.0,4300.0,12.662204961454663,33.607600059779855,potential_interest,simple,Santa Barbara,2018-07-24,Co,censoring gradient,18.1,False,0.8,0.1,mg/kg,,,,82.00609733428362,1115.894708294649,82.00609733428362,2494.185135631263,False,"Área de potencial interés contigua a la desmontera 2, ubicada 2 km al norte de la ciudad de Huancavelica, Sector Santa Bárbara"
L069,SB13D,503835,8584217,-74.96466238696497,-12.806909582919877,32718,4312.0,4307.0,8.79920101731439,3.0700345369666593,potential_interest,simple,Santa Barbara,2018-07-24,Co,censoring gradient,26.0,False,0.8,0.1,mg/kg,,,,48.104053883222775,1139.2251752836223,48.104053883222775,2540.8101018130437,False,"Área de potencial interés contigua a la desmontera 2, ubicada 2 km al norte de la ciudad de Huancavelica, Sector Santa Bárbara"
L070,SB13E,503845,8584200,-74.96457022049113,-12.807063298962268,32718,4315.0,4310.0,9.913411855491505,320.1800757627085,potential_interest,simple,Santa Barbara,2018-07-24,Co,censoring gradient,19.5,False,0.8,0.1,mg/kg,,,,47.75981574503821,1153.2445534230803,47.75981574503821,2560.5204762448916,False,"Área de potencial interés contigua a la desmontera 2, ubicada 2 km al norte de la ciudad de Huancavelica, Sector Santa Bárbara"
L071,HPA-03/S-1,504122,8581408,-74.96201401788463,-12.832310550701548,32718,4416.0,4409.0,14.348578626496392,345.9323236961409,unlabelled,simple,Unassigned,2018-09-08,Co,censoring gradient,3.3,False,0.8,0.1,mg/kg,,,,406.5390510147826,515.5938323913505,406.5390510147826,5261.036837174088,False,"Zona de pajonal de ichu, rodeado al este y noreste por bofedales"
L072,HPA-03/S-2 | HPA-07/S-1,504131,8581424,-74.96193110083027,-12.832165853413107,32718,4414.0,4409.0,14.348578626496392,345.9323236961409,unlabelled,simple,Unassigned,2018-09-08,Co,censoring gradient,17.600000000000005,False,0.8,0.1,mg/kg,,,,409.0684539291682,510.13135563303695,409.0684539291682,5248.271746336201,True,Zona final de ladera con presencia de pastizal ralo
L073,SB5A,504310,8580835,-74.96028070509071,-12.837491835521167,32718,4508.0,4501.0,9.965424572589395,22.176544699152217,potential_interest,simple,Yanamina,2018-07-20,Co,censoring gradient,,True,0.8,0.1,mg/kg,,,,64.32728814430156,570.7889277132134,64.32728814430156,5863.865568110628,False,"Área de potencial interés ubicada contigua a los botaderos de desmonte DY-13 y DY-14, sector Yanamina"
L074,SB5C,504322,8580786,-74.96017004799732,-12.837934917295788,32718,4517.0,4513.0,13.354411255048433,26.999693651638133,potential_interest,simple,Yanamina,2018-07-20,Co,censoring gradient,2.5,False,0.8,0.1,mg/kg,,,,28.653097563788805,605.9414163101908,28.653097563788805,5914.248467063949,False,"Área de potencial interés ubicada contigua a los botaderos de desmonte DY-13 y DY-14, sector Yanamina"
L075,SB5B,504343,8580820,-74.95997656843673,-12.837627431784398,32718,4508.0,4501.0,8.068828436907648,341.23844718718937,potential_interest,simple,Yanamina,2018-07-20,Co,censoring gradient,2.4,False,0.8,0.1,mg/kg,,,,66.48308055437865,565.9911660087992,66.48308055437865,5887.771592252687,False,"Área de potencial interés ubicada contigua a los botaderos de desmonte DY-13 y DY-14, sector Yanamina"
L076,SB5E,504344,8580765,-74.9599672741314,-12.838124785845938,32718,4525.0,4510.0,10.802890386669025,16.403827229696162,potential_interest,simple,Yanamina,2018-07-20,Co,censoring gradient,3.5,False,0.8,0.1,mg/kg,,,,14.866068747318506,613.6709215858284,14.866068747318506,5940.693058797538,False,"Área de potencial interés ubicada contigua a los botaderos de desmonte DY-13 y DY-14, sector Yanamina"
L077,NFSB-4,504351,8584773,-74.95990849948657,-12.801881077699838,32718,4199.0,4193.0,22.11918229980773,118.71007139767552,background,composite,Santa Barbara,2018-07-25,Co,censoring gradient,11.2,False,0.8,0.1,mg/kg,,,,806.5494405180627,1608.9064609230707,806.5494405180627,2406.8545079354994,False,Parcelas ubicadas en el sector Santa Bárbara
L078,SB5D,504361,8580785,-74.9598106370607,-12.837943905402684,32718,4515.0,4510.0,8.361133594433927,340.21835740229136,potential_interest,simple,Yanamina,2018-07-20,Co,censoring gradient,2.2,False,0.8,0.1,mg/kg,,,,31.78049716414141,588.102882155835,31.78049716414141,5926.50298433465,False,"Área de potencial interés ubicada contigua a los botaderos de desmonte DY-13 y DY-14, sector Yanamina"
L079,NFSB-3,504395,8584773,-74.95950306953617,-12.801881015697255,32718,4189.0,4174.0,17.131390730601275,138.78116585511867,background,composite,Santa Barbara,2018-07-25,Co,censoring gradient,11.4,False,0.8,0.1,mg/kg,,,,837.2251787900314,1652.8823309600716,837.2251787900314,2438.573407084306,False,Parcelas ubicadas en el sector Santa Bárbara
L080,NFSB-5,504395,8584817,-74.95950313303119,-12.801483130234883,32718,4196.0,4189.0,14.64826267601103,137.00626003428306,background,composite,Santa Barbara,2018-07-25,Co,censoring gradient,12.2,False,0.8,0.1,mg/kg,,,,868.7427697540855,1652.0302660665755,868.7427697540855,2408.4899207046387,False,Parcelas ubicadas en el sector Santa Bárbara
L081,NFY-15,504405,8581013,-74.95940548015933,-12.835882078466964,32718,4493.0,4475.0,6.649457856745024,12.318042996826037,background,composite,Yanamina,2018-07-23,Co,censoring gradient,,True,0.8,0.1,mg/kg,,,,263.97348351681086,370.600863463646,263.97348351681086,5722.397953848453,False,"Parcelas ubicadas sobre el bofedal del paraje Cumallipata, sector Yanamina "
L082,NFSB-2,504439,8584773,-74.95909763958792,-12.80188095307082,32718,4182.0,4168.0,15.144643258137434,150.65410618155724,background,composite,Santa Barbara,2018-07-25,Co,censoring gradient,11.9,False,0.8,0.1,mg/kg,,,,869.0466040437648,1696.8594520466331,869.0466040437648,2470.6687153700077,False,Parcelas ubicadas en el sector Santa Bárbara
L083,NFSB-11,504439,8584860,-74.95909776638969,-12.801094224989876,32718,4202.0,4190.0,16.19218688113056,134.45977622386044,background,composite,Santa Barbara,2018-07-25,Co,censoring gradient,8.8,False,0.8,0.1,mg/kg,,,,930.2134163728235,1696.3210191470246,930.2134163728235,2412.390056916873,False,Parcelas ubicadas en el sector Santa Bárbara
L084,NFSB-6,504440,8584816,-74.95908848795824,-12.801492109031432,32718,4189.0,4184.0,14.031007517668728,133.12837677809904,background,composite,Santa Barbara,2018-07-25,Co,censoring gradient,9.5,False,0.8,0.1,mg/kg,,,,899.4576143432218,1697.0356507746087,899.4576143432218,2442.3931587928605,False,Parcelas ubicadas en el sector Santa Bárbara
L085,NFY-14,504449,8581028,-74.9590000177867,-12.835746373107328,32718,4492.0,4478.0,6.666088825278639,334.8112269478744,background,composite,Yanamina,2018-07-23,Co,censoring gradient,,True,0.8,0.1,mg/kg,,,,290.0017241328058,333.16962646675944,290.0017241328058,5722.004612846876,False,"Parcelas ubicadas sobre el bofedal del paraje Cumallipata, sector Yanamina "
L086,SB6B,504483,8581394,-74.95868722935931,-12.83243664859473,32718,4453.0,4435.0,1.2099628131529876,281.10394170963525,potential_interest,simple,Yanamina,2018-07-23,Co,censoring gradient,,True,0.8,0.1,mg/kg,,,,158.93709447451215,168.0773631397161,158.93709447451215,5387.950057546948,False,"Área de potencial interés ubicada en· el bofedal del paraje Cumallipata, contigua al botadero de desmonte DY-15 y  bocamina BY-06; sector Yanamina."
L087,NFSB-1,504483,8584772,-74.95869220816984,-12.801889932671722,32718,4173.0,4163.0,14.51299025948978,144.79751140277082,background,composite,Santa Barbara,2018-07-25,Co,censoring gradient,15.0,False,0.8,0.1,mg/kg,,,,901.2397017442141,1740.8690358553683,901.2397017442141,2503.7968274775344,False,Parcelas ubicadas en el sector Santa Bárbara
L088,NFSB-7,504483,8584816,-74.95869227293623,-12.801492047213662,32718,4183.0,4173.0,12.44569453021487,122.309468312076,background,composite,Santa Barbara,2018-07-25,Co,censoring gradient,11.2,False,0.8,0.1,mg/kg,,,,930.5444642788436,1740.034769767547,930.5444642788436,2474.488631956842,False,Parcelas ubicadas en el sector Santa Bárbara
L089,NFSB-10,504483,8584860,-74.95869233770047,-12.8010941617436,32718,4194.0,4177.0,14.414338425746744,129.27510483422822,background,composite,Santa Barbara,2018-07-25,Co,censoring gradient,11.2,False,0.8,0.1,mg/kg,,,,960.9708632419612,1740.3129028999354,960.9708632419612,2445.6208671993127,False,Parcelas ubicadas en el sector Santa Bárbara
L090,SB6A,504491,8581435,-74.95861356655124,-12.83206588095476,32718,4455.0,4435.0,3.135699354991769,26.999693651638133,potential_interest,simple,Yanamina,2018-07-23,Co,censoring gradient,,True,0.8,0.1,mg/kg,,,,179.6941846582688,186.1316738225926,179.6941846582688,5352.261039212821,False,"Área de potencial interés ubicada en· el bofedal del paraje Cumallipata, contigua al botadero de desmonte DY-15 y  bocamina BY-06; sector Yanamina."
L091,NFY-13,504493,8581028,-74.95859453365824,-12.83574630954204,32718,4493.0,4480.0,5.632457622719263,335.1464829457472,background,composite,Yanamina,2018-07-23,Co,censoring gradient,,True,0.8,0.1,mg/kg,,,,301.3585903869342,311.746692043396,301.3585903869342,5736.1705369357915,False,"Parcelas ubicadas sobre el bofedal del paraje Cumallipata, sector Yanamina "
L092,SB6D,504521,8581360,-74.95833699249846,-12.832744049554446,32718,4455.0,4438.0,6.423394273023185,263.777316353365,potential_interest,simple,Yanamina,2018-07-23,Co,censoring gradient,,True,0.8,0.1,mg/kg,,,,108.55873986004075,118.53269591129698,108.55873986004075,5433.014259752845,False,"Área de potencial interés ubicada en· el bofedal del paraje Cumallipata, contigua al botadero de desmonte DY-15 y  bocamina BY-06; sector Yanamina."
L093,NFSB-8,504527,8584816,-74.95828684361355,-12.801491983341519,32718,4176.0,4167.0,11.439261942747423,122.87191669350793,background,composite,Santa Barbara,2018-07-25,Co,censoring gradient,8.1,False,0.8,0.1,mg/kg,,,,963.303171384793,1784.0339122337332,963.303171384793,2507.6685644344966,False,Parcelas ubicadas en el sector Santa Bárbara
L094,NFSB-9,504527,8584860,-74.95828690901342,-12.801094097873515,32718,4184.0,4170.0,13.105692790968945,131.60057028821885,background,composite,Santa Barbara,2018-07-25,Co,censoring gradient,10.1,False,0.8,0.1,mg/kg,,,,992.7260447877853,1784.3051869004921,992.7260447877853,2479.187178381262,False,Parcelas ubicadas en el sector Santa Bárbara
L095,NFSB-12,504527,8584903,-74.95828697292481,-12.800705255245468,32718,4196.0,4177.0,14.678005669066339,139.54696774696325,background,composite,Santa Barbara,2018-07-25,Co,censoring gradient,12.5,False,0.8,0.1,mg/kg,,,,1022.4920537588544,1785.6181002666835,1022.4920537588544,2451.796385235992,False,Parcelas ubicadas en el sector Santa Bárbara
L096,SB6C,504528,8581408,-74.95827255597534,-12.8323099834774,32718,4455.0,4437.0,6.221861426415022,299.0152973301201,potential_interest,simple,Yanamina,2018-07-23,Co,censoring gradient,,True,0.8,0.1,mg/kg,,,,134.9518432626987,140.71602609511115,134.9518432626987,5390.518275125792,False,"Área de potencial interés ubicada en· el bofedal del paraje Cumallipata, contigua al botadero de desmonte DY-15 y  bocamina BY-06; sector Yanamina."
L097,NFY-12,504537,8581014,-74.95818902861596,-12.83587284494121,32718,4498.0,4481.0,3.9865520492539863,314.45977622386044,background,composite,Yanamina,2018-07-23,Co,censoring gradient,,True,0.8,0.1,mg/kg,,,,300.048329440442,308.71669860893496,300.048329440442,5763.844918759333,False,"Parcelas ubicadas sobre el bofedal del paraje Cumallipata, sector Yanamina "
L098,SB6E,504555,8581362,-74.95802367057195,-12.832725914051892,32718,4458.0,4443.0,11.66117966968472,259.78258960172616,potential_interest,simple,Yanamina,2018-07-23,Co,censoring gradient,,True,0.8,0.1,mg/kg,,,,82.73451516749222,90.21086409075129,82.73451516749222,5443.093021655085,False,"Área de potencial interés ubicada en· el bofedal del paraje Cumallipata, contigua al botadero de desmonte DY-15 y  bocamina BY-06; sector Yanamina."
L099,SB6F,504557,8581322,-74.9580051796866,-12.833087624301559,32718,4459.0,4440.0,10.833612260099889,274.87734924529724,potential_interest,simple,Yanamina,2018-07-23,Co,censoring gradient,,True,0.8,0.1,mg/kg,,,,59.77457653551382,72.18032973047436,59.77457653551382,5481.220679589928,False,"Área de potencial interés ubicada en· el bofedal del paraje Cumallipata, contigua al botadero de desmonte DY-15 y  bocamina BY-06; sector Yanamina."
L100,NFSB-13,504571,8584904,-74.95788154636189,-12.800696147901688,32718,4191.0,4172.0,12.600274015102363,190.68664906536983,background,composite,Santa Barbara,2018-07-25,Co,censoring gradient,11.4,False,0.8,0.1,mg/kg,,,,1054.9127926042038,1829.6209990049852,1054.9127926042038,2485.435201572643,False,Parcelas ubicadas en el sector Santa Bárbara
L101,SB6G,504590,8581317,-74.95770106223297,-12.83313278969335,32718,4464.0,4450.0,14.650786678732015,267.3245466300252,potential_interest,simple,Yanamina,2018-07-23,Co,censoring gradient,28.5,False,0.8,0.1,mg/kg,,,,27.294688127912362,38.8329756778952,27.294688127912362,5497.600106586241,False,"Área de potencial interés ubicada en· el bofedal del paraje Cumallipata, contigua al botadero de desmonte DY-15 y  bocamina BY-06; sector Yanamina."
L102,NFY-1,504596,8581217,-74.95764561820009,-12.83403706372296,32718,4459.0,4460.0,12.084739295765347,351.0899804078108,background,composite,Yanamina,2018-07-23,Co,censoring gradient,,True,0.8,0.1,mg/kg,,,,88.84255736976509,97.40636529508737,88.84255736976509,5593.228599268573,False,"Parcelas ubicadas en el bofedal del paraje Cumallipata, sector Yanamina"
L103,NFSB-14,504615,8584903,-74.95747611679974,-12.800705125637917,32718,4193.0,4175.0,12.86076071002064,204.68189851105188,background,composite,Santa Barbara,2018-07-25,Co,censoring gradient,6.9,False,0.8,0.1,mg/kg,,,,1086.8238127681966,1873.542099873926,1086.8238127681966,2520.622302804394,False,Parcelas ubicadas en el sector Santa Bárbara
L104,NFSB-15,504615,8584947,-74.95747618346647,-12.800307240150358,32718,4198.0,4187.0,8.330974979669108,180.0,background,composite,Santa Barbara,2018-07-25,Co,censoring gradient,9.8,False,0.8,0.1,mg/kg,,,,1116.4201717991305,1875.8422108482366,1116.4201717991305,2493.824418396773,False,Parcelas ubicadas en el sector Santa Bárbara
L105,NFY-2,504640,8581217,-74.9572401368172,-12.834036998076769,32718,4469.0,4463.0,9.945792136831605,355.9333627118279,background,composite,Yanamina,2018-07-23,Co,censoring gradient,,True,0.8,0.1,mg/kg,,,,90.80198235721508,92.77930803794561,90.80198235721508,5608.87313130233,False,"Parcelas ubicadas en el bofedal del paraje Cumallipata, sector Yanamina"
L106,NFY-9,504648,8581057,-74.95716616806308,-12.835483838627287,32718,4504.0,4487.0,11.566216840390009,336.10379557981184,background,composite,Yanamina,2018-07-23,Co,censoring gradient,,True,0.8,0.1,mg/kg,,,,249.3290997858052,252.79240494919938,249.3290997858052,5761.296710545394,False,"Parcelas ubicadas en el bofedal del paraje Cumallipata, sector Yanamina"
L107,NFY-11,504654,8580970,-74.9571107415007,-12.83627055561912,32718,4511.0,4498.0,5.970756843728821,317.64236929035803,background,composite,Yanamina,2018-07-23,Co,censoring gradient,,True,0.8,0.1,mg/kg,,,,336.38668225719044,339.99558820667073,336.38668225719044,5844.923767865665,False,"Parcelas ubicadas sobre el bofedal del paraje Cumallipata, sector Yanamina "
L108,NFY-6,504654,8581130,-74.95711098669967,-12.834823703153232,32718,4475.0,4472.0,7.695544473264056,25.43346154226255,background,composite,Yanamina,2018-07-23,Co,censoring gradient,,True,0.8,0.1,mg/kg,,,,178.53851125177448,180.87841220001906,178.53851125177448,5695.128778411931,False,"Parcelas ubicadas en el bofedal del paraje Cumallipata, sector Yanamina"
L109,NFY-10,504669,8581014,-74.95697257564193,-12.835872648613327,32718,4508.0,4495.0,8.714221612521397,349.087778878908,background,composite,Yanamina,2018-07-23,Co,censoring gradient,,True,0.8,0.1,mg/kg,,,,295.16944286290885,297.8355250805384,295.16944286290885,5808.933048815054,False,"Parcelas ubicadas en el bofedal del paraje Cumallipata, sector Yanamina"
L110,NFY-5,504669,8581173,-74.95697282008562,-12.834434838935003,32718,4475.0,4467.0,7.888072032125769,3.4303977979467106,background,composite,Yanamina,2018-07-23,Co,censoring gradient,,True,0.8,0.1,mg/kg,,,,142.0774436706967,142.04576727238302,142.04576727238302,5660.362013949261,False,"Parcelas ubicadas en el bofedal del paraje Cumallipata, sector Yanamina"
L111,NFY-3,504684,8581217,-74.95683465543657,-12.834036931805107,32718,4469.0,4462.0,8.344127238097997,356.7597618771666,background,composite,Yanamina,2018-07-23,Co,censoring gradient,,True,0.8,0.1,mg/kg,,,,111.66467659918243,107.70329614269008,107.70329614269008,5624.818347503725,False,"Parcelas ubicadas en el bofedal del paraje Cumallipata, sector Yanamina"
L112,NFY-4,504713,8581173,-74.95656733806906,-12.834434772248963,32718,4479.0,4468.0,10.85653604539585,317.9313479906366,background,composite,Yanamina,2018-07-23,Co,censoring gradient,6.7,False,0.8,0.1,mg/kg,,,,164.20109622045769,160.37767924496225,160.37767924496225,5676.387387091288,False,"Parcelas ubicadas en el bofedal del paraje Cumallipata, sector Yanamina"
L113,NFY-8,504727,8581042,-74.95643811716764,-12.835619361392187,32718,4501.0,4493.0,5.3064449791988855,344.46836155869835,background,composite,Yanamina,2018-07-23,Co,censoring gradient,,True,0.8,0.1,mg/kg,,,,285.3296339324046,284.76305940202286,284.76305940202286,5803.468991179547,False,"Parcelas ubicadas en el bofedal del paraje Cumallipata, sector Yanamina"
L114,NFY-7,504771,8581057,-74.9560326568215,-12.835483651458516,32718,4502.0,4492.0,3.9855283100289345,339.08619168309934,background,composite,Yanamina,2018-07-23,Co,censoring gradient,,True,0.8,0.1,mg/kg,,,,292.67387994148027,289.74644087546613,289.74644087546613,5805.597021738119,False,"Parcelas ubicadas en el bofedal del paraje Cumallipata, sector Yanamina"
L001,SB8F,502403,8583970,-74.97785735714213,-12.80914460637278,32718,4132.0,4125.0,8.638568760131415,7.840759113543399,potential_interest,simple,Santa Barbara,2018-07-22,Hg,truth field,1002.0,False,,0.01,mg/kg,6.6,6.6,24.0,79.81227975693966,625.511790456423,79.81227975693966,2492.0493322216385,False,"Área de potencial interés ubicada a ambos márgenes de la quebrada Santa Bárbara, contigua al depósito de relaves santa bárbara, Sector Santa Bárbara"
L002,SB8A,502414,8583994,-74.97775601576964,-12.808927569479387,32718,4123.0,4119.0,8.79220311190414,285.24771223722166,potential_interest,simple,Santa Barbara,2018-07-22,Hg,truth field,355.1,False,,0.01,mg/kg,6.6,6.6,24.0,79.88116173416608,599.3229513375906,79.88116173416608,2467.1752018551233,False,"Área de potencial interés ubicada a ambos márgenes de la quebrada Santa Bárbara, contigua al depósito de relaves santa bárbara, Sector Santa Bárbara"
L003,SB8B,502417,8583991,-74.97772836966361,-12.80895469568704,32718,4122.0,4119.0,8.79220311190414,285.24771223722166,potential_interest,simple,Santa Barbara,2018-07-22,Hg,truth field,293.2,False,,0.01,mg/kg,6.6,6.6,24.0,75.71657678474378,600.2882640865137,75.71657678474378,2469.907789875542,False,"Área de potencial interés ubicada a ambos márgenes de la quebrada Santa Bárbara, contigua al depósito de relaves santa bárbara, Sector Santa Bárbara"
L004,SB8E,502425,8583964,-74.97765463154732,-12.809198846336493,32718,4136.0,4125.0,8.638568760131415,7.840759113543399,potential_interest,simple,Santa Barbara,2018-07-22,Hg,truth field,346.8,False,,0.01,mg/kg,6.6,6.6,24.0,57.0087712549569,619.4295763038765,57.0087712549569,2496.1529942625552,False,"Área de potencial interés ubicada a ambos márgenes de la quebrada Santa Bárbara, contigua al depósito de relaves santa bárbara, Sector Santa Bárbara"
L005,SB8D,502437,8583932,-74.977544030912,-12.80948820805831,32718,4137.0,4127.0,10.256813074807066,331.2458746678426,potential_interest,simple,Santa Barbara,2018-07-22,Hg,truth field,21.22,False,,0.01,mg/kg,6.6,6.6,24.0,46.238512086787566,641.8138359368704,46.238512086787566,2527.121699148091,False,"Área de potencial interés ubicada a ambos márgenes de la quebrada Santa Bárbara, contigua al depósito de relaves santa bárbara, Sector Santa Bárbara"
L006,SB8C,502452,8583966,-74.977405839379,-12.809180739412257,32718,4135.0,4124.0,8.683742038366594,282.3019392702787,potential_interest,simple,Santa Barbara,2018-07-22,Hg,truth field,27.2,False,,0.01,mg/kg,6.6,6.6,24.0,32.7566787083184,604.7280380468562,32.7566787083184,2492.123496910117,False,"Área de potencial interés ubicada a ambos márgenes de la quebrada Santa Bárbara, contigua al depósito de relaves santa bárbara, Sector Santa Bárbara"
L007,SB9A,502640,8584504,-74.97567396419547,-12.804315532106001,32718,4224.0,4213.0,17.57325661129504,264.10245426498057,potential_interest,simple,Santa Barbara,2018-07-22,Hg,truth field,222.8,False,,0.01,mg/kg,6.6,6.6,24.0,83.2946576918352,92.02173656261873,83.2946576918352,1948.0531542153374,False,"Área de potencial interés contigua al depósito de desmonte DSB-7, Sector Santa Bárbara"
L008,SB9B,502663,8584492,-74.9754620223416,-12.804424026662744,32718,4230.0,4213.0,17.57325661129504,264.10245426498057,potential_interest,simple,Santa Barbara,2018-07-22,Hg,truth field,124.9,False,,0.01,mg/kg,6.6,6.6,24.0,60.207972893961475,69.72087205421343,60.207972893961475,1960.3461574035143,False,"Área de potencial interés contigua al depósito de desmonte DSB-7, Sector Santa Bárbara"
L009,SB9C,502679,8584508,-74.9753146058455,-12.804279327272463,32718,4237.0,4224.0,15.095725004835451,259.5743484800445,potential_interest,simple,Santa Barbara,2018-07-22,Hg,truth field,194.6,False,,0.01,mg/kg,6.6,6.6,24.0,45.35416188179427,53.33854141237835,45.35416188179427,1944.715074441955,False,"Área de potencial interés contigua al depósito de desmonte DSB-7, Sector Santa Bárbara"
L010,SB9D,502696,8584500,-74.97515795386748,-12.80435165535558,32718,4243.0,4222.0,15.120204537517571,265.6831567036818,potential_interest,simple,Santa Barbara,2018-07-22,Hg,truth field,347.1,False,,0.01,mg/kg,6.6,6.6,24.0,27.16615541441225,36.05551275463989,27.16615541441225,1953.2431195067497,False,"Área de potencial interés contigua al depósito de desmonte DSB-7, Sector Santa Bárbara"
L011,HPA-07/S-3,502818,8585047,-74.9740343022048,-12.799405106563837,32718,4172.0,4168.0,15.11290557580748,52.95229861705745,unlabelled,simple,Unassigned,2018-09-09,Hg,truth field,89.52,False,,0.01,mg/kg,6.6,6.6,24.0,558.1442465886395,232.43278598338918,232.43278598338918,1417.9963601366787,False,Zona de pajonal de ichu
L012,HPA-07/S-2,502853,8585053,-74.97371180982714,-12.799350817464587,32718,4161.0,4156.0,9.304055068175138,322.6101135718888,unlabelled,simple,Unassigned,2018-09-09,Hg,truth field,233.1,False,,0.01,mg/kg,6.6,6.6,24.0,570.9956216995013,251.3483638299641,251.3483638299641,1417.222393853772,False,Zona de pajonal de ichu
L013,SB3B,503265,8580774,-74.96991095469548,-12.838044727074738,32718,4430.0,4418.0,12.77194199717936,312.991945916185,potential_interest,simple,Yanamina,2018-07-19,Hg,truth field,32.55,False,,0.01,mg/kg,6.6,6.6,24.0,24.186773244895647,47.853944456021594,24.186773244895647,5713.793288806527,False,"Área de potencial interés ubicada conligua al botadero de desmonte DY-12; bofedal aportante de la quebrada Carnicería, sector Yanamina"
L014,SB3D,503276,8580817,-74.96980962912515,-12.837655873860735,32718,4426.0,4422.0,16.321447496129256,301.86101493010085,potential_interest,simple,Yanamina,2018-07-19,Hg,truth field,131.4,False,,0.01,mg/kg,6.6,6.6,24.0,42.05948168962618,71.55417527999327,42.05948168962618,5672.31364667532,False,"Área de potencial interés ubicada conligua al botadero de desmonte DY-12; bofedal aportante de la quebrada Carnicería, sector Yanamina"
L015,SB3C,503283,8580806,-74.96974510789836,-12.837755337546717,32718,4437.0,4422.0,16.321447496129256,301.86101493010085,potential_interest,simple,Yanamina,2018-07-19,Hg,truth field,38.23,False,,0.01,mg/kg,6.6,6.6,24.0,29.614185789921695,58.60034129593445,29.614185789921695,5684.045670980024,False,"Área de potencial interés ubicada conligua al botadero de desmonte DY-12; bofedal aportante de la quebrada Carnicería, sector Yanamina"
L016,SB3A,503300,8580804,-74.96958844013987,-12.837773405118815,32718,4436.0,4422.0,16.321447496129256,301.86101493010085,potential_interest,simple,Yanamina,2018-07-19,Hg,truth field,91.62,False,,0.01,mg/kg,6.6,6.6,24.0,29.154759474226502,51.62363799656123,29.154759474226502,5688.020136749736,False,"Área de potencial interés ubicada conligua al botadero de desmonte DY-12; bofedal aportante de la quebrada Carnicería, sector Yanamina"
L017,SB10F,503526,8583424,-74.967508748803,-12.81408092656888,32718,4369.0,4355.0,12.661059578500602,152.52930933571366,potential_interest,simple,Santa Barbara,2018-07-22,Hg,truth field,106.0,False,,0.01,mg/kg,6.6,6.6,24.0,63.198101237299845,1338.8502530156238,63.198101237299845,3158.783890003854,False,"Área de potencial interés contigua al depósito de desmonte DSB-12, Sector Santa Bárbara"
L018,SB10D,503536,8583371,-74.96741653959235,-12.814560185887926,32718,4358.0,4350.0,10.535857653263713,138.0396844200064,potential_interest,simple,Santa Barbara,2018-07-22,Hg,truth field,556.6,False,,0.01,mg/kg,6.6,6.6,24.0,116.1077086157504,1387.6516133381606,116.1077086157504,3212.4419466617146,False,"Área de potencial interés contigua al depósito de desmonte DSB-12, Sector Santa Bárbara"
L019,SB10B,503544,8583333,-74.96734277709704,-12.81490380479696,32718,4350.0,4337.0,12.942362440728141,125.74005009545424,potential_interest,simple,Santa Barbara,2018-07-22,Hg,truth field,204.1,False,,0.01,mg/kg,6.6,6.6,24.0,154.5477272560163,1423.342896142739,154.5477272560163,3251.153592473058,False,"Área de potencial interés contigua al depósito de desmonte DSB-12, Sector Santa Bárbara"
L020,SB10G,503549,8583443,-74.9672968314623,-12.813909086293327,32718,4374.0,4361.0,12.779117086609444,161.89944711556404,potential_interest,simple,Santa Barbara,2018-07-22,Hg,truth field,5.57,False,,0.01,mg/kg,6.6,6.6,24.0,47.53945729601885,1337.5238315633856,47.53945729601885,3147.239779848749,False,"Área de potencial interés contigua al depósito de desmonte DSB-12, Sector Santa Bárbara"
L021,SB10E,503551,8583396,-74.96727834709546,-12.814334097656188,32718,4362.0,4346.0,11.30225446026126,144.49874181965095,potential_interest,simple,Santa Barbara,2018-07-22,Hg,truth field,999.8,False,,0.01,mg/kg,6.6,6.6,24.0,93.17188417113823,1376.2256355699817,93.17188417113823,3192.7837097900156,False,"Área de potencial interés contigua al depósito de desmonte DSB-12, Sector Santa Bárbara"
L022,SB10C,503557,8583354,-74.96722300936813,-12.81471389020064,32718,4354.0,4343.0,12.13762374614636,132.9126817052527,potential_interest,simple,Santa Barbara,2018-07-22,Hg,truth field,990.1,False,,0.01,mg/kg,6.6,6.6,24.0,135.51752654177244,1413.6933896711832,135.51752654177244,3234.7281657518292,False,"Área de potencial interés contigua al depósito de desmonte DSB-12, Sector Santa Bárbara"
L023,SB10A,503564,8583312,-74.96715845667572,-12.815093681572602,32718,4362.0,4337.0,12.942362440728141,125.74005009545424,potential_interest,simple,Santa Barbara,2018-07-22,Hg,truth field,25.58,False,,0.01,mg/kg,6.6,6.6,24.0,178.08424972467387,1452.0068870360085,178.08424972467387,3276.970977430185,False,"Área de potencial interés contigua al depósito de desmonte DSB-12, Sector Santa Bárbara"
L024,SB2B,503607,8580667,-74.96675908107282,-12.839011929779709,32718,4479.0,4472.0,5.9678210402163545,314.45977622386044,potential_interest,simple,Yanamina,2018-07-18,Hg,truth field,59.21,False,,0.01,mg/kg,6.6,6.6,24.0,103.76897416858277,311.12216250212714,103.76897416858277,5867.509805250134,False,"Área de potencial interés ubicada conligua al botadero de desmonte DY-09; sobre un bofedal aportante de la quebrada Carnicería, sector Yanamina"
L025,SB2A,503613,8580679,-74.9667038013446,-12.838903408860128,32718,4480.0,4472.0,5.9678210402163545,314.45977622386044,potential_interest,simple,Yanamina,2018-07-18,Hg,truth field,102.5,False,,0.01,mg/kg,6.6,6.6,24.0,112.16059914247963,313.84868965793055,112.16059914247963,5856.686530097003,False,"Área de potencial interés ubicada conligua al botadero de desmonte DY-09; sobre un bofedal aportante de la quebrada Carnicería, sector Yanamina"
L026,SB11L,503620,8584781,-74.96664417505595,-12.801809673693832,32718,4207.0,4209.0,26.868575521372726,48.825330691832455,potential_interest,simple,Santa Barbara,2018-07-24,Hg,truth field,226.4,False,,0.01,mg/kg,6.6,6.6,24.0,327.1819065902025,878.2055568031894,327.1819065902025,1944.041283327869,False,"Área de potencial interés contigua a la desmontera 2, ubicada 1 km al norte de la ciudad de Huancavelica, Sector Santa Bárbara"
L027,SB2C,503624,8580669,-74.9666024171019,-12.838993824261376,32718,4482.0,4472.0,5.9678210402163545,314.45977622386044,potential_interest,simple,Yanamina,2018-07-18,Hg,truth field,19.43,False,,0.01,mg/kg,6.6,6.6,24.0,98.97979591815695,326.9740050829729,98.97979591815695,5868.403628735295,False,"Área de potencial interés ubicada conligua al botadero de desmonte DY-09; sobre un bofedal aportante de la quebrada Carnicería, sector Yanamina"
L028,SB1D,503627,8580207,-74.96657421806661,-12.843171605946889,32718,4506.0,4500.0,6.16856175579453,274.3168432963182,potential_interest,simple,Yanamina,2018-07-18,Hg,truth field,346.9,False,,0.01,mg/kg,6.6,6.6,24.0,112.8716084761797,96.60745312862771,96.60745312862771,6324.642048606057,False,"Área de potencial interés ubicada debajo del botadero de desmonte DY-06 y contigua a la orilla este de la laguna Suytococha, sector Yanamina"
L029,SB2D,503627,8580642,-74.96657473784319,-12.839237977060506,32718,4480.0,4473.0,5.382353299572041,325.11439823150306,potential_interest,simple,Yanamina,2018-07-18,Hg,truth field,135.7,False,,0.01,mg/kg,6.6,6.6,24.0,72.61542535852834,337.76027001410336,72.61542535852834,5895.520882077542,False,"Área de potencial interés ubicada conligua al botadero de desmonte DY-09; sobre un bofedal aportante de la quebrada Carnicería, sector Yanamina"
L030,SB1F,503632,8580183,-74.96652811024639,-12.84338862784588,32718,4503.0,4498.0,7.052860372455268,197.54971472254823,potential_interest,simple,Yanamina,2018-07-18,Hg,truth field,60.52,False,,0.01,mg/kg,6.6,6.6,24.0,113.54734695271397,73.06161783043132,73.06161783043132,6349.130909772994,False,"Área de potencial interés ubicada debajo del botadero de desmonte DY-06 y contigua a la orilla este de la laguna Suytococha, sector Yanamina"
L031,SB1A,503639,8580246,-74.96646367499258,-12.842818921724128,32718,4496.0,4502.0,10.136458650222988,283.15107561305496,potential_interest,simple,Yanamina,2018-07-18,Hg,truth field,80.1,False,,0.01,mg/kg,6.6,6.6,24.0,103.07764064044152,129.52219886953742,103.07764064044152,6288.057207523232,False,"Área de potencial interés ubicada debajo del botadero de desmonte DY-06 y contigua a la orilla este de la laguna Suytococha, sector Yanamina"
L032,SB1C,503662,8580236,-74.96625169937042,-12.842909322817677,32718,4514.0,4502.0,10.136458650222988,283.15107561305496,potential_interest,simple,Yanamina,2018-07-18,Hg,truth field,81.14,False,,0.01,mg/kg,6.6,6.6,24.0,78.44743462982075,116.21101496846157,78.44743462982075,6301.665445314035,False,"Área de potencial interés ubicada debajo del botadero de desmonte DY-06 y contigua a la orilla este de la laguna Suytococha, sector Yanamina"
L033,SB1E,503664,8580207,-74.96623323273958,-12.843171562337405,32718,4516.0,4508.0,15.40321129741568,276.78332750762286,potential_interest,simple,Yanamina,2018-07-18,Hg,truth field,338.1,False,,0.01,mg/kg,6.6,6.6,24.0,76.2954782408499,87.14355971613737,76.2954782408499,6330.600503880987,False,"Área de potencial interés ubicada debajo del botadero de desmonte DY-06 y contigua a la orilla este de la laguna Suytococha, sector Yanamina"
L034,SB11K,503667,8584812,-74.96621113956833,-12.801529290096935,32718,4192.0,4182.0,14.249695546039948,24.082076037899554,potential_interest,simple,Santa Barbara,2018-07-24,Hg,truth field,349.7,False,,0.01,mg/kg,6.6,6.6,24.0,368.28521555989727,924.1217452262446,368.28521555989727,1942.2288044872726,False,"Área de potencial interés contigua a la desmontera 2, ubicada 1 km al norte de la ciudad de Huancavelica, Sector Santa Bárbara"
L035,SB1B,503671,8580249,-74.96616877280393,-12.842791755438935,32718,4517.0,4507.0,12.649121409787782,274.1575315643479,potential_interest,simple,Yanamina,2018-07-18,Hg,truth field,200.3,False,,0.01,mg/kg,6.6,6.6,24.0,73.53910524340094,129.0155029444136,73.53910524340094,6290.330686409144,False,"Área de potencial interés ubicada debajo del botadero de desmonte DY-06 y contigua a la orilla este de la laguna Suytococha, sector Yanamina"
L036,SB12A,503683,8584548,-74.96606339140882,-12.803916583914456,32718,4255.0,4246.0,24.797694055825083,51.310650958407166,potential_interest,simple,Santa Barbara,2018-07-24,Hg,truth field,188.0,False,,0.01,mg/kg,6.6,6.6,24.0,150.20652449211386,952.111863175751,150.20652449211386,2177.4811088639044,False,"Área de potencial interés contigua a la desmontera 2, ubicada 2 km al norte de la ciudad de Huancavelica, Sector
Santa Bárbara"
L037,SB11C,503689,8585080,-74.96600874943906,-12.799105779413015,32718,4134.0,4112.0,17.117052060340956,46.62057155245583,potential_interest,simple,Santa Barbara,2018-07-24,Hg,truth field,480.6,False,,0.01,mg/kg,6.6,6.6,24.0,633.8532953294476,979.247159812067,633.8532953294476,1735.3095158531653,False,"Área de potencial interés contigua a la desmontera 2, ubicada 1 km al norte de la ciudad de Huancavelica, Sector Santa Bárbara"
L038,SB11A,503692,8585128,-74.9659811649621,-12.798671718854152,32718,4095.0,4098.0,18.409928811848058,50.54421600572451,potential_interest,simple,Santa Barbara,2018-07-24,Hg,truth field,1077.0,False,,0.01,mg/kg,6.6,6.6,24.0,681.5137562808252,995.5912816010393,681.5137562808252,1699.492417277152,False,"Área de potencial interés contigua a la desmontera 2, ubicada 1 km al norte de la ciudad de Huancavelica, Sector Santa Bárbara"
L039,SB12B,503702,8584560,-74.96588833255689,-12.803808047096277,32718,4250.0,4237.0,23.392372677409153,37.82610309895478,potential_interest,simple,Santa Barbara,2018-07-24,Hg,truth field,1026.0,False,,0.01,mg/kg,6.6,6.6,24.0,172.62966141425406,971.7324734719942,172.62966141425406,2176.322510571999,False,"Área de potencial interés contigua a la desmontera 2, ubicada 2 km al norte de la ciudad de Huancavelica, Sector
Santa Bárbara"
L040,SB11E,503706,8585019,-74.96585203353816,-12.799657373235098,32718,4139.0,4121.0,12.46523192546263,6.459881822193694,potential_interest,simple,Santa Barbara,2018-07-24,Hg,truth field,501.6,False,,0.01,mg/kg,6.6,6.6,24.0,578.2179519869649,981.9536648946324,578.2179519869649,1794.1066740399153,False,"Área de potencial interés contigua a la desmontera 2, ubicada 1 km al norte de la ciudad de Huancavelica, Sector Santa Bárbara"
L041,SB7B,503707,8579765,-74.96583641252553,-12.847168438526705,32718,4498.0,4489.0,2.0916262055509325,206.99969365163813,potential_interest,simple,Yanamina,2018-07-24,Hg,truth field,16.15,False,,0.01,mg/kg,6.6,6.6,24.0,73.76313442364011,357.02801010564986,73.76313442364011,6773.737967249047,False,"Área de potencial interés contigua a los botaderos de desmonte DY -03, DY -04 y DY-05,al sur de la laguna Suytococha (bofedal), sector Yanamina"
L042,SB11J,503707,8584847,-74.96584260997032,-12.801212742744497,32718,4175.0,4164.0,17.1577641957557,28.02784544168128,potential_interest,simple,Santa Barbara,2018-07-24,Hg,truth field,289.2,False,,0.01,mg/kg,6.6,6.6,24.0,414.2088845015278,964.2074465590898,414.2088845015278,1934.8170334203396,False,"Área de potencial interés contigua a la desmontera 2, ubicada 1 km al norte de la ciudad de Huancavelica, Sector Santa Bárbara"
L043,SB11G,503707,8584957,-74.96584274384789,-12.800218028943576,32718,4147.0,4135.0,16.25194266473548,15.674359220306002,potential_interest,simple,Santa Barbara,2018-07-24,Hg,truth field,218.1,False,,0.01,mg/kg,6.6,6.6,24.0,518.6800555255619,972.7260662694302,518.6800555255619,1844.5908879223525,False,"Área de potencial interés contigua a la desmontera 2, ubicada 1 km al norte de la ciudad de Huancavelica, Sector Santa Bárbara"
L044,SB7E,503708,8579859,-74.9658273114419,-12.846318412139535,32718,4503.0,4496.0,5.473641095238119,192.49100040431256,potential_interest,simple,Yanamina,2018-07-24,Hg,truth field,10.31,False,,0.01,mg/kg,6.6,6.6,24.0,29.832867780352597,263.89770745499095,29.832867780352597,6681.120178285547,False,"Área de potencial interés contigua a los botaderos de desmonte DY -03, DY -04 y DY-05,al sur de la laguna Suytococha (bofedal), sector Yanamina"
L045,SB7G,503710,8579962,-74.96580900551274,-12.845386999099265,32718,4512.0,4503.0,5.020682445903572,202.17654469915223,potential_interest,simple,Yanamina,2018-07-24,Hg,truth field,24.53,False,,0.01,mg/kg,6.6,6.6,24.0,127.1416532848303,163.23296235748464,127.1416532848303,6579.8287592428105,False,"Área de potencial interés contigua a los botaderos de desmonte DY -03, DY -04 y DY-05,al sur de la laguna Suytococha (bofedal), sector Yanamina"
L046,SB11B,503712,8585108,-74.96579685656818,-12.798852552083163,32718,4105.0,4101.0,13.345713346640432,6.017761412004106,potential_interest,simple,Santa Barbara,2018-07-24,Hg,truth field,1178.0,False,,0.01,mg/kg,6.6,6.6,24.0,666.1088499637277,1008.9212060413836,666.1088499637277,1727.615283748859,False,"Área de potencial interés contigua a la desmontera 2, ubicada 1 km al norte de la ciudad de Huancavelica, Sector Santa Bárbara"
L047,SB12C,503715,8584594,-74.96576858699709,-12.803500574634262,32718,4241.0,4228.0,20.146939429244547,55.566303354374305,potential_interest,simple,Santa Barbara,2018-07-24,Hg,truth field,251.7,False,,0.01,mg/kg,6.6,6.6,24.0,204.04411287758342,987.2958016724268,204.04411287758342,2153.372036588449,False,"Área de potencial interés contigua a la desmontera 2, ubicada 2 km al norte de la ciudad de Huancavelica, Sector
Santa Bárbara"
L048,SB7C,503716,8579799,-74.9657535104818,-12.846860971810948,32718,4499.0,4491.0,4.412313855758794,212.49299499089238,potential_interest,simple,Yanamina,2018-07-24,Hg,truth field,26.2,False,,0.01,mg/kg,6.6,6.6,24.0,38.600518131237564,324.4225639501667,38.600518131237564,6741.624102519699,False,"Área de potencial interés contigua a los botaderos de desmonte DY -03, DY -04 y DY-05,al sur de la laguna Suytococha (bofedal), sector Yanamina"
L049,SB11D,503716,8585058,-74.96575993874448,-12.799304689989606,32718,4114.0,4107.0,13.715516323265057,0.0,potential_interest,simple,Santa Barbara,2018-07-24,Hg,truth field,431.5,False,,0.01,mg/kg,6.6,6.6,24.0,618.4795873753636,1000.0449989875456,618.4795873753636,1769.2527169163575,False,"Área de potencial interés contigua a la desmontera 2, ubicada 1 km al norte de la ciudad de Huancavelica, Sector Santa Bárbara"
L050,SB7J,503717,8580067,-74.9657446228273,-12.84443749434135,32718,4517.0,4507.0,13.788246537724806,265.24607548179307,potential_interest,simple,Yanamina,2018-07-24,Hg,truth field,69.06,False,,0.01,mg/kg,6.6,6.6,24.0,83.54639429682169,71.50524456289902,71.50524456289902,6477.460003629833,False,"Área de potencial interés contigua a los botaderos de desmonte DY -03, DY -04 y DY-05,al sur de la laguna Suytococha (bofedal), sector Yanamina"
L051,SB7I,503718,8580034,-74.9657353665294,-12.844735906285893,32718,4516.0,4508.0,10.129434896637791,273.9165899912398,potential_interest,simple,Yanamina,2018-07-24,Hg,truth field,21.67,False,,0.01,mg/kg,6.6,6.6,24.0,105.43718509140881,98.97979591815695,98.97979591815695,6510.158946840717,False,"Área de potencial interés contigua a los botaderos de desmonte DY -03, DY -04 y DY-05,al sur de la laguna Suytococha (bofedal), sector Yanamina"
L052,SB7F,503721,8579923,-74.96570758278322,-12.845739655939022,32718,4511.0,4501.0,2.7945109775890815,180.0,potential_interest,simple,Yanamina,2018-07-24,Hg,truth field,31.56,False,,0.01,mg/kg,6.6,6.6,24.0,87.20665112249179,203.74739262135355,87.20665112249179,6620.1092068302205,False,"Área de potencial interés contigua a los botaderos de desmonte DY -03, DY -04 y DY-05,al sur de la laguna Suytococha (bofedal), sector Yanamina"
L053,SB7D,503722,8579819,-74.96569823929283,-12.846680108172036,32718,4500.0,4494.0,5.216924580962116,206.99969365163813,potential_interest,simple,Yanamina,2018-07-24,Hg,truth field,3.35,False,,0.01,mg/kg,6.6,6.6,24.0,17.72004514666935,305.6304958606062,17.72004514666935,6722.862874870681,False,"Área de potencial interés contigua a los botaderos de desmonte DY -03, DY -04 y DY-05,al sur de la laguna Suytococha (bofedal), sector Yanamina"
L054,SB7A,503723,8579759,-74.96568894971874,-12.847222676227805,32718,4498.0,4491.0,4.983457093280994,221.72203945890237,potential_interest,simple,Yanamina,2018-07-24,Hg,truth field,15.05,False,,0.01,mg/kg,6.6,6.6,24.0,77.10382610480494,365.0164379860173,77.10382610480494,6782.229574016775,False,"Área de potencial interés contigua a los botaderos de desmonte DY -03, DY -04 y DY-05,al sur de la laguna Suytococha (bofedal), sector Yanamina"
L055,SB11F,503723,8584988,-74.96569535362083,-12.799937681344371,32718,4143.0,4129.0,13.655856023646944,13.81896465066032,potential_interest,simple,Santa Barbara,2018-07-24,Hg,truth field,588.8,False,,0.01,mg/kg,6.6,6.6,24.0,552.9575028878802,993.1369492673203,552.9575028878802,1829.1030631388346,False,"Área de potencial interés contigua a la desmontera 2, ubicada 1 km al norte de la ciudad de Huancavelica, Sector Santa Bárbara"
L056,SB11I,503725,8584898,-74.96567681506198,-12.800751535712367,32718,4164.0,4153.0,11.666042520516278,15.128631184780602,potential_interest,simple,Santa Barbara,2018-07-24,Hg,truth field,668.2,False,,0.01,mg/kg,6.6,6.6,24.0,468.2841018014598,984.5633549955026,468.2841018014598,1903.0578425302072,False,"Área de potencial interés contigua a la desmontera 2, ubicada 1 km al norte de la ciudad de Huancavelica, Sector Santa Bárbara"
L057,SB4B,503732,8581657,-74.96560833906184,-12.830059380308956,32718,4369.0,4354.0,18.480100347715993,332.683717802282,potential_interest,simple,Yanamina,2018-07-19,Hg,truth field,8.22,False,,0.01,mg/kg,6.6,6.6,24.0,93.2148056909416,961.2075738361616,93.2148056909416,4920.7933922409,False,"Área de potencial interés ubicada contigua al botadero de desmonte DY-18; bofedal aportante de la quebrada Carnicería, sector Yanamina"
L058,SB4A,503733,8581685,-74.96559915812166,-12.82980617978854,32718,4358.0,4345.0,14.649879899648225,336.64552947215435,potential_interest,simple,Yanamina,2018-07-19,Hg,truth field,58.2,False,,0.01,mg/kg,6.6,6.6,24.0,120.81390648431164,970.7734030143183,120.81390648431164,4893.7391882147895,False,"Área de potencial interés ubicada contigua al botadero de desmonte DY-18; bofedal aportante de la quebrada Carnicería, sector Yanamina"
L059,SB7L,503738,8580090,-74.96555111797848,-12.844229484106759,32718,4524.0,4516.0,15.378403595224352,231.59954439154282,potential_interest,simple,Yanamina,2018-07-24,Hg,truth field,166.3,False,,0.01,mg/kg,6.6,6.6,24.0,52.630789467763066,75.23961722390672,52.630789467763066,6458.370431610005,False,"Área de potencial interés contigua a los botaderos de desmonte DY -03, DY -04 y DY-05,al sur de la laguna Suytococha (bofedal), sector Yanamina"
L060,SB4D,503740,8581614,-74.9655345633934,-12.83044821245132,32718,4367.0,4370.0,16.218115443452895,319.0397673029467,potential_interest,simple,Yanamina,2018-07-19,Hg,truth field,51.07,False,,0.01,mg/kg,6.6,6.6,24.0,49.49747468305833,938.9190593443079,49.49747468305833,4964.491826395352,False,"Área de potencial interés ubicada contigua al botadero de desmonte DY-18; bofedal aportante de la quebrada Carnicería, sector Yanamina"
L061,SB7H,503742,8579997,-74.96551413986461,-12.845070461767586,32718,4514.0,4510.0,7.653537367571345,218.0920082762951,potential_interest,simple,Yanamina,2018-07-24,Hg,truth field,8.96,False,,0.01,mg/kg,6.6,6.6,24.0,115.96551211459379,143.0314650697531,115.96551211459379,6550.682314870827,False,"Área de potencial interés contigua a los botaderos de desmonte DY -03, DY -04 y DY-05,al sur de la laguna Suytococha (bofedal), sector Yanamina"
L062,SB11H,503742,8584949,-74.9655202350142,-12.800290329767154,32718,4152.0,4138.0,14.321246389470344,340.06387464580735,potential_interest,simple,Santa Barbara,2018-07-24,Hg,truth field,414.4,False,,0.01,mg/kg,6.6,6.6,24.0,522.0153254455275,1006.4218797303644,522.0153254455275,1871.7263046220519,False,"Área de potencial interés contigua a la desmontera 2, ubicada 1 km al norte de la ciudad de Huancavelica, Sector Santa Bárbara"
L063,SB4C,503743,8581638,-74.96550694689212,-12.830231180848704,32718,4364.0,4365.0,17.633522557672713,324.9853664243836,potential_interest,simple,Yanamina,2018-07-19,Hg,truth field,33.88,False,,0.01,mg/kg,6.6,6.6,24.0,73.10950690573696,944.174771956972,73.10950690573696,4941.783156142935,False,"Área de potencial interés ubicada contigua al botadero de desmonte DY-18; bofedal aportante de la quebrada Carnicería, sector Yanamina"
L064,SB12D,503743,8584613,-74.9655106078096,-12.803328726818043,32718,4231.0,4217.0,12.13762374614636,47.087318294747284,potential_interest,simple,Santa Barbara,2018-07-24,Hg,truth field,185.8,False,,0.01,mg/kg,6.6,6.6,24.0,237.64890069175578,1017.0752184573174,237.64890069175578,2151.396675440131,False,"Área de potencial interés contigua a la desmontera 2, ubicada 2 km al norte de la ciudad de Huancavelica, Sector
Santa Bárbara"
L065,SB7K,503744,8580069,-74.96549579692086,-12.844419376127476,32718,4523.0,4514.0,11.54387024255555,248.99350579489123,potential_interest,simple,Yanamina,2018-07-24,Hg,truth field,104.6,False,,0.01,mg/kg,6.6,6.6,24.0,64.35060217278468,90.69729874698585,64.35060217278468,6480.090111388096,False,"Área de potencial interés contigua a los botaderos de desmonte DY -03, DY -04 y DY-05,al sur de la laguna Suytococha (bofedal), sector Yanamina"
L066,SB13B,503801,8584252,-74.96497572367258,-12.806593125069208,32718,4309.0,4310.0,12.020263587511481,76.74741437946496,potential_interest,simple,Santa Barbara,2018-07-24,Hg,truth field,206.4,False,,0.01,mg/kg,6.6,6.6,24.0,68.00735254367721,1097.843795810679,68.00735254367721,2493.886285263195,False,"Área de potencial interés contigua a la desmontera 2, ubicada 2 km al norte de la ciudad de Huancavelica, Sector Santa Bárbara"
L067,SB13C,503817,8584221,-74.96482825298429,-12.806873433727189,32718,4310.0,4307.0,8.79920101731439,3.0700345369666593,potential_interest,simple,Santa Barbara,2018-07-24,Hg,truth field,142.5,False,,0.01,mg/kg,6.6,6.6,24.0,40.718546143004666,1120.7970378262069,40.718546143004666,2528.768488764701,False,"Área de potencial interés contigua a la desmontera 2, ubicada 2 km al norte de la ciudad de Huancavelica, Sector Santa Bárbara"
L068,SB13A,503822,8584263,-74.96478223321901,-12.806493627931895,32718,4308.0,4300.0,12.662204961454663,33.607600059779855,potential_interest,simple,Santa Barbara,2018-07-24,Hg,truth field,155.7,False,,0.01,mg/kg,6.6,6.6,24.0,82.00609733428362,1115.894708294649,82.00609733428362,2494.185135631263,False,"Área de potencial interés contigua a la desmontera 2, ubicada 2 km al norte de la ciudad de Huancavelica, Sector Santa Bárbara"
L069,SB13D,503835,8584217,-74.96466238696497,-12.806909582919877,32718,4312.0,4307.0,8.79920101731439,3.0700345369666593,potential_interest,simple,Santa Barbara,2018-07-24,Hg,truth field,123.5,False,,0.01,mg/kg,6.6,6.6,24.0,48.104053883222775,1139.2251752836223,48.104053883222775,2540.8101018130437,False,"Área de potencial interés contigua a la desmontera 2, ubicada 2 km al norte de la ciudad de Huancavelica, Sector Santa Bárbara"
L070,SB13E,503845,8584200,-74.96457022049113,-12.807063298962268,32718,4315.0,4310.0,9.913411855491505,320.1800757627085,potential_interest,simple,Santa Barbara,2018-07-24,Hg,truth field,143.3,False,,0.01,mg/kg,6.6,6.6,24.0,47.75981574503821,1153.2445534230803,47.75981574503821,2560.5204762448916,False,"Área de potencial interés contigua a la desmontera 2, ubicada 2 km al norte de la ciudad de Huancavelica, Sector Santa Bárbara"
L071,HPA-03/S-1,504122,8581408,-74.96201401788463,-12.832310550701548,32718,4416.0,4409.0,14.348578626496392,345.9323236961409,unlabelled,simple,Unassigned,2018-09-08,Hg,truth field,190.2,False,,0.01,mg/kg,6.6,6.6,24.0,406.5390510147826,515.5938323913505,406.5390510147826,5261.036837174088,False,"Zona de pajonal de ichu, rodeado al este y noreste por bofedales"
L072,HPA-03/S-2 | HPA-07/S-1,504131,8581424,-74.96193110083027,-12.832165853413107,32718,4414.0,4409.0,14.348578626496392,345.9323236961409,unlabelled,simple,Unassigned,2018-09-08,Hg,truth field,41.307009090467936,False,,0.01,mg/kg,6.6,6.6,24.0,409.0684539291682,510.13135563303695,409.0684539291682,5248.271746336201,True,Zona final de ladera con presencia de pastizal ralo
L073,SB5A,504310,8580835,-74.96028070509071,-12.837491835521167,32718,4508.0,4501.0,9.965424572589395,22.176544699152217,potential_interest,simple,Yanamina,2018-07-20,Hg,truth field,13.92,False,,0.01,mg/kg,6.6,6.6,24.0,64.32728814430156,570.7889277132134,64.32728814430156,5863.865568110628,False,"Área de potencial interés ubicada contigua a los botaderos de desmonte DY-13 y DY-14, sector Yanamina"
L074,SB5C,504322,8580786,-74.96017004799732,-12.837934917295788,32718,4517.0,4513.0,13.354411255048433,26.999693651638133,potential_interest,simple,Yanamina,2018-07-20,Hg,truth field,23.72,False,,0.01,mg/kg,6.6,6.6,24.0,28.653097563788805,605.9414163101908,28.653097563788805,5914.248467063949,False,"Área de potencial interés ubicada contigua a los botaderos de desmonte DY-13 y DY-14, sector Yanamina"
L075,SB5B,504343,8580820,-74.95997656843673,-12.837627431784398,32718,4508.0,4501.0,8.068828436907648,341.23844718718937,potential_interest,simple,Yanamina,2018-07-20,Hg,truth field,4.0,False,,0.01,mg/kg,6.6,6.6,24.0,66.48308055437865,565.9911660087992,66.48308055437865,5887.771592252687,False,"Área de potencial interés ubicada contigua a los botaderos de desmonte DY-13 y DY-14, sector Yanamina"
L076,SB5E,504344,8580765,-74.9599672741314,-12.838124785845938,32718,4525.0,4510.0,10.802890386669025,16.403827229696162,potential_interest,simple,Yanamina,2018-07-20,Hg,truth field,1.79,False,,0.01,mg/kg,6.6,6.6,24.0,14.866068747318506,613.6709215858284,14.866068747318506,5940.693058797538,False,"Área de potencial interés ubicada contigua a los botaderos de desmonte DY-13 y DY-14, sector Yanamina"
L077,NFSB-4,504351,8584773,-74.95990849948657,-12.801881077699838,32718,4199.0,4193.0,22.11918229980773,118.71007139767552,background,composite,Santa Barbara,2018-07-25,Hg,truth field,33.47,False,,0.01,mg/kg,6.6,6.6,24.0,806.5494405180627,1608.9064609230707,806.5494405180627,2406.8545079354994,False,Parcelas ubicadas en el sector Santa Bárbara
L078,SB5D,504361,8580785,-74.9598106370607,-12.837943905402684,32718,4515.0,4510.0,8.361133594433927,340.21835740229136,potential_interest,simple,Yanamina,2018-07-20,Hg,truth field,1.49,False,,0.01,mg/kg,6.6,6.6,24.0,31.78049716414141,588.102882155835,31.78049716414141,5926.50298433465,False,"Área de potencial interés ubicada contigua a los botaderos de desmonte DY-13 y DY-14, sector Yanamina"
L079,NFSB-3,504395,8584773,-74.95950306953617,-12.801881015697255,32718,4189.0,4174.0,17.131390730601275,138.78116585511867,background,composite,Santa Barbara,2018-07-25,Hg,truth field,58.1,False,,0.01,mg/kg,6.6,6.6,24.0,837.2251787900314,1652.8823309600716,837.2251787900314,2438.573407084306,False,Parcelas ubicadas en el sector Santa Bárbara
L080,NFSB-5,504395,8584817,-74.95950313303119,-12.801483130234883,32718,4196.0,4189.0,14.64826267601103,137.00626003428306,background,composite,Santa Barbara,2018-07-25,Hg,truth field,60.73,False,,0.01,mg/kg,6.6,6.6,24.0,868.7427697540855,1652.0302660665755,868.7427697540855,2408.4899207046387,False,Parcelas ubicadas en el sector Santa Bárbara
L081,NFY-15,504405,8581013,-74.95940548015933,-12.835882078466964,32718,4493.0,4475.0,6.649457856745024,12.318042996826037,background,composite,Yanamina,2018-07-23,Hg,truth field,5.68,False,,0.01,mg/kg,6.6,6.6,24.0,263.97348351681086,370.600863463646,263.97348351681086,5722.397953848453,False,"Parcelas ubicadas sobre el bofedal del paraje Cumallipata, sector Yanamina "
L082,NFSB-2,504439,8584773,-74.95909763958792,-12.80188095307082,32718,4182.0,4168.0,15.144643258137434,150.65410618155724,background,composite,Santa Barbara,2018-07-25,Hg,truth field,58.79,False,,0.01,mg/kg,6.6,6.6,24.0,869.0466040437648,1696.8594520466331,869.0466040437648,2470.6687153700077,False,Parcelas ubicadas en el sector Santa Bárbara
L083,NFSB-11,504439,8584860,-74.95909776638969,-12.801094224989876,32718,4202.0,4190.0,16.19218688113056,134.45977622386044,background,composite,Santa Barbara,2018-07-25,Hg,truth field,28.42,False,,0.01,mg/kg,6.6,6.6,24.0,930.2134163728235,1696.3210191470246,930.2134163728235,2412.390056916873,False,Parcelas ubicadas en el sector Santa Bárbara
L084,NFSB-6,504440,8584816,-74.95908848795824,-12.801492109031432,32718,4189.0,4184.0,14.031007517668728,133.12837677809904,background,composite,Santa Barbara,2018-07-25,Hg,truth field,27.62,False,,0.01,mg/kg,6.6,6.6,24.0,899.4576143432218,1697.0356507746087,899.4576143432218,2442.3931587928605,False,Parcelas ubicadas en el sector Santa Bárbara
L085,NFY-14,504449,8581028,-74.9590000177867,-12.835746373107328,32718,4492.0,4478.0,6.666088825278639,334.8112269478744,background,composite,Yanamina,2018-07-23,Hg,truth field,5.79,False,,0.01,mg/kg,6.6,6.6,24.0,290.0017241328058,333.16962646675944,290.0017241328058,5722.004612846876,False,"Parcelas ubicadas sobre el bofedal del paraje Cumallipata, sector Yanamina "
L086,SB6B,504483,8581394,-74.95868722935931,-12.83243664859473,32718,4453.0,4435.0,1.2099628131529876,281.10394170963525,potential_interest,simple,Yanamina,2018-07-23,Hg,truth field,13.35,False,,0.01,mg/kg,6.6,6.6,24.0,158.93709447451215,168.0773631397161,158.93709447451215,5387.950057546948,False,"Área de potencial interés ubicada en· el bofedal del paraje Cumallipata, contigua al botadero de desmonte DY-15 y  bocamina BY-06; sector Yanamina."
L087,NFSB-1,504483,8584772,-74.95869220816984,-12.801889932671722,32718,4173.0,4163.0,14.51299025948978,144.79751140277082,background,composite,Santa Barbara,2018-07-25,Hg,truth field,73.72,False,,0.01,mg/kg,6.6,6.6,24.0,901.2397017442141,1740.8690358553683,901.2397017442141,2503.7968274775344,False,Parcelas ubicadas en el sector Santa Bárbara
L088,NFSB-7,504483,8584816,-74.95869227293623,-12.801492047213662,32718,4183.0,4173.0,12.44569453021487,122.309468312076,background,composite,Santa Barbara,2018-07-25,Hg,truth field,41.63,False,,0.01,mg/kg,6.6,6.6,24.0,930.5444642788436,1740.034769767547,930.5444642788436,2474.488631956842,False,Parcelas ubicadas en el sector Santa Bárbara
L089,NFSB-10,504483,8584860,-74.95869233770047,-12.8010941617436,32718,4194.0,4177.0,14.414338425746744,129.27510483422822,background,composite,Santa Barbara,2018-07-25,Hg,truth field,40.43,False,,0.01,mg/kg,6.6,6.6,24.0,960.9708632419612,1740.3129028999354,960.9708632419612,2445.6208671993127,False,Parcelas ubicadas en el sector Santa Bárbara
L090,SB6A,504491,8581435,-74.95861356655124,-12.83206588095476,32718,4455.0,4435.0,3.135699354991769,26.999693651638133,potential_interest,simple,Yanamina,2018-07-23,Hg,truth field,1.46,False,,0.01,mg/kg,6.6,6.6,24.0,179.6941846582688,186.1316738225926,179.6941846582688,5352.261039212821,False,"Área de potencial interés ubicada en· el bofedal del paraje Cumallipata, contigua al botadero de desmonte DY-15 y  bocamina BY-06; sector Yanamina."
L091,NFY-13,504493,8581028,-74.95859453365824,-12.83574630954204,32718,4493.0,4480.0,5.632457622719263,335.1464829457472,background,composite,Yanamina,2018-07-23,Hg,truth field,6.07,False,,0.01,mg/kg,6.6,6.6,24.0,301.3585903869342,311.746692043396,301.3585903869342,5736.1705369357915,False,"Parcelas ubicadas sobre el bofedal del paraje Cumallipata, sector Yanamina "
L092,SB6D,504521,8581360,-74.95833699249846,-12.832744049554446,32718,4455.0,4438.0,6.423394273023185,263.777316353365,potential_interest,simple,Yanamina,2018-07-23,Hg,truth field,8.73,False,,0.01,mg/kg,6.6,6.6,24.0,108.55873986004075,118.53269591129698,108.55873986004075,5433.014259752845,False,"Área de potencial interés ubicada en· el bofedal del paraje Cumallipata, contigua al botadero de desmonte DY-15 y  bocamina BY-06; sector Yanamina."
L093,NFSB-8,504527,8584816,-74.95828684361355,-12.801491983341519,32718,4176.0,4167.0,11.439261942747423,122.87191669350793,background,composite,Santa Barbara,2018-07-25,Hg,truth field,37.43,False,,0.01,mg/kg,6.6,6.6,24.0,963.303171384793,1784.0339122337332,963.303171384793,2507.6685644344966,False,Parcelas ubicadas en el sector Santa Bárbara
L094,NFSB-9,504527,8584860,-74.95828690901342,-12.801094097873515,32718,4184.0,4170.0,13.105692790968945,131.60057028821885,background,composite,Santa Barbara,2018-07-25,Hg,truth field,69.51,False,,0.01,mg/kg,6.6,6.6,24.0,992.7260447877853,1784.3051869004921,992.7260447877853,2479.187178381262,False,Parcelas ubicadas en el sector Santa Bárbara
L095,NFSB-12,504527,8584903,-74.95828697292481,-12.800705255245468,32718,4196.0,4177.0,14.678005669066339,139.54696774696325,background,composite,Santa Barbara,2018-07-25,Hg,truth field,78.67,False,,0.01,mg/kg,6.6,6.6,24.0,1022.4920537588544,1785.6181002666835,1022.4920537588544,2451.796385235992,False,Parcelas ubicadas en el sector Santa Bárbara
L096,SB6C,504528,8581408,-74.95827255597534,-12.8323099834774,32718,4455.0,4437.0,6.221861426415022,299.0152973301201,potential_interest,simple,Yanamina,2018-07-23,Hg,truth field,1.44,False,,0.01,mg/kg,6.6,6.6,24.0,134.9518432626987,140.71602609511115,134.9518432626987,5390.518275125792,False,"Área de potencial interés ubicada en· el bofedal del paraje Cumallipata, contigua al botadero de desmonte DY-15 y  bocamina BY-06; sector Yanamina."
L097,NFY-12,504537,8581014,-74.95818902861596,-12.83587284494121,32718,4498.0,4481.0,3.9865520492539863,314.45977622386044,background,composite,Yanamina,2018-07-23,Hg,truth field,2.47,False,,0.01,mg/kg,6.6,6.6,24.0,300.048329440442,308.71669860893496,300.048329440442,5763.844918759333,False,"Parcelas ubicadas sobre el bofedal del paraje Cumallipata, sector Yanamina "
L098,SB6E,504555,8581362,-74.95802367057195,-12.832725914051892,32718,4458.0,4443.0,11.66117966968472,259.78258960172616,potential_interest,simple,Yanamina,2018-07-23,Hg,truth field,9.63,False,,0.01,mg/kg,6.6,6.6,24.0,82.73451516749222,90.21086409075129,82.73451516749222,5443.093021655085,False,"Área de potencial interés ubicada en· el bofedal del paraje Cumallipata, contigua al botadero de desmonte DY-15 y  bocamina BY-06; sector Yanamina."
L099,SB6F,504557,8581322,-74.9580051796866,-12.833087624301559,32718,4459.0,4440.0,10.833612260099889,274.87734924529724,potential_interest,simple,Yanamina,2018-07-23,Hg,truth field,1.73,False,,0.01,mg/kg,6.6,6.6,24.0,59.77457653551382,72.18032973047436,59.77457653551382,5481.220679589928,False,"Área de potencial interés ubicada en· el bofedal del paraje Cumallipata, contigua al botadero de desmonte DY-15 y  bocamina BY-06; sector Yanamina."
L100,NFSB-13,504571,8584904,-74.95788154636189,-12.800696147901688,32718,4191.0,4172.0,12.600274015102363,190.68664906536983,background,composite,Santa Barbara,2018-07-25,Hg,truth field,56.81,False,,0.01,mg/kg,6.6,6.6,24.0,1054.9127926042038,1829.6209990049852,1054.9127926042038,2485.435201572643,False,Parcelas ubicadas en el sector Santa Bárbara
L101,SB6G,504590,8581317,-74.95770106223297,-12.83313278969335,32718,4464.0,4450.0,14.650786678732015,267.3245466300252,potential_interest,simple,Yanamina,2018-07-23,Hg,truth field,10.71,False,,0.01,mg/kg,6.6,6.6,24.0,27.294688127912362,38.8329756778952,27.294688127912362,5497.600106586241,False,"Área de potencial interés ubicada en· el bofedal del paraje Cumallipata, contigua al botadero de desmonte DY-15 y  bocamina BY-06; sector Yanamina."
L102,NFY-1,504596,8581217,-74.95764561820009,-12.83403706372296,32718,4459.0,4460.0,12.084739295765347,351.0899804078108,background,composite,Yanamina,2018-07-23,Hg,truth field,7.3,False,,0.01,mg/kg,6.6,6.6,24.0,88.84255736976509,97.40636529508737,88.84255736976509,5593.228599268573,False,"Parcelas ubicadas en el bofedal del paraje Cumallipata, sector Yanamina"
L103,NFSB-14,504615,8584903,-74.95747611679974,-12.800705125637917,32718,4193.0,4175.0,12.86076071002064,204.68189851105188,background,composite,Santa Barbara,2018-07-25,Hg,truth field,70.52,False,,0.01,mg/kg,6.6,6.6,24.0,1086.8238127681966,1873.542099873926,1086.8238127681966,2520.622302804394,False,Parcelas ubicadas en el sector Santa Bárbara
L104,NFSB-15,504615,8584947,-74.95747618346647,-12.800307240150358,32718,4198.0,4187.0,8.330974979669108,180.0,background,composite,Santa Barbara,2018-07-25,Hg,truth field,81.69,False,,0.01,mg/kg,6.6,6.6,24.0,1116.4201717991305,1875.8422108482366,1116.4201717991305,2493.824418396773,False,Parcelas ubicadas en el sector Santa Bárbara
L105,NFY-2,504640,8581217,-74.9572401368172,-12.834036998076769,32718,4469.0,4463.0,9.945792136831605,355.9333627118279,background,composite,Yanamina,2018-07-23,Hg,truth field,2.31,False,,0.01,mg/kg,6.6,6.6,24.0,90.80198235721508,92.77930803794561,90.80198235721508,5608.87313130233,False,"Parcelas ubicadas en el bofedal del paraje Cumallipata, sector Yanamina"
L106,NFY-9,504648,8581057,-74.95716616806308,-12.835483838627287,32718,4504.0,4487.0,11.566216840390009,336.10379557981184,background,composite,Yanamina,2018-07-23,Hg,truth field,2.12,False,,0.01,mg/kg,6.6,6.6,24.0,249.3290997858052,252.79240494919938,249.3290997858052,5761.296710545394,False,"Parcelas ubicadas en el bofedal del paraje Cumallipata, sector Yanamina"
L107,NFY-11,504654,8580970,-74.9571107415007,-12.83627055561912,32718,4511.0,4498.0,5.970756843728821,317.64236929035803,background,composite,Yanamina,2018-07-23,Hg,truth field,7.13,False,,0.01,mg/kg,6.6,6.6,24.0,336.38668225719044,339.99558820667073,336.38668225719044,5844.923767865665,False,"Parcelas ubicadas sobre el bofedal del paraje Cumallipata, sector Yanamina "
L108,NFY-6,504654,8581130,-74.95711098669967,-12.834823703153232,32718,4475.0,4472.0,7.695544473264056,25.43346154226255,background,composite,Yanamina,2018-07-23,Hg,truth field,9.41,False,,0.01,mg/kg,6.6,6.6,24.0,178.53851125177448,180.87841220001906,178.53851125177448,5695.128778411931,False,"Parcelas ubicadas en el bofedal del paraje Cumallipata, sector Yanamina"
L109,NFY-10,504669,8581014,-74.95697257564193,-12.835872648613327,32718,4508.0,4495.0,8.714221612521397,349.087778878908,background,composite,Yanamina,2018-07-23,Hg,truth field,9.5,False,,0.01,mg/kg,6.6,6.6,24.0,295.16944286290885,297.8355250805384,295.16944286290885,5808.933048815054,False,"Parcelas ubicadas en el bofedal del paraje Cumallipata, sector Yanamina"
L110,NFY-5,504669,8581173,-74.95697282008562,-12.834434838935003,32718,4475.0,4467.0,7.888072032125769,3.4303977979467106,background,composite,Yanamina,2018-07-23,Hg,truth field,1.42,False,,0.01,mg/kg,6.6,6.6,24.0,142.0774436706967,142.04576727238302,142.04576727238302,5660.362013949261,False,"Parcelas ubicadas en el bofedal del paraje Cumallipata, sector Yanamina"
L111,NFY-3,504684,8581217,-74.95683465543657,-12.834036931805107,32718,4469.0,4462.0,8.344127238097997,356.7597618771666,background,composite,Yanamina,2018-07-23,Hg,truth field,2.56,False,,0.01,mg/kg,6.6,6.6,24.0,111.66467659918243,107.70329614269008,107.70329614269008,5624.818347503725,False,"Parcelas ubicadas en el bofedal del paraje Cumallipata, sector Yanamina"
L112,NFY-4,504713,8581173,-74.95656733806906,-12.834434772248963,32718,4479.0,4468.0,10.85653604539585,317.9313479906366,background,composite,Yanamina,2018-07-23,Hg,truth field,0.48,False,,0.01,mg/kg,6.6,6.6,24.0,164.20109622045769,160.37767924496225,160.37767924496225,5676.387387091288,False,"Parcelas ubicadas en el bofedal del paraje Cumallipata, sector Yanamina"
L113,NFY-8,504727,8581042,-74.95643811716764,-12.835619361392187,32718,4501.0,4493.0,5.3064449791988855,344.46836155869835,background,composite,Yanamina,2018-07-23,Hg,truth field,208.9,False,,0.01,mg/kg,6.6,6.6,24.0,285.3296339324046,284.76305940202286,284.76305940202286,5803.468991179547,False,"Parcelas ubicadas en el bofedal del paraje Cumallipata, sector Yanamina"
L114,NFY-7,504771,8581057,-74.9560326568215,-12.835483651458516,32718,4502.0,4492.0,3.9855283100289345,339.08619168309934,background,composite,Yanamina,2018-07-23,Hg,truth field,193.7,False,,0.01,mg/kg,6.6,6.6,24.0,292.67387994148027,289.74644087546613,289.74644087546613,5805.597021738119,False,"Parcelas ubicadas en el bofedal del paraje Cumallipata, sector Yanamina"
L001,SB8F,502403,8583970,-74.97785735714213,-12.80914460637278,32718,4132.0,4125.0,8.638568760131415,7.840759113543399,potential_interest,simple,Santa Barbara,2018-07-22,Ni,censoring gradient,,True,1.0,1.0,mg/kg,,,,79.81227975693966,625.511790456423,79.81227975693966,2492.0493322216385,False,"Área de potencial interés ubicada a ambos márgenes de la quebrada Santa Bárbara, contigua al depósito de relaves santa bárbara, Sector Santa Bárbara"
L002,SB8A,502414,8583994,-74.97775601576964,-12.808927569479387,32718,4123.0,4119.0,8.79220311190414,285.24771223722166,potential_interest,simple,Santa Barbara,2018-07-22,Ni,censoring gradient,,True,1.0,1.0,mg/kg,,,,79.88116173416608,599.3229513375906,79.88116173416608,2467.1752018551233,False,"Área de potencial interés ubicada a ambos márgenes de la quebrada Santa Bárbara, contigua al depósito de relaves santa bárbara, Sector Santa Bárbara"
L003,SB8B,502417,8583991,-74.97772836966361,-12.80895469568704,32718,4122.0,4119.0,8.79220311190414,285.24771223722166,potential_interest,simple,Santa Barbara,2018-07-22,Ni,censoring gradient,,True,1.0,1.0,mg/kg,,,,75.71657678474378,600.2882640865137,75.71657678474378,2469.907789875542,False,"Área de potencial interés ubicada a ambos márgenes de la quebrada Santa Bárbara, contigua al depósito de relaves santa bárbara, Sector Santa Bárbara"
L004,SB8E,502425,8583964,-74.97765463154732,-12.809198846336493,32718,4136.0,4125.0,8.638568760131415,7.840759113543399,potential_interest,simple,Santa Barbara,2018-07-22,Ni,censoring gradient,,True,1.0,1.0,mg/kg,,,,57.0087712549569,619.4295763038765,57.0087712549569,2496.1529942625552,False,"Área de potencial interés ubicada a ambos márgenes de la quebrada Santa Bárbara, contigua al depósito de relaves santa bárbara, Sector Santa Bárbara"
L005,SB8D,502437,8583932,-74.977544030912,-12.80948820805831,32718,4137.0,4127.0,10.256813074807066,331.2458746678426,potential_interest,simple,Santa Barbara,2018-07-22,Ni,censoring gradient,,True,1.0,1.0,mg/kg,,,,46.238512086787566,641.8138359368704,46.238512086787566,2527.121699148091,False,"Área de potencial interés ubicada a ambos márgenes de la quebrada Santa Bárbara, contigua al depósito de relaves santa bárbara, Sector Santa Bárbara"
L006,SB8C,502452,8583966,-74.977405839379,-12.809180739412257,32718,4135.0,4124.0,8.683742038366594,282.3019392702787,potential_interest,simple,Santa Barbara,2018-07-22,Ni,censoring gradient,,True,1.0,1.0,mg/kg,,,,32.7566787083184,604.7280380468562,32.7566787083184,2492.123496910117,False,"Área de potencial interés ubicada a ambos márgenes de la quebrada Santa Bárbara, contigua al depósito de relaves santa bárbara, Sector Santa Bárbara"
L007,SB9A,502640,8584504,-74.97567396419547,-12.804315532106001,32718,4224.0,4213.0,17.57325661129504,264.10245426498057,potential_interest,simple,Santa Barbara,2018-07-22,Ni,censoring gradient,,True,1.0,1.0,mg/kg,,,,83.2946576918352,92.02173656261873,83.2946576918352,1948.0531542153374,False,"Área de potencial interés contigua al depósito de desmonte DSB-7, Sector Santa Bárbara"
L008,SB9B,502663,8584492,-74.9754620223416,-12.804424026662744,32718,4230.0,4213.0,17.57325661129504,264.10245426498057,potential_interest,simple,Santa Barbara,2018-07-22,Ni,censoring gradient,,True,1.0,1.0,mg/kg,,,,60.207972893961475,69.72087205421343,60.207972893961475,1960.3461574035143,False,"Área de potencial interés contigua al depósito de desmonte DSB-7, Sector Santa Bárbara"
L009,SB9C,502679,8584508,-74.9753146058455,-12.804279327272463,32718,4237.0,4224.0,15.095725004835451,259.5743484800445,potential_interest,simple,Santa Barbara,2018-07-22,Ni,censoring gradient,,True,1.0,1.0,mg/kg,,,,45.35416188179427,53.33854141237835,45.35416188179427,1944.715074441955,False,"Área de potencial interés contigua al depósito de desmonte DSB-7, Sector Santa Bárbara"
L010,SB9D,502696,8584500,-74.97515795386748,-12.80435165535558,32718,4243.0,4222.0,15.120204537517571,265.6831567036818,potential_interest,simple,Santa Barbara,2018-07-22,Ni,censoring gradient,211.0,False,1.0,1.0,mg/kg,,,,27.16615541441225,36.05551275463989,27.16615541441225,1953.2431195067497,False,"Área de potencial interés contigua al depósito de desmonte DSB-7, Sector Santa Bárbara"
L011,HPA-07/S-3,502818,8585047,-74.9740343022048,-12.799405106563837,32718,4172.0,4168.0,15.11290557580748,52.95229861705745,unlabelled,simple,Unassigned,2018-09-09,Ni,censoring gradient,134.0,False,1.0,1.0,mg/kg,,,,558.1442465886395,232.43278598338918,232.43278598338918,1417.9963601366787,False,Zona de pajonal de ichu
L012,HPA-07/S-2,502853,8585053,-74.97371180982714,-12.799350817464587,32718,4161.0,4156.0,9.304055068175138,322.6101135718888,unlabelled,simple,Unassigned,2018-09-09,Ni,censoring gradient,49.0,False,1.0,1.0,mg/kg,,,,570.9956216995013,251.3483638299641,251.3483638299641,1417.222393853772,False,Zona de pajonal de ichu
L013,SB3B,503265,8580774,-74.96991095469548,-12.838044727074738,32718,4430.0,4418.0,12.77194199717936,312.991945916185,potential_interest,simple,Yanamina,2018-07-19,Ni,censoring gradient,19.0,False,1.0,1.0,mg/kg,,,,24.186773244895647,47.853944456021594,24.186773244895647,5713.793288806527,False,"Área de potencial interés ubicada conligua al botadero de desmonte DY-12; bofedal aportante de la quebrada Carnicería, sector Yanamina"
L014,SB3D,503276,8580817,-74.96980962912515,-12.837655873860735,32718,4426.0,4422.0,16.321447496129256,301.86101493010085,potential_interest,simple,Yanamina,2018-07-19,Ni,censoring gradient,51.0,False,1.0,1.0,mg/kg,,,,42.05948168962618,71.55417527999327,42.05948168962618,5672.31364667532,False,"Área de potencial interés ubicada conligua al botadero de desmonte DY-12; bofedal aportante de la quebrada Carnicería, sector Yanamina"
L015,SB3C,503283,8580806,-74.96974510789836,-12.837755337546717,32718,4437.0,4422.0,16.321447496129256,301.86101493010085,potential_interest,simple,Yanamina,2018-07-19,Ni,censoring gradient,68.0,False,1.0,1.0,mg/kg,,,,29.614185789921695,58.60034129593445,29.614185789921695,5684.045670980024,False,"Área de potencial interés ubicada conligua al botadero de desmonte DY-12; bofedal aportante de la quebrada Carnicería, sector Yanamina"
L016,SB3A,503300,8580804,-74.96958844013987,-12.837773405118815,32718,4436.0,4422.0,16.321447496129256,301.86101493010085,potential_interest,simple,Yanamina,2018-07-19,Ni,censoring gradient,,True,1.0,1.0,mg/kg,,,,29.154759474226502,51.62363799656123,29.154759474226502,5688.020136749736,False,"Área de potencial interés ubicada conligua al botadero de desmonte DY-12; bofedal aportante de la quebrada Carnicería, sector Yanamina"
L017,SB10F,503526,8583424,-74.967508748803,-12.81408092656888,32718,4369.0,4355.0,12.661059578500602,152.52930933571366,potential_interest,simple,Santa Barbara,2018-07-22,Ni,censoring gradient,,True,1.0,1.0,mg/kg,,,,63.198101237299845,1338.8502530156238,63.198101237299845,3158.783890003854,False,"Área de potencial interés contigua al depósito de desmonte DSB-12, Sector Santa Bárbara"
L018,SB10D,503536,8583371,-74.96741653959235,-12.814560185887926,32718,4358.0,4350.0,10.535857653263713,138.0396844200064,potential_interest,simple,Santa Barbara,2018-07-22,Ni,censoring gradient,,True,1.0,1.0,mg/kg,,,,116.1077086157504,1387.6516133381606,116.1077086157504,3212.4419466617146,False,"Área de potencial interés contigua al depósito de desmonte DSB-12, Sector Santa Bárbara"
L019,SB10B,503544,8583333,-74.96734277709704,-12.81490380479696,32718,4350.0,4337.0,12.942362440728141,125.74005009545424,potential_interest,simple,Santa Barbara,2018-07-22,Ni,censoring gradient,,True,1.0,1.0,mg/kg,,,,154.5477272560163,1423.342896142739,154.5477272560163,3251.153592473058,False,"Área de potencial interés contigua al depósito de desmonte DSB-12, Sector Santa Bárbara"
L020,SB10G,503549,8583443,-74.9672968314623,-12.813909086293327,32718,4374.0,4361.0,12.779117086609444,161.89944711556404,potential_interest,simple,Santa Barbara,2018-07-22,Ni,censoring gradient,,True,1.0,1.0,mg/kg,,,,47.53945729601885,1337.5238315633856,47.53945729601885,3147.239779848749,False,"Área de potencial interés contigua al depósito de desmonte DSB-12, Sector Santa Bárbara"
L021,SB10E,503551,8583396,-74.96727834709546,-12.814334097656188,32718,4362.0,4346.0,11.30225446026126,144.49874181965095,potential_interest,simple,Santa Barbara,2018-07-22,Ni,censoring gradient,,True,1.0,1.0,mg/kg,,,,93.17188417113823,1376.2256355699817,93.17188417113823,3192.7837097900156,False,"Área de potencial interés contigua al depósito de desmonte DSB-12, Sector Santa Bárbara"
L022,SB10C,503557,8583354,-74.96722300936813,-12.81471389020064,32718,4354.0,4343.0,12.13762374614636,132.9126817052527,potential_interest,simple,Santa Barbara,2018-07-22,Ni,censoring gradient,,True,1.0,1.0,mg/kg,,,,135.51752654177244,1413.6933896711832,135.51752654177244,3234.7281657518292,False,"Área de potencial interés contigua al depósito de desmonte DSB-12, Sector Santa Bárbara"
L023,SB10A,503564,8583312,-74.96715845667572,-12.815093681572602,32718,4362.0,4337.0,12.942362440728141,125.74005009545424,potential_interest,simple,Santa Barbara,2018-07-22,Ni,censoring gradient,,True,1.0,1.0,mg/kg,,,,178.08424972467387,1452.0068870360085,178.08424972467387,3276.970977430185,False,"Área de potencial interés contigua al depósito de desmonte DSB-12, Sector Santa Bárbara"
L024,SB2B,503607,8580667,-74.96675908107282,-12.839011929779709,32718,4479.0,4472.0,5.9678210402163545,314.45977622386044,potential_interest,simple,Yanamina,2018-07-18,Ni,censoring gradient,,True,1.0,1.0,mg/kg,,,,103.76897416858277,311.12216250212714,103.76897416858277,5867.509805250134,False,"Área de potencial interés ubicada conligua al botadero de desmonte DY-09; sobre un bofedal aportante de la quebrada Carnicería, sector Yanamina"
L025,SB2A,503613,8580679,-74.9667038013446,-12.838903408860128,32718,4480.0,4472.0,5.9678210402163545,314.45977622386044,potential_interest,simple,Yanamina,2018-07-18,Ni,censoring gradient,,True,1.0,1.0,mg/kg,,,,112.16059914247963,313.84868965793055,112.16059914247963,5856.686530097003,False,"Área de potencial interés ubicada conligua al botadero de desmonte DY-09; sobre un bofedal aportante de la quebrada Carnicería, sector Yanamina"
L026,SB11L,503620,8584781,-74.96664417505595,-12.801809673693832,32718,4207.0,4209.0,26.868575521372726,48.825330691832455,potential_interest,simple,Santa Barbara,2018-07-24,Ni,censoring gradient,,True,1.0,1.0,mg/kg,,,,327.1819065902025,878.2055568031894,327.1819065902025,1944.041283327869,False,"Área de potencial interés contigua a la desmontera 2, ubicada 1 km al norte de la ciudad de Huancavelica, Sector Santa Bárbara"
L027,SB2C,503624,8580669,-74.9666024171019,-12.838993824261376,32718,4482.0,4472.0,5.9678210402163545,314.45977622386044,potential_interest,simple,Yanamina,2018-07-18,Ni,censoring gradient,,True,1.0,1.0,mg/kg,,,,98.97979591815695,326.9740050829729,98.97979591815695,5868.403628735295,False,"Área de potencial interés ubicada conligua al botadero de desmonte DY-09; sobre un bofedal aportante de la quebrada Carnicería, sector Yanamina"
L028,SB1D,503627,8580207,-74.96657421806661,-12.843171605946889,32718,4506.0,4500.0,6.16856175579453,274.3168432963182,potential_interest,simple,Yanamina,2018-07-18,Ni,censoring gradient,,True,1.0,1.0,mg/kg,,,,112.8716084761797,96.60745312862771,96.60745312862771,6324.642048606057,False,"Área de potencial interés ubicada debajo del botadero de desmonte DY-06 y contigua a la orilla este de la laguna Suytococha, sector Yanamina"
L029,SB2D,503627,8580642,-74.96657473784319,-12.839237977060506,32718,4480.0,4473.0,5.382353299572041,325.11439823150306,potential_interest,simple,Yanamina,2018-07-18,Ni,censoring gradient,,True,1.0,1.0,mg/kg,,,,72.61542535852834,337.76027001410336,72.61542535852834,5895.520882077542,False,"Área de potencial interés ubicada conligua al botadero de desmonte DY-09; sobre un bofedal aportante de la quebrada Carnicería, sector Yanamina"
L030,SB1F,503632,8580183,-74.96652811024639,-12.84338862784588,32718,4503.0,4498.0,7.052860372455268,197.54971472254823,potential_interest,simple,Yanamina,2018-07-18,Ni,censoring gradient,,True,1.0,1.0,mg/kg,,,,113.54734695271397,73.06161783043132,73.06161783043132,6349.130909772994,False,"Área de potencial interés ubicada debajo del botadero de desmonte DY-06 y contigua a la orilla este de la laguna Suytococha, sector Yanamina"
L031,SB1A,503639,8580246,-74.96646367499258,-12.842818921724128,32718,4496.0,4502.0,10.136458650222988,283.15107561305496,potential_interest,simple,Yanamina,2018-07-18,Ni,censoring gradient,,True,1.0,1.0,mg/kg,,,,103.07764064044152,129.52219886953742,103.07764064044152,6288.057207523232,False,"Área de potencial interés ubicada debajo del botadero de desmonte DY-06 y contigua a la orilla este de la laguna Suytococha, sector Yanamina"
L032,SB1C,503662,8580236,-74.96625169937042,-12.842909322817677,32718,4514.0,4502.0,10.136458650222988,283.15107561305496,potential_interest,simple,Yanamina,2018-07-18,Ni,censoring gradient,,True,1.0,1.0,mg/kg,,,,78.44743462982075,116.21101496846157,78.44743462982075,6301.665445314035,False,"Área de potencial interés ubicada debajo del botadero de desmonte DY-06 y contigua a la orilla este de la laguna Suytococha, sector Yanamina"
L033,SB1E,503664,8580207,-74.96623323273958,-12.843171562337405,32718,4516.0,4508.0,15.40321129741568,276.78332750762286,potential_interest,simple,Yanamina,2018-07-18,Ni,censoring gradient,,True,1.0,1.0,mg/kg,,,,76.2954782408499,87.14355971613737,76.2954782408499,6330.600503880987,False,"Área de potencial interés ubicada debajo del botadero de desmonte DY-06 y contigua a la orilla este de la laguna Suytococha, sector Yanamina"
L034,SB11K,503667,8584812,-74.96621113956833,-12.801529290096935,32718,4192.0,4182.0,14.249695546039948,24.082076037899554,potential_interest,simple,Santa Barbara,2018-07-24,Ni,censoring gradient,,True,1.0,1.0,mg/kg,,,,368.28521555989727,924.1217452262446,368.28521555989727,1942.2288044872726,False,"Área de potencial interés contigua a la desmontera 2, ubicada 1 km al norte de la ciudad de Huancavelica, Sector Santa Bárbara"
L035,SB1B,503671,8580249,-74.96616877280393,-12.842791755438935,32718,4517.0,4507.0,12.649121409787782,274.1575315643479,potential_interest,simple,Yanamina,2018-07-18,Ni,censoring gradient,,True,1.0,1.0,mg/kg,,,,73.53910524340094,129.0155029444136,73.53910524340094,6290.330686409144,False,"Área de potencial interés ubicada debajo del botadero de desmonte DY-06 y contigua a la orilla este de la laguna Suytococha, sector Yanamina"
L036,SB12A,503683,8584548,-74.96606339140882,-12.803916583914456,32718,4255.0,4246.0,24.797694055825083,51.310650958407166,potential_interest,simple,Santa Barbara,2018-07-24,Ni,censoring gradient,,True,1.0,1.0,mg/kg,,,,150.20652449211386,952.111863175751,150.20652449211386,2177.4811088639044,False,"Área de potencial interés contigua a la desmontera 2, ubicada 2 km al norte de la ciudad de Huancavelica, Sector
Santa Bárbara"
L037,SB11C,503689,8585080,-74.96600874943906,-12.799105779413015,32718,4134.0,4112.0,17.117052060340956,46.62057155245583,potential_interest,simple,Santa Barbara,2018-07-24,Ni,censoring gradient,,True,1.0,1.0,mg/kg,,,,633.8532953294476,979.247159812067,633.8532953294476,1735.3095158531653,False,"Área de potencial interés contigua a la desmontera 2, ubicada 1 km al norte de la ciudad de Huancavelica, Sector Santa Bárbara"
L038,SB11A,503692,8585128,-74.9659811649621,-12.798671718854152,32718,4095.0,4098.0,18.409928811848058,50.54421600572451,potential_interest,simple,Santa Barbara,2018-07-24,Ni,censoring gradient,,True,1.0,1.0,mg/kg,,,,681.5137562808252,995.5912816010393,681.5137562808252,1699.492417277152,False,"Área de potencial interés contigua a la desmontera 2, ubicada 1 km al norte de la ciudad de Huancavelica, Sector Santa Bárbara"
L039,SB12B,503702,8584560,-74.96588833255689,-12.803808047096277,32718,4250.0,4237.0,23.392372677409153,37.82610309895478,potential_interest,simple,Santa Barbara,2018-07-24,Ni,censoring gradient,,True,1.0,1.0,mg/kg,,,,172.62966141425406,971.7324734719942,172.62966141425406,2176.322510571999,False,"Área de potencial interés contigua a la desmontera 2, ubicada 2 km al norte de la ciudad de Huancavelica, Sector
Santa Bárbara"
L040,SB11E,503706,8585019,-74.96585203353816,-12.799657373235098,32718,4139.0,4121.0,12.46523192546263,6.459881822193694,potential_interest,simple,Santa Barbara,2018-07-24,Ni,censoring gradient,,True,1.0,1.0,mg/kg,,,,578.2179519869649,981.9536648946324,578.2179519869649,1794.1066740399153,False,"Área de potencial interés contigua a la desmontera 2, ubicada 1 km al norte de la ciudad de Huancavelica, Sector Santa Bárbara"
L041,SB7B,503707,8579765,-74.96583641252553,-12.847168438526705,32718,4498.0,4489.0,2.0916262055509325,206.99969365163813,potential_interest,simple,Yanamina,2018-07-24,Ni,censoring gradient,,True,1.0,1.0,mg/kg,,,,73.76313442364011,357.02801010564986,73.76313442364011,6773.737967249047,False,"Área de potencial interés contigua a los botaderos de desmonte DY -03, DY -04 y DY-05,al sur de la laguna Suytococha (bofedal), sector Yanamina"
L042,SB11J,503707,8584847,-74.96584260997032,-12.801212742744497,32718,4175.0,4164.0,17.1577641957557,28.02784544168128,potential_interest,simple,Santa Barbara,2018-07-24,Ni,censoring gradient,,True,1.0,1.0,mg/kg,,,,414.2088845015278,964.2074465590898,414.2088845015278,1934.8170334203396,False,"Área de potencial interés contigua a la desmontera 2, ubicada 1 km al norte de la ciudad de Huancavelica, Sector Santa Bárbara"
L043,SB11G,503707,8584957,-74.96584274384789,-12.800218028943576,32718,4147.0,4135.0,16.25194266473548,15.674359220306002,potential_interest,simple,Santa Barbara,2018-07-24,Ni,censoring gradient,,True,1.0,1.0,mg/kg,,,,518.6800555255619,972.7260662694302,518.6800555255619,1844.5908879223525,False,"Área de potencial interés contigua a la desmontera 2, ubicada 1 km al norte de la ciudad de Huancavelica, Sector Santa Bárbara"
L044,SB7E,503708,8579859,-74.9658273114419,-12.846318412139535,32718,4503.0,4496.0,5.473641095238119,192.49100040431256,potential_interest,simple,Yanamina,2018-07-24,Ni,censoring gradient,,True,1.0,1.0,mg/kg,,,,29.832867780352597,263.89770745499095,29.832867780352597,6681.120178285547,False,"Área de potencial interés contigua a los botaderos de desmonte DY -03, DY -04 y DY-05,al sur de la laguna Suytococha (bofedal), sector Yanamina"
L045,SB7G,503710,8579962,-74.96580900551274,-12.845386999099265,32718,4512.0,4503.0,5.020682445903572,202.17654469915223,potential_interest,simple,Yanamina,2018-07-24,Ni,censoring gradient,,True,1.0,1.0,mg/kg,,,,127.1416532848303,163.23296235748464,127.1416532848303,6579.8287592428105,False,"Área de potencial interés contigua a los botaderos de desmonte DY -03, DY -04 y DY-05,al sur de la laguna Suytococha (bofedal), sector Yanamina"
L046,SB11B,503712,8585108,-74.96579685656818,-12.798852552083163,32718,4105.0,4101.0,13.345713346640432,6.017761412004106,potential_interest,simple,Santa Barbara,2018-07-24,Ni,censoring gradient,,True,1.0,1.0,mg/kg,,,,666.1088499637277,1008.9212060413836,666.1088499637277,1727.615283748859,False,"Área de potencial interés contigua a la desmontera 2, ubicada 1 km al norte de la ciudad de Huancavelica, Sector Santa Bárbara"
L047,SB12C,503715,8584594,-74.96576858699709,-12.803500574634262,32718,4241.0,4228.0,20.146939429244547,55.566303354374305,potential_interest,simple,Santa Barbara,2018-07-24,Ni,censoring gradient,,True,1.0,1.0,mg/kg,,,,204.04411287758342,987.2958016724268,204.04411287758342,2153.372036588449,False,"Área de potencial interés contigua a la desmontera 2, ubicada 2 km al norte de la ciudad de Huancavelica, Sector
Santa Bárbara"
L048,SB7C,503716,8579799,-74.9657535104818,-12.846860971810948,32718,4499.0,4491.0,4.412313855758794,212.49299499089238,potential_interest,simple,Yanamina,2018-07-24,Ni,censoring gradient,,True,1.0,1.0,mg/kg,,,,38.600518131237564,324.4225639501667,38.600518131237564,6741.624102519699,False,"Área de potencial interés contigua a los botaderos de desmonte DY -03, DY -04 y DY-05,al sur de la laguna Suytococha (bofedal), sector Yanamina"
L049,SB11D,503716,8585058,-74.96575993874448,-12.799304689989606,32718,4114.0,4107.0,13.715516323265057,0.0,potential_interest,simple,Santa Barbara,2018-07-24,Ni,censoring gradient,,True,1.0,1.0,mg/kg,,,,618.4795873753636,1000.0449989875456,618.4795873753636,1769.2527169163575,False,"Área de potencial interés contigua a la desmontera 2, ubicada 1 km al norte de la ciudad de Huancavelica, Sector Santa Bárbara"
L050,SB7J,503717,8580067,-74.9657446228273,-12.84443749434135,32718,4517.0,4507.0,13.788246537724806,265.24607548179307,potential_interest,simple,Yanamina,2018-07-24,Ni,censoring gradient,,True,1.0,1.0,mg/kg,,,,83.54639429682169,71.50524456289902,71.50524456289902,6477.460003629833,False,"Área de potencial interés contigua a los botaderos de desmonte DY -03, DY -04 y DY-05,al sur de la laguna Suytococha (bofedal), sector Yanamina"
L051,SB7I,503718,8580034,-74.9657353665294,-12.844735906285893,32718,4516.0,4508.0,10.129434896637791,273.9165899912398,potential_interest,simple,Yanamina,2018-07-24,Ni,censoring gradient,,True,1.0,1.0,mg/kg,,,,105.43718509140881,98.97979591815695,98.97979591815695,6510.158946840717,False,"Área de potencial interés contigua a los botaderos de desmonte DY -03, DY -04 y DY-05,al sur de la laguna Suytococha (bofedal), sector Yanamina"
L052,SB7F,503721,8579923,-74.96570758278322,-12.845739655939022,32718,4511.0,4501.0,2.7945109775890815,180.0,potential_interest,simple,Yanamina,2018-07-24,Ni,censoring gradient,,True,1.0,1.0,mg/kg,,,,87.20665112249179,203.74739262135355,87.20665112249179,6620.1092068302205,False,"Área de potencial interés contigua a los botaderos de desmonte DY -03, DY -04 y DY-05,al sur de la laguna Suytococha (bofedal), sector Yanamina"
L053,SB7D,503722,8579819,-74.96569823929283,-12.846680108172036,32718,4500.0,4494.0,5.216924580962116,206.99969365163813,potential_interest,simple,Yanamina,2018-07-24,Ni,censoring gradient,,True,1.0,1.0,mg/kg,,,,17.72004514666935,305.6304958606062,17.72004514666935,6722.862874870681,False,"Área de potencial interés contigua a los botaderos de desmonte DY -03, DY -04 y DY-05,al sur de la laguna Suytococha (bofedal), sector Yanamina"
L054,SB7A,503723,8579759,-74.96568894971874,-12.847222676227805,32718,4498.0,4491.0,4.983457093280994,221.72203945890237,potential_interest,simple,Yanamina,2018-07-24,Ni,censoring gradient,,True,1.0,1.0,mg/kg,,,,77.10382610480494,365.0164379860173,77.10382610480494,6782.229574016775,False,"Área de potencial interés contigua a los botaderos de desmonte DY -03, DY -04 y DY-05,al sur de la laguna Suytococha (bofedal), sector Yanamina"
L055,SB11F,503723,8584988,-74.96569535362083,-12.799937681344371,32718,4143.0,4129.0,13.655856023646944,13.81896465066032,potential_interest,simple,Santa Barbara,2018-07-24,Ni,censoring gradient,,True,1.0,1.0,mg/kg,,,,552.9575028878802,993.1369492673203,552.9575028878802,1829.1030631388346,False,"Área de potencial interés contigua a la desmontera 2, ubicada 1 km al norte de la ciudad de Huancavelica, Sector Santa Bárbara"
L056,SB11I,503725,8584898,-74.96567681506198,-12.800751535712367,32718,4164.0,4153.0,11.666042520516278,15.128631184780602,potential_interest,simple,Santa Barbara,2018-07-24,Ni,censoring gradient,,True,1.0,1.0,mg/kg,,,,468.2841018014598,984.5633549955026,468.2841018014598,1903.0578425302072,False,"Área de potencial interés contigua a la desmontera 2, ubicada 1 km al norte de la ciudad de Huancavelica, Sector Santa Bárbara"
L057,SB4B,503732,8581657,-74.96560833906184,-12.830059380308956,32718,4369.0,4354.0,18.480100347715993,332.683717802282,potential_interest,simple,Yanamina,2018-07-19,Ni,censoring gradient,,True,1.0,1.0,mg/kg,,,,93.2148056909416,961.2075738361616,93.2148056909416,4920.7933922409,False,"Área de potencial interés ubicada contigua al botadero de desmonte DY-18; bofedal aportante de la quebrada Carnicería, sector Yanamina"
L058,SB4A,503733,8581685,-74.96559915812166,-12.82980617978854,32718,4358.0,4345.0,14.649879899648225,336.64552947215435,potential_interest,simple,Yanamina,2018-07-19,Ni,censoring gradient,8.0,False,1.0,1.0,mg/kg,,,,120.81390648431164,970.7734030143183,120.81390648431164,4893.7391882147895,False,"Área de potencial interés ubicada contigua al botadero de desmonte DY-18; bofedal aportante de la quebrada Carnicería, sector Yanamina"
L059,SB7L,503738,8580090,-74.96555111797848,-12.844229484106759,32718,4524.0,4516.0,15.378403595224352,231.59954439154282,potential_interest,simple,Yanamina,2018-07-24,Ni,censoring gradient,,True,1.0,1.0,mg/kg,,,,52.630789467763066,75.23961722390672,52.630789467763066,6458.370431610005,False,"Área de potencial interés contigua a los botaderos de desmonte DY -03, DY -04 y DY-05,al sur de la laguna Suytococha (bofedal), sector Yanamina"
L060,SB4D,503740,8581614,-74.9655345633934,-12.83044821245132,32718,4367.0,4370.0,16.218115443452895,319.0397673029467,potential_interest,simple,Yanamina,2018-07-19,Ni,censoring gradient,,True,1.0,1.0,mg/kg,,,,49.49747468305833,938.9190593443079,49.49747468305833,4964.491826395352,False,"Área de potencial interés ubicada contigua al botadero de desmonte DY-18; bofedal aportante de la quebrada Carnicería, sector Yanamina"
L061,SB7H,503742,8579997,-74.96551413986461,-12.845070461767586,32718,4514.0,4510.0,7.653537367571345,218.0920082762951,potential_interest,simple,Yanamina,2018-07-24,Ni,censoring gradient,,True,1.0,1.0,mg/kg,,,,115.96551211459379,143.0314650697531,115.96551211459379,6550.682314870827,False,"Área de potencial interés contigua a los botaderos de desmonte DY -03, DY -04 y DY-05,al sur de la laguna Suytococha (bofedal), sector Yanamina"
L062,SB11H,503742,8584949,-74.9655202350142,-12.800290329767154,32718,4152.0,4138.0,14.321246389470344,340.06387464580735,potential_interest,simple,Santa Barbara,2018-07-24,Ni,censoring gradient,,True,1.0,1.0,mg/kg,,,,522.0153254455275,1006.4218797303644,522.0153254455275,1871.7263046220519,False,"Área de potencial interés contigua a la desmontera 2, ubicada 1 km al norte de la ciudad de Huancavelica, Sector Santa Bárbara"
L063,SB4C,503743,8581638,-74.96550694689212,-12.830231180848704,32718,4364.0,4365.0,17.633522557672713,324.9853664243836,potential_interest,simple,Yanamina,2018-07-19,Ni,censoring gradient,,True,1.0,1.0,mg/kg,,,,73.10950690573696,944.174771956972,73.10950690573696,4941.783156142935,False,"Área de potencial interés ubicada contigua al botadero de desmonte DY-18; bofedal aportante de la quebrada Carnicería, sector Yanamina"
L064,SB12D,503743,8584613,-74.9655106078096,-12.803328726818043,32718,4231.0,4217.0,12.13762374614636,47.087318294747284,potential_interest,simple,Santa Barbara,2018-07-24,Ni,censoring gradient,,True,1.0,1.0,mg/kg,,,,237.64890069175578,1017.0752184573174,237.64890069175578,2151.396675440131,False,"Área de potencial interés contigua a la desmontera 2, ubicada 2 km al norte de la ciudad de Huancavelica, Sector
Santa Bárbara"
L065,SB7K,503744,8580069,-74.96549579692086,-12.844419376127476,32718,4523.0,4514.0,11.54387024255555,248.99350579489123,potential_interest,simple,Yanamina,2018-07-24,Ni,censoring gradient,,True,1.0,1.0,mg/kg,,,,64.35060217278468,90.69729874698585,64.35060217278468,6480.090111388096,False,"Área de potencial interés contigua a los botaderos de desmonte DY -03, DY -04 y DY-05,al sur de la laguna Suytococha (bofedal), sector Yanamina"
L066,SB13B,503801,8584252,-74.96497572367258,-12.806593125069208,32718,4309.0,4310.0,12.020263587511481,76.74741437946496,potential_interest,simple,Santa Barbara,2018-07-24,Ni,censoring gradient,,True,1.0,1.0,mg/kg,,,,68.00735254367721,1097.843795810679,68.00735254367721,2493.886285263195,False,"Área de potencial interés contigua a la desmontera 2, ubicada 2 km al norte de la ciudad de Huancavelica, Sector Santa Bárbara"
L067,SB13C,503817,8584221,-74.96482825298429,-12.806873433727189,32718,4310.0,4307.0,8.79920101731439,3.0700345369666593,potential_interest,simple,Santa Barbara,2018-07-24,Ni,censoring gradient,,True,1.0,1.0,mg/kg,,,,40.718546143004666,1120.7970378262069,40.718546143004666,2528.768488764701,False,"Área de potencial interés contigua a la desmontera 2, ubicada 2 km al norte de la ciudad de Huancavelica, Sector Santa Bárbara"
L068,SB13A,503822,8584263,-74.96478223321901,-12.806493627931895,32718,4308.0,4300.0,12.662204961454663,33.607600059779855,potential_interest,simple,Santa Barbara,2018-07-24,Ni,censoring gradient,,True,1.0,1.0,mg/kg,,,,82.00609733428362,1115.894708294649,82.00609733428362,2494.185135631263,False,"Área de potencial interés contigua a la desmontera 2, ubicada 2 km al norte de la ciudad de Huancavelica, Sector Santa Bárbara"
L069,SB13D,503835,8584217,-74.96466238696497,-12.806909582919877,32718,4312.0,4307.0,8.79920101731439,3.0700345369666593,potential_interest,simple,Santa Barbara,2018-07-24,Ni,censoring gradient,,True,1.0,1.0,mg/kg,,,,48.104053883222775,1139.2251752836223,48.104053883222775,2540.8101018130437,False,"Área de potencial interés contigua a la desmontera 2, ubicada 2 km al norte de la ciudad de Huancavelica, Sector Santa Bárbara"
L070,SB13E,503845,8584200,-74.96457022049113,-12.807063298962268,32718,4315.0,4310.0,9.913411855491505,320.1800757627085,potential_interest,simple,Santa Barbara,2018-07-24,Ni,censoring gradient,,True,1.0,1.0,mg/kg,,,,47.75981574503821,1153.2445534230803,47.75981574503821,2560.5204762448916,False,"Área de potencial interés contigua a la desmontera 2, ubicada 2 km al norte de la ciudad de Huancavelica, Sector Santa Bárbara"
L071,HPA-03/S-1,504122,8581408,-74.96201401788463,-12.832310550701548,32718,4416.0,4409.0,14.348578626496392,345.9323236961409,unlabelled,simple,Unassigned,2018-09-08,Ni,censoring gradient,,True,1.0,1.0,mg/kg,,,,406.5390510147826,515.5938323913505,406.5390510147826,5261.036837174088,False,"Zona de pajonal de ichu, rodeado al este y noreste por bofedales"
L072,HPA-03/S-2 | HPA-07/S-1,504131,8581424,-74.96193110083027,-12.832165853413107,32718,4414.0,4409.0,14.348578626496392,345.9323236961409,unlabelled,simple,Unassigned,2018-09-08,Ni,censoring gradient,21.354156504062615,False,1.0,1.0,mg/kg,,,,409.0684539291682,510.13135563303695,409.0684539291682,5248.271746336201,True,Zona final de ladera con presencia de pastizal ralo
L073,SB5A,504310,8580835,-74.96028070509071,-12.837491835521167,32718,4508.0,4501.0,9.965424572589395,22.176544699152217,potential_interest,simple,Yanamina,2018-07-20,Ni,censoring gradient,,True,1.0,1.0,mg/kg,,,,64.32728814430156,570.7889277132134,64.32728814430156,5863.865568110628,False,"Área de potencial interés ubicada contigua a los botaderos de desmonte DY-13 y DY-14, sector Yanamina"
L074,SB5C,504322,8580786,-74.96017004799732,-12.837934917295788,32718,4517.0,4513.0,13.354411255048433,26.999693651638133,potential_interest,simple,Yanamina,2018-07-20,Ni,censoring gradient,,True,1.0,1.0,mg/kg,,,,28.653097563788805,605.9414163101908,28.653097563788805,5914.248467063949,False,"Área de potencial interés ubicada contigua a los botaderos de desmonte DY-13 y DY-14, sector Yanamina"
L075,SB5B,504343,8580820,-74.95997656843673,-12.837627431784398,32718,4508.0,4501.0,8.068828436907648,341.23844718718937,potential_interest,simple,Yanamina,2018-07-20,Ni,censoring gradient,,True,1.0,1.0,mg/kg,,,,66.48308055437865,565.9911660087992,66.48308055437865,5887.771592252687,False,"Área de potencial interés ubicada contigua a los botaderos de desmonte DY-13 y DY-14, sector Yanamina"
L076,SB5E,504344,8580765,-74.9599672741314,-12.838124785845938,32718,4525.0,4510.0,10.802890386669025,16.403827229696162,potential_interest,simple,Yanamina,2018-07-20,Ni,censoring gradient,,True,1.0,1.0,mg/kg,,,,14.866068747318506,613.6709215858284,14.866068747318506,5940.693058797538,False,"Área de potencial interés ubicada contigua a los botaderos de desmonte DY-13 y DY-14, sector Yanamina"
L077,NFSB-4,504351,8584773,-74.95990849948657,-12.801881077699838,32718,4199.0,4193.0,22.11918229980773,118.71007139767552,background,composite,Santa Barbara,2018-07-25,Ni,censoring gradient,,True,1.0,1.0,mg/kg,,,,806.5494405180627,1608.9064609230707,806.5494405180627,2406.8545079354994,False,Parcelas ubicadas en el sector Santa Bárbara
L078,SB5D,504361,8580785,-74.9598106370607,-12.837943905402684,32718,4515.0,4510.0,8.361133594433927,340.21835740229136,potential_interest,simple,Yanamina,2018-07-20,Ni,censoring gradient,,True,1.0,1.0,mg/kg,,,,31.78049716414141,588.102882155835,31.78049716414141,5926.50298433465,False,"Área de potencial interés ubicada contigua a los botaderos de desmonte DY-13 y DY-14, sector Yanamina"
L079,NFSB-3,504395,8584773,-74.95950306953617,-12.801881015697255,32718,4189.0,4174.0,17.131390730601275,138.78116585511867,background,composite,Santa Barbara,2018-07-25,Ni,censoring gradient,,True,1.0,1.0,mg/kg,,,,837.2251787900314,1652.8823309600716,837.2251787900314,2438.573407084306,False,Parcelas ubicadas en el sector Santa Bárbara
L080,NFSB-5,504395,8584817,-74.95950313303119,-12.801483130234883,32718,4196.0,4189.0,14.64826267601103,137.00626003428306,background,composite,Santa Barbara,2018-07-25,Ni,censoring gradient,,True,1.0,1.0,mg/kg,,,,868.7427697540855,1652.0302660665755,868.7427697540855,2408.4899207046387,False,Parcelas ubicadas en el sector Santa Bárbara
L081,NFY-15,504405,8581013,-74.95940548015933,-12.835882078466964,32718,4493.0,4475.0,6.649457856745024,12.318042996826037,background,composite,Yanamina,2018-07-23,Ni,censoring gradient,,True,1.0,1.0,mg/kg,,,,263.97348351681086,370.600863463646,263.97348351681086,5722.397953848453,False,"Parcelas ubicadas sobre el bofedal del paraje Cumallipata, sector Yanamina "
L082,NFSB-2,504439,8584773,-74.95909763958792,-12.80188095307082,32718,4182.0,4168.0,15.144643258137434,150.65410618155724,background,composite,Santa Barbara,2018-07-25,Ni,censoring gradient,,True,1.0,1.0,mg/kg,,,,869.0466040437648,1696.8594520466331,869.0466040437648,2470.6687153700077,False,Parcelas ubicadas en el sector Santa Bárbara
L083,NFSB-11,504439,8584860,-74.95909776638969,-12.801094224989876,32718,4202.0,4190.0,16.19218688113056,134.45977622386044,background,composite,Santa Barbara,2018-07-25,Ni,censoring gradient,,True,1.0,1.0,mg/kg,,,,930.2134163728235,1696.3210191470246,930.2134163728235,2412.390056916873,False,Parcelas ubicadas en el sector Santa Bárbara
L084,NFSB-6,504440,8584816,-74.95908848795824,-12.801492109031432,32718,4189.0,4184.0,14.031007517668728,133.12837677809904,background,composite,Santa Barbara,2018-07-25,Ni,censoring gradient,,True,1.0,1.0,mg/kg,,,,899.4576143432218,1697.0356507746087,899.4576143432218,2442.3931587928605,False,Parcelas ubicadas en el sector Santa Bárbara
L085,NFY-14,504449,8581028,-74.9590000177867,-12.835746373107328,32718,4492.0,4478.0,6.666088825278639,334.8112269478744,background,composite,Yanamina,2018-07-23,Ni,censoring gradient,,True,1.0,1.0,mg/kg,,,,290.0017241328058,333.16962646675944,290.0017241328058,5722.004612846876,False,"Parcelas ubicadas sobre el bofedal del paraje Cumallipata, sector Yanamina "
L086,SB6B,504483,8581394,-74.95868722935931,-12.83243664859473,32718,4453.0,4435.0,1.2099628131529876,281.10394170963525,potential_interest,simple,Yanamina,2018-07-23,Ni,censoring gradient,,True,1.0,1.0,mg/kg,,,,158.93709447451215,168.0773631397161,158.93709447451215,5387.950057546948,False,"Área de potencial interés ubicada en· el bofedal del paraje Cumallipata, contigua al botadero de desmonte DY-15 y  bocamina BY-06; sector Yanamina."
L087,NFSB-1,504483,8584772,-74.95869220816984,-12.801889932671722,32718,4173.0,4163.0,14.51299025948978,144.79751140277082,background,composite,Santa Barbara,2018-07-25,Ni,censoring gradient,,True,1.0,1.0,mg/kg,,,,901.2397017442141,1740.8690358553683,901.2397017442141,2503.7968274775344,False,Parcelas ubicadas en el sector Santa Bárbara
L088,NFSB-7,504483,8584816,-74.95869227293623,-12.801492047213662,32718,4183.0,4173.0,12.44569453021487,122.309468312076,background,composite,Santa Barbara,2018-07-25,Ni,censoring gradient,,True,1.0,1.0,mg/kg,,,,930.5444642788436,1740.034769767547,930.5444642788436,2474.488631956842,False,Parcelas ubicadas en el sector Santa Bárbara
L089,NFSB-10,504483,8584860,-74.95869233770047,-12.8010941617436,32718,4194.0,4177.0,14.414338425746744,129.27510483422822,background,composite,Santa Barbara,2018-07-25,Ni,censoring gradient,,True,1.0,1.0,mg/kg,,,,960.9708632419612,1740.3129028999354,960.9708632419612,2445.6208671993127,False,Parcelas ubicadas en el sector Santa Bárbara
L090,SB6A,504491,8581435,-74.95861356655124,-12.83206588095476,32718,4455.0,4435.0,3.135699354991769,26.999693651638133,potential_interest,simple,Yanamina,2018-07-23,Ni,censoring gradient,,True,1.0,1.0,mg/kg,,,,179.6941846582688,186.1316738225926,179.6941846582688,5352.261039212821,False,"Área de potencial interés ubicada en· el bofedal del paraje Cumallipata, contigua al botadero de desmonte DY-15 y  bocamina BY-06; sector Yanamina."
L091,NFY-13,504493,8581028,-74.95859453365824,-12.83574630954204,32718,4493.0,4480.0,5.632457622719263,335.1464829457472,background,composite,Yanamina,2018-07-23,Ni,censoring gradient,,True,1.0,1.0,mg/kg,,,,301.3585903869342,311.746692043396,301.3585903869342,5736.1705369357915,False,"Parcelas ubicadas sobre el bofedal del paraje Cumallipata, sector Yanamina "
L092,SB6D,504521,8581360,-74.95833699249846,-12.832744049554446,32718,4455.0,4438.0,6.423394273023185,263.777316353365,potential_interest,simple,Yanamina,2018-07-23,Ni,censoring gradient,,True,1.0,1.0,mg/kg,,,,108.55873986004075,118.53269591129698,108.55873986004075,5433.014259752845,False,"Área de potencial interés ubicada en· el bofedal del paraje Cumallipata, contigua al botadero de desmonte DY-15 y  bocamina BY-06; sector Yanamina."
L093,NFSB-8,504527,8584816,-74.95828684361355,-12.801491983341519,32718,4176.0,4167.0,11.439261942747423,122.87191669350793,background,composite,Santa Barbara,2018-07-25,Ni,censoring gradient,,True,1.0,1.0,mg/kg,,,,963.303171384793,1784.0339122337332,963.303171384793,2507.6685644344966,False,Parcelas ubicadas en el sector Santa Bárbara
L094,NFSB-9,504527,8584860,-74.95828690901342,-12.801094097873515,32718,4184.0,4170.0,13.105692790968945,131.60057028821885,background,composite,Santa Barbara,2018-07-25,Ni,censoring gradient,,True,1.0,1.0,mg/kg,,,,992.7260447877853,1784.3051869004921,992.7260447877853,2479.187178381262,False,Parcelas ubicadas en el sector Santa Bárbara
L095,NFSB-12,504527,8584903,-74.95828697292481,-12.800705255245468,32718,4196.0,4177.0,14.678005669066339,139.54696774696325,background,composite,Santa Barbara,2018-07-25,Ni,censoring gradient,,True,1.0,1.0,mg/kg,,,,1022.4920537588544,1785.6181002666835,1022.4920537588544,2451.796385235992,False,Parcelas ubicadas en el sector Santa Bárbara
L096,SB6C,504528,8581408,-74.95827255597534,-12.8323099834774,32718,4455.0,4437.0,6.221861426415022,299.0152973301201,potential_interest,simple,Yanamina,2018-07-23,Ni,censoring gradient,,True,1.0,1.0,mg/kg,,,,134.9518432626987,140.71602609511115,134.9518432626987,5390.518275125792,False,"Área de potencial interés ubicada en· el bofedal del paraje Cumallipata, contigua al botadero de desmonte DY-15 y  bocamina BY-06; sector Yanamina."
L097,NFY-12,504537,8581014,-74.95818902861596,-12.83587284494121,32718,4498.0,4481.0,3.9865520492539863,314.45977622386044,background,composite,Yanamina,2018-07-23,Ni,censoring gradient,,True,1.0,1.0,mg/kg,,,,300.048329440442,308.71669860893496,300.048329440442,5763.844918759333,False,"Parcelas ubicadas sobre el bofedal del paraje Cumallipata, sector Yanamina "
L098,SB6E,504555,8581362,-74.95802367057195,-12.832725914051892,32718,4458.0,4443.0,11.66117966968472,259.78258960172616,potential_interest,simple,Yanamina,2018-07-23,Ni,censoring gradient,,True,1.0,1.0,mg/kg,,,,82.73451516749222,90.21086409075129,82.73451516749222,5443.093021655085,False,"Área de potencial interés ubicada en· el bofedal del paraje Cumallipata, contigua al botadero de desmonte DY-15 y  bocamina BY-06; sector Yanamina."
L099,SB6F,504557,8581322,-74.9580051796866,-12.833087624301559,32718,4459.0,4440.0,10.833612260099889,274.87734924529724,potential_interest,simple,Yanamina,2018-07-23,Ni,censoring gradient,,True,1.0,1.0,mg/kg,,,,59.77457653551382,72.18032973047436,59.77457653551382,5481.220679589928,False,"Área de potencial interés ubicada en· el bofedal del paraje Cumallipata, contigua al botadero de desmonte DY-15 y  bocamina BY-06; sector Yanamina."
L100,NFSB-13,504571,8584904,-74.95788154636189,-12.800696147901688,32718,4191.0,4172.0,12.600274015102363,190.68664906536983,background,composite,Santa Barbara,2018-07-25,Ni,censoring gradient,,True,1.0,1.0,mg/kg,,,,1054.9127926042038,1829.6209990049852,1054.9127926042038,2485.435201572643,False,Parcelas ubicadas en el sector Santa Bárbara
L101,SB6G,504590,8581317,-74.95770106223297,-12.83313278969335,32718,4464.0,4450.0,14.650786678732015,267.3245466300252,potential_interest,simple,Yanamina,2018-07-23,Ni,censoring gradient,,True,1.0,1.0,mg/kg,,,,27.294688127912362,38.8329756778952,27.294688127912362,5497.600106586241,False,"Área de potencial interés ubicada en· el bofedal del paraje Cumallipata, contigua al botadero de desmonte DY-15 y  bocamina BY-06; sector Yanamina."
L102,NFY-1,504596,8581217,-74.95764561820009,-12.83403706372296,32718,4459.0,4460.0,12.084739295765347,351.0899804078108,background,composite,Yanamina,2018-07-23,Ni,censoring gradient,,True,1.0,1.0,mg/kg,,,,88.84255736976509,97.40636529508737,88.84255736976509,5593.228599268573,False,"Parcelas ubicadas en el bofedal del paraje Cumallipata, sector Yanamina"
L103,NFSB-14,504615,8584903,-74.95747611679974,-12.800705125637917,32718,4193.0,4175.0,12.86076071002064,204.68189851105188,background,composite,Santa Barbara,2018-07-25,Ni,censoring gradient,,True,1.0,1.0,mg/kg,,,,1086.8238127681966,1873.542099873926,1086.8238127681966,2520.622302804394,False,Parcelas ubicadas en el sector Santa Bárbara
L104,NFSB-15,504615,8584947,-74.95747618346647,-12.800307240150358,32718,4198.0,4187.0,8.330974979669108,180.0,background,composite,Santa Barbara,2018-07-25,Ni,censoring gradient,,True,1.0,1.0,mg/kg,,,,1116.4201717991305,1875.8422108482366,1116.4201717991305,2493.824418396773,False,Parcelas ubicadas en el sector Santa Bárbara
L105,NFY-2,504640,8581217,-74.9572401368172,-12.834036998076769,32718,4469.0,4463.0,9.945792136831605,355.9333627118279,background,composite,Yanamina,2018-07-23,Ni,censoring gradient,,True,1.0,1.0,mg/kg,,,,90.80198235721508,92.77930803794561,90.80198235721508,5608.87313130233,False,"Parcelas ubicadas en el bofedal del paraje Cumallipata, sector Yanamina"
L106,NFY-9,504648,8581057,-74.95716616806308,-12.835483838627287,32718,4504.0,4487.0,11.566216840390009,336.10379557981184,background,composite,Yanamina,2018-07-23,Ni,censoring gradient,,True,1.0,1.0,mg/kg,,,,249.3290997858052,252.79240494919938,249.3290997858052,5761.296710545394,False,"Parcelas ubicadas en el bofedal del paraje Cumallipata, sector Yanamina"
L107,NFY-11,504654,8580970,-74.9571107415007,-12.83627055561912,32718,4511.0,4498.0,5.970756843728821,317.64236929035803,background,composite,Yanamina,2018-07-23,Ni,censoring gradient,,True,1.0,1.0,mg/kg,,,,336.38668225719044,339.99558820667073,336.38668225719044,5844.923767865665,False,"Parcelas ubicadas sobre el bofedal del paraje Cumallipata, sector Yanamina "
L108,NFY-6,504654,8581130,-74.95711098669967,-12.834823703153232,32718,4475.0,4472.0,7.695544473264056,25.43346154226255,background,composite,Yanamina,2018-07-23,Ni,censoring gradient,,True,1.0,1.0,mg/kg,,,,178.53851125177448,180.87841220001906,178.53851125177448,5695.128778411931,False,"Parcelas ubicadas en el bofedal del paraje Cumallipata, sector Yanamina"
L109,NFY-10,504669,8581014,-74.95697257564193,-12.835872648613327,32718,4508.0,4495.0,8.714221612521397,349.087778878908,background,composite,Yanamina,2018-07-23,Ni,censoring gradient,,True,1.0,1.0,mg/kg,,,,295.16944286290885,297.8355250805384,295.16944286290885,5808.933048815054,False,"Parcelas ubicadas en el bofedal del paraje Cumallipata, sector Yanamina"
L110,NFY-5,504669,8581173,-74.95697282008562,-12.834434838935003,32718,4475.0,4467.0,7.888072032125769,3.4303977979467106,background,composite,Yanamina,2018-07-23,Ni,censoring gradient,,True,1.0,1.0,mg/kg,,,,142.0774436706967,142.04576727238302,142.04576727238302,5660.362013949261,False,"Parcelas ubicadas en el bofedal del paraje Cumallipata, sector Yanamina"
L111,NFY-3,504684,8581217,-74.95683465543657,-12.834036931805107,32718,4469.0,4462.0,8.344127238097997,356.7597618771666,background,composite,Yanamina,2018-07-23,Ni,censoring gradient,,True,1.0,1.0,mg/kg,,,,111.66467659918243,107.70329614269008,107.70329614269008,5624.818347503725,False,"Parcelas ubicadas en el bofedal del paraje Cumallipata, sector Yanamina"
L112,NFY-4,504713,8581173,-74.95656733806906,-12.834434772248963,32718,4479.0,4468.0,10.85653604539585,317.9313479906366,background,composite,Yanamina,2018-07-23,Ni,censoring gradient,,True,1.0,1.0,mg/kg,,,,164.20109622045769,160.37767924496225,160.37767924496225,5676.387387091288,False,"Parcelas ubicadas en el bofedal del paraje Cumallipata, sector Yanamina"
L113,NFY-8,504727,8581042,-74.95643811716764,-12.835619361392187,32718,4501.0,4493.0,5.3064449791988855,344.46836155869835,background,composite,Yanamina,2018-07-23,Ni,censoring gradient,,True,1.0,1.0,mg/kg,,,,285.3296339324046,284.76305940202286,284.76305940202286,5803.468991179547,False,"Parcelas ubicadas en el bofedal del paraje Cumallipata, sector Yanamina"
L114,NFY-7,504771,8581057,-74.9560326568215,-12.835483651458516,32718,4502.0,4492.0,3.9855283100289345,339.08619168309934,background,composite,Yanamina,2018-07-23,Ni,censoring gradient,,True,1.0,1.0,mg/kg,,,,292.67387994148027,289.74644087546613,289.74644087546613,5805.597021738119,False,"Parcelas ubicadas en el bofedal del paraje Cumallipata, sector Yanamina"
L001,SB8F,502403,8583970,-74.97785735714213,-12.80914460637278,32718,4132.0,4125.0,8.638568760131415,7.840759113543399,potential_interest,simple,Santa Barbara,2018-07-22,Pb,truth field,648.0,False,,1.0,mg/kg,70.0,140.0,800.0,79.81227975693966,625.511790456423,79.81227975693966,2492.0493322216385,False,"Área de potencial interés ubicada a ambos márgenes de la quebrada Santa Bárbara, contigua al depósito de relaves santa bárbara, Sector Santa Bárbara"
L002,SB8A,502414,8583994,-74.97775601576964,-12.808927569479387,32718,4123.0,4119.0,8.79220311190414,285.24771223722166,potential_interest,simple,Santa Barbara,2018-07-22,Pb,truth field,673.0,False,,1.0,mg/kg,70.0,140.0,800.0,79.88116173416608,599.3229513375906,79.88116173416608,2467.1752018551233,False,"Área de potencial interés ubicada a ambos márgenes de la quebrada Santa Bárbara, contigua al depósito de relaves santa bárbara, Sector Santa Bárbara"
L003,SB8B,502417,8583991,-74.97772836966361,-12.80895469568704,32718,4122.0,4119.0,8.79220311190414,285.24771223722166,potential_interest,simple,Santa Barbara,2018-07-22,Pb,truth field,897.0,False,,1.0,mg/kg,70.0,140.0,800.0,75.71657678474378,600.2882640865137,75.71657678474378,2469.907789875542,False,"Área de potencial interés ubicada a ambos márgenes de la quebrada Santa Bárbara, contigua al depósito de relaves santa bárbara, Sector Santa Bárbara"
L004,SB8E,502425,8583964,-74.97765463154732,-12.809198846336493,32718,4136.0,4125.0,8.638568760131415,7.840759113543399,potential_interest,simple,Santa Barbara,2018-07-22,Pb,truth field,921.0,False,,1.0,mg/kg,70.0,140.0,800.0,57.0087712549569,619.4295763038765,57.0087712549569,2496.1529942625552,False,"Área de potencial interés ubicada a ambos márgenes de la quebrada Santa Bárbara, contigua al depósito de relaves santa bárbara, Sector Santa Bárbara"
L005,SB8D,502437,8583932,-74.977544030912,-12.80948820805831,32718,4137.0,4127.0,10.256813074807066,331.2458746678426,potential_interest,simple,Santa Barbara,2018-07-22,Pb,truth field,109.0,False,,1.0,mg/kg,70.0,140.0,800.0,46.238512086787566,641.8138359368704,46.238512086787566,2527.121699148091,False,"Área de potencial interés ubicada a ambos márgenes de la quebrada Santa Bárbara, contigua al depósito de relaves santa bárbara, Sector Santa Bárbara"
L006,SB8C,502452,8583966,-74.977405839379,-12.809180739412257,32718,4135.0,4124.0,8.683742038366594,282.3019392702787,potential_interest,simple,Santa Barbara,2018-07-22,Pb,truth field,123.0,False,,1.0,mg/kg,70.0,140.0,800.0,32.7566787083184,604.7280380468562,32.7566787083184,2492.123496910117,False,"Área de potencial interés ubicada a ambos márgenes de la quebrada Santa Bárbara, contigua al depósito de relaves santa bárbara, Sector Santa Bárbara"
L007,SB9A,502640,8584504,-74.97567396419547,-12.804315532106001,32718,4224.0,4213.0,17.57325661129504,264.10245426498057,potential_interest,simple,Santa Barbara,2018-07-22,Pb,truth field,1231.0,False,,1.0,mg/kg,70.0,140.0,800.0,83.2946576918352,92.02173656261873,83.2946576918352,1948.0531542153374,False,"Área de potencial interés contigua al depósito de desmonte DSB-7, Sector Santa Bárbara"
L008,SB9B,502663,8584492,-74.9754620223416,-12.804424026662744,32718,4230.0,4213.0,17.57325661129504,264.10245426498057,potential_interest,simple,Santa Barbara,2018-07-22,Pb,truth field,1069.0,False,,1.0,mg/kg,70.0,140.0,800.0,60.207972893961475,69.72087205421343,60.207972893961475,1960.3461574035143,False,"Área de potencial interés contigua al depósito de desmonte DSB-7, Sector Santa Bárbara"
L009,SB9C,502679,8584508,-74.9753146058455,-12.804279327272463,32718,4237.0,4224.0,15.095725004835451,259.5743484800445,potential_interest,simple,Santa Barbara,2018-07-22,Pb,truth field,1070.0,False,,1.0,mg/kg,70.0,140.0,800.0,45.35416188179427,53.33854141237835,45.35416188179427,1944.715074441955,False,"Área de potencial interés contigua al depósito de desmonte DSB-7, Sector Santa Bárbara"
L010,SB9D,502696,8584500,-74.97515795386748,-12.80435165535558,32718,4243.0,4222.0,15.120204537517571,265.6831567036818,potential_interest,simple,Santa Barbara,2018-07-22,Pb,truth field,1699.0,False,,1.0,mg/kg,70.0,140.0,800.0,27.16615541441225,36.05551275463989,27.16615541441225,1953.2431195067497,False,"Área de potencial interés contigua al depósito de desmonte DSB-7, Sector Santa Bárbara"
L011,HPA-07/S-3,502818,8585047,-74.9740343022048,-12.799405106563837,32718,4172.0,4168.0,15.11290557580748,52.95229861705745,unlabelled,simple,Unassigned,2018-09-09,Pb,truth field,870.0,False,,1.0,mg/kg,70.0,140.0,800.0,558.1442465886395,232.43278598338918,232.43278598338918,1417.9963601366787,False,Zona de pajonal de ichu
L012,HPA-07/S-2,502853,8585053,-74.97371180982714,-12.799350817464587,32718,4161.0,4156.0,9.304055068175138,322.6101135718888,unlabelled,simple,Unassigned,2018-09-09,Pb,truth field,6043.0,False,,1.0,mg/kg,70.0,140.0,800.0,570.9956216995013,251.3483638299641,251.3483638299641,1417.222393853772,False,Zona de pajonal de ichu
L013,SB3B,503265,8580774,-74.96991095469548,-12.838044727074738,32718,4430.0,4418.0,12.77194199717936,312.991945916185,potential_interest,simple,Yanamina,2018-07-19,Pb,truth field,308.0,False,,1.0,mg/kg,70.0,140.0,800.0,24.186773244895647,47.853944456021594,24.186773244895647,5713.793288806527,False,"Área de potencial interés ubicada conligua al botadero de desmonte DY-12; bofedal aportante de la quebrada Carnicería, sector Yanamina"
L014,SB3D,503276,8580817,-74.96980962912515,-12.837655873860735,32718,4426.0,4422.0,16.321447496129256,301.86101493010085,potential_interest,simple,Yanamina,2018-07-19,Pb,truth field,475.0,False,,1.0,mg/kg,70.0,140.0,800.0,42.05948168962618,71.55417527999327,42.05948168962618,5672.31364667532,False,"Área de potencial interés ubicada conligua al botadero de desmonte DY-12; bofedal aportante de la quebrada Carnicería, sector Yanamina"
L015,SB3C,503283,8580806,-74.96974510789836,-12.837755337546717,32718,4437.0,4422.0,16.321447496129256,301.86101493010085,potential_interest,simple,Yanamina,2018-07-19,Pb,truth field,645.0,False,,1.0,mg/kg,70.0,140.0,800.0,29.614185789921695,58.60034129593445,29.614185789921695,5684.045670980024,False,"Área de potencial interés ubicada conligua al botadero de desmonte DY-12; bofedal aportante de la quebrada Carnicería, sector Yanamina"
L016,SB3A,503300,8580804,-74.96958844013987,-12.837773405118815,32718,4436.0,4422.0,16.321447496129256,301.86101493010085,potential_interest,simple,Yanamina,2018-07-19,Pb,truth field,996.0,False,,1.0,mg/kg,70.0,140.0,800.0,29.154759474226502,51.62363799656123,29.154759474226502,5688.020136749736,False,"Área de potencial interés ubicada conligua al botadero de desmonte DY-12; bofedal aportante de la quebrada Carnicería, sector Yanamina"
L017,SB10F,503526,8583424,-74.967508748803,-12.81408092656888,32718,4369.0,4355.0,12.661059578500602,152.52930933571366,potential_interest,simple,Santa Barbara,2018-07-22,Pb,truth field,169.0,False,,1.0,mg/kg,70.0,140.0,800.0,63.198101237299845,1338.8502530156238,63.198101237299845,3158.783890003854,False,"Área de potencial interés contigua al depósito de desmonte DSB-12, Sector Santa Bárbara"
L018,SB10D,503536,8583371,-74.96741653959235,-12.814560185887926,32718,4358.0,4350.0,10.535857653263713,138.0396844200064,potential_interest,simple,Santa Barbara,2018-07-22,Pb,truth field,470.0,False,,1.0,mg/kg,70.0,140.0,800.0,116.1077086157504,1387.6516133381606,116.1077086157504,3212.4419466617146,False,"Área de potencial interés contigua al depósito de desmonte DSB-12, Sector Santa Bárbara"
L019,SB10B,503544,8583333,-74.96734277709704,-12.81490380479696,32718,4350.0,4337.0,12.942362440728141,125.74005009545424,potential_interest,simple,Santa Barbara,2018-07-22,Pb,truth field,151.0,False,,1.0,mg/kg,70.0,140.0,800.0,154.5477272560163,1423.342896142739,154.5477272560163,3251.153592473058,False,"Área de potencial interés contigua al depósito de desmonte DSB-12, Sector Santa Bárbara"
L020,SB10G,503549,8583443,-74.9672968314623,-12.813909086293327,32718,4374.0,4361.0,12.779117086609444,161.89944711556404,potential_interest,simple,Santa Barbara,2018-07-22,Pb,truth field,39.0,False,,1.0,mg/kg,70.0,140.0,800.0,47.53945729601885,1337.5238315633856,47.53945729601885,3147.239779848749,False,"Área de potencial interés contigua al depósito de desmonte DSB-12, Sector Santa Bárbara"
L021,SB10E,503551,8583396,-74.96727834709546,-12.814334097656188,32718,4362.0,4346.0,11.30225446026126,144.49874181965095,potential_interest,simple,Santa Barbara,2018-07-22,Pb,truth field,5700.0,False,,1.0,mg/kg,70.0,140.0,800.0,93.17188417113823,1376.2256355699817,93.17188417113823,3192.7837097900156,False,"Área de potencial interés contigua al depósito de desmonte DSB-12, Sector Santa Bárbara"
L022,SB10C,503557,8583354,-74.96722300936813,-12.81471389020064,32718,4354.0,4343.0,12.13762374614636,132.9126817052527,potential_interest,simple,Santa Barbara,2018-07-22,Pb,truth field,1979.0,False,,1.0,mg/kg,70.0,140.0,800.0,135.51752654177244,1413.6933896711832,135.51752654177244,3234.7281657518292,False,"Área de potencial interés contigua al depósito de desmonte DSB-12, Sector Santa Bárbara"
L023,SB10A,503564,8583312,-74.96715845667572,-12.815093681572602,32718,4362.0,4337.0,12.942362440728141,125.74005009545424,potential_interest,simple,Santa Barbara,2018-07-22,Pb,truth field,42.0,False,,1.0,mg/kg,70.0,140.0,800.0,178.08424972467387,1452.0068870360085,178.08424972467387,3276.970977430185,False,"Área de potencial interés contigua al depósito de desmonte DSB-12, Sector Santa Bárbara"
L024,SB2B,503607,8580667,-74.96675908107282,-12.839011929779709,32718,4479.0,4472.0,5.9678210402163545,314.45977622386044,potential_interest,simple,Yanamina,2018-07-18,Pb,truth field,1369.0,False,,1.0,mg/kg,70.0,140.0,800.0,103.76897416858277,311.12216250212714,103.76897416858277,5867.509805250134,False,"Área de potencial interés ubicada conligua al botadero de desmonte DY-09; sobre un bofedal aportante de la quebrada Carnicería, sector Yanamina"
L025,SB2A,503613,8580679,-74.9667038013446,-12.838903408860128,32718,4480.0,4472.0,5.9678210402163545,314.45977622386044,potential_interest,simple,Yanamina,2018-07-18,Pb,truth field,3825.0,False,,1.0,mg/kg,70.0,140.0,800.0,112.16059914247963,313.84868965793055,112.16059914247963,5856.686530097003,False,"Área de potencial interés ubicada conligua al botadero de desmonte DY-09; sobre un bofedal aportante de la quebrada Carnicería, sector Yanamina"
L026,SB11L,503620,8584781,-74.96664417505595,-12.801809673693832,32718,4207.0,4209.0,26.868575521372726,48.825330691832455,potential_interest,simple,Santa Barbara,2018-07-24,Pb,truth field,538.0,False,,1.0,mg/kg,70.0,140.0,800.0,327.1819065902025,878.2055568031894,327.1819065902025,1944.041283327869,False,"Área de potencial interés contigua a la desmontera 2, ubicada 1 km al norte de la ciudad de Huancavelica, Sector Santa Bárbara"
L027,SB2C,503624,8580669,-74.9666024171019,-12.838993824261376,32718,4482.0,4472.0,5.9678210402163545,314.45977622386044,potential_interest,simple,Yanamina,2018-07-18,Pb,truth field,1439.0,False,,1.0,mg/kg,70.0,140.0,800.0,98.97979591815695,326.9740050829729,98.97979591815695,5868.403628735295,False,"Área de potencial interés ubicada conligua al botadero de desmonte DY-09; sobre un bofedal aportante de la quebrada Carnicería, sector Yanamina"
L028,SB1D,503627,8580207,-74.96657421806661,-12.843171605946889,32718,4506.0,4500.0,6.16856175579453,274.3168432963182,potential_interest,simple,Yanamina,2018-07-18,Pb,truth field,6487.0,False,,1.0,mg/kg,70.0,140.0,800.0,112.8716084761797,96.60745312862771,96.60745312862771,6324.642048606057,False,"Área de potencial interés ubicada debajo del botadero de desmonte DY-06 y contigua a la orilla este de la laguna Suytococha, sector Yanamina"
L029,SB2D,503627,8580642,-74.96657473784319,-12.839237977060506,32718,4480.0,4473.0,5.382353299572041,325.11439823150306,potential_interest,simple,Yanamina,2018-07-18,Pb,truth field,3979.0,False,,1.0,mg/kg,70.0,140.0,800.0,72.61542535852834,337.76027001410336,72.61542535852834,5895.520882077542,False,"Área de potencial interés ubicada conligua al botadero de desmonte DY-09; sobre un bofedal aportante de la quebrada Carnicería, sector Yanamina"
L030,SB1F,503632,8580183,-74.96652811024639,-12.84338862784588,32718,4503.0,4498.0,7.052860372455268,197.54971472254823,potential_interest,simple,Yanamina,2018-07-18,Pb,truth field,2581.0,False,,1.0,mg/kg,70.0,140.0,800.0,113.54734695271397,73.06161783043132,73.06161783043132,6349.130909772994,False,"Área de potencial interés ubicada debajo del botadero de desmonte DY-06 y contigua a la orilla este de la laguna Suytococha, sector Yanamina"
L031,SB1A,503639,8580246,-74.96646367499258,-12.842818921724128,32718,4496.0,4502.0,10.136458650222988,283.15107561305496,potential_interest,simple,Yanamina,2018-07-18,Pb,truth field,2541.0,False,,1.0,mg/kg,70.0,140.0,800.0,103.07764064044152,129.52219886953742,103.07764064044152,6288.057207523232,False,"Área de potencial interés ubicada debajo del botadero de desmonte DY-06 y contigua a la orilla este de la laguna Suytococha, sector Yanamina"
L032,SB1C,503662,8580236,-74.96625169937042,-12.842909322817677,32718,4514.0,4502.0,10.136458650222988,283.15107561305496,potential_interest,simple,Yanamina,2018-07-18,Pb,truth field,1060.0,False,,1.0,mg/kg,70.0,140.0,800.0,78.44743462982075,116.21101496846157,78.44743462982075,6301.665445314035,False,"Área de potencial interés ubicada debajo del botadero de desmonte DY-06 y contigua a la orilla este de la laguna Suytococha, sector Yanamina"
L033,SB1E,503664,8580207,-74.96623323273958,-12.843171562337405,32718,4516.0,4508.0,15.40321129741568,276.78332750762286,potential_interest,simple,Yanamina,2018-07-18,Pb,truth field,5996.0,False,,1.0,mg/kg,70.0,140.0,800.0,76.2954782408499,87.14355971613737,76.2954782408499,6330.600503880987,False,"Área de potencial interés ubicada debajo del botadero de desmonte DY-06 y contigua a la orilla este de la laguna Suytococha, sector Yanamina"
L034,SB11K,503667,8584812,-74.96621113956833,-12.801529290096935,32718,4192.0,4182.0,14.249695546039948,24.082076037899554,potential_interest,simple,Santa Barbara,2018-07-24,Pb,truth field,524.0,False,,1.0,mg/kg,70.0,140.0,800.0,368.28521555989727,924.1217452262446,368.28521555989727,1942.2288044872726,False,"Área de potencial interés contigua a la desmontera 2, ubicada 1 km al norte de la ciudad de Huancavelica, Sector Santa Bárbara"
L035,SB1B,503671,8580249,-74.96616877280393,-12.842791755438935,32718,4517.0,4507.0,12.649121409787782,274.1575315643479,potential_interest,simple,Yanamina,2018-07-18,Pb,truth field,5033.0,False,,1.0,mg/kg,70.0,140.0,800.0,73.53910524340094,129.0155029444136,73.53910524340094,6290.330686409144,False,"Área de potencial interés ubicada debajo del botadero de desmonte DY-06 y contigua a la orilla este de la laguna Suytococha, sector Yanamina"
L036,SB12A,503683,8584548,-74.96606339140882,-12.803916583914456,32718,4255.0,4246.0,24.797694055825083,51.310650958407166,potential_interest,simple,Santa Barbara,2018-07-24,Pb,truth field,206.0,False,,1.0,mg/kg,70.0,140.0,800.0,150.20652449211386,952.111863175751,150.20652449211386,2177.4811088639044,False,"Área de potencial interés contigua a la desmontera 2, ubicada 2 km al norte de la ciudad de Huancavelica, Sector
Santa Bárbara"
L037,SB11C,503689,8585080,-74.96600874943906,-12.799105779413015,32718,4134.0,4112.0,17.117052060340956,46.62057155245583,potential_interest,simple,Santa Barbara,2018-07-24,Pb,truth field,678.0,False,,1.0,mg/kg,70.0,140.0,800.0,633.8532953294476,979.247159812067,633.8532953294476,1735.3095158531653,False,"Área de potencial interés contigua a la desmontera 2, ubicada 1 km al norte de la ciudad de Huancavelica, Sector Santa Bárbara"
L038,SB11A,503692,8585128,-74.9659811649621,-12.798671718854152,32718,4095.0,4098.0,18.409928811848058,50.54421600572451,potential_interest,simple,Santa Barbara,2018-07-24,Pb,truth field,607.0,False,,1.0,mg/kg,70.0,140.0,800.0,681.5137562808252,995.5912816010393,681.5137562808252,1699.492417277152,False,"Área de potencial interés contigua a la desmontera 2, ubicada 1 km al norte de la ciudad de Huancavelica, Sector Santa Bárbara"
L039,SB12B,503702,8584560,-74.96588833255689,-12.803808047096277,32718,4250.0,4237.0,23.392372677409153,37.82610309895478,potential_interest,simple,Santa Barbara,2018-07-24,Pb,truth field,242.0,False,,1.0,mg/kg,70.0,140.0,800.0,172.62966141425406,971.7324734719942,172.62966141425406,2176.322510571999,False,"Área de potencial interés contigua a la desmontera 2, ubicada 2 km al norte de la ciudad de Huancavelica, Sector
Santa Bárbara"
L040,SB11E,503706,8585019,-74.96585203353816,-12.799657373235098,32718,4139.0,4121.0,12.46523192546263,6.459881822193694,potential_interest,simple,Santa Barbara,2018-07-24,Pb,truth field,496.0,False,,1.0,mg/kg,70.0,140.0,800.0,578.2179519869649,981.9536648946324,578.2179519869649,1794.1066740399153,False,"Área de potencial interés contigua a la desmontera 2, ubicada 1 km al norte de la ciudad de Huancavelica, Sector Santa Bárbara"
L041,SB7B,503707,8579765,-74.96583641252553,-12.847168438526705,32718,4498.0,4489.0,2.0916262055509325,206.99969365163813,potential_interest,simple,Yanamina,2018-07-24,Pb,truth field,6440.0,False,,1.0,mg/kg,70.0,140.0,800.0,73.76313442364011,357.02801010564986,73.76313442364011,6773.737967249047,False,"Área de potencial interés contigua a los botaderos de desmonte DY -03, DY -04 y DY-05,al sur de la laguna Suytococha (bofedal), sector Yanamina"
L042,SB11J,503707,8584847,-74.96584260997032,-12.801212742744497,32718,4175.0,4164.0,17.1577641957557,28.02784544168128,potential_interest,simple,Santa Barbara,2018-07-24,Pb,truth field,358.0,False,,1.0,mg/kg,70.0,140.0,800.0,414.2088845015278,964.2074465590898,414.2088845015278,1934.8170334203396,False,"Área de potencial interés contigua a la desmontera 2, ubicada 1 km al norte de la ciudad de Huancavelica, Sector Santa Bárbara"
L043,SB11G,503707,8584957,-74.96584274384789,-12.800218028943576,32718,4147.0,4135.0,16.25194266473548,15.674359220306002,potential_interest,simple,Santa Barbara,2018-07-24,Pb,truth field,309.0,False,,1.0,mg/kg,70.0,140.0,800.0,518.6800555255619,972.7260662694302,518.6800555255619,1844.5908879223525,False,"Área de potencial interés contigua a la desmontera 2, ubicada 1 km al norte de la ciudad de Huancavelica, Sector Santa Bárbara"
L044,SB7E,503708,8579859,-74.9658273114419,-12.846318412139535,32718,4503.0,4496.0,5.473641095238119,192.49100040431256,potential_interest,simple,Yanamina,2018-07-24,Pb,truth field,3968.0,False,,1.0,mg/kg,70.0,140.0,800.0,29.832867780352597,263.89770745499095,29.832867780352597,6681.120178285547,False,"Área de potencial interés contigua a los botaderos de desmonte DY -03, DY -04 y DY-05,al sur de la laguna Suytococha (bofedal), sector Yanamina"
L045,SB7G,503710,8579962,-74.96580900551274,-12.845386999099265,32718,4512.0,4503.0,5.020682445903572,202.17654469915223,potential_interest,simple,Yanamina,2018-07-24,Pb,truth field,4842.0,False,,1.0,mg/kg,70.0,140.0,800.0,127.1416532848303,163.23296235748464,127.1416532848303,6579.8287592428105,False,"Área de potencial interés contigua a los botaderos de desmonte DY -03, DY -04 y DY-05,al sur de la laguna Suytococha (bofedal), sector Yanamina"
L046,SB11B,503712,8585108,-74.96579685656818,-12.798852552083163,32718,4105.0,4101.0,13.345713346640432,6.017761412004106,potential_interest,simple,Santa Barbara,2018-07-24,Pb,truth field,598.0,False,,1.0,mg/kg,70.0,140.0,800.0,666.1088499637277,1008.9212060413836,666.1088499637277,1727.615283748859,False,"Área de potencial interés contigua a la desmontera 2, ubicada 1 km al norte de la ciudad de Huancavelica, Sector Santa Bárbara"
L047,SB12C,503715,8584594,-74.96576858699709,-12.803500574634262,32718,4241.0,4228.0,20.146939429244547,55.566303354374305,potential_interest,simple,Santa Barbara,2018-07-24,Pb,truth field,325.0,False,,1.0,mg/kg,70.0,140.0,800.0,204.04411287758342,987.2958016724268,204.04411287758342,2153.372036588449,False,"Área de potencial interés contigua a la desmontera 2, ubicada 2 km al norte de la ciudad de Huancavelica, Sector
Santa Bárbara"
L048,SB7C,503716,8579799,-74.9657535104818,-12.846860971810948,32718,4499.0,4491.0,4.412313855758794,212.49299499089238,potential_interest,simple,Yanamina,2018-07-24,Pb,truth field,5938.0,False,,1.0,mg/kg,70.0,140.0,800.0,38.600518131237564,324.4225639501667,38.600518131237564,6741.624102519699,False,"Área de potencial interés contigua a los botaderos de desmonte DY -03, DY -04 y DY-05,al sur de la laguna Suytococha (bofedal), sector Yanamina"
L049,SB11D,503716,8585058,-74.96575993874448,-12.799304689989606,32718,4114.0,4107.0,13.715516323265057,0.0,potential_interest,simple,Santa Barbara,2018-07-24,Pb,truth field,525.0,False,,1.0,mg/kg,70.0,140.0,800.0,618.4795873753636,1000.0449989875456,618.4795873753636,1769.2527169163575,False,"Área de potencial interés contigua a la desmontera 2, ubicada 1 km al norte de la ciudad de Huancavelica, Sector Santa Bárbara"
L050,SB7J,503717,8580067,-74.9657446228273,-12.84443749434135,32718,4517.0,4507.0,13.788246537724806,265.24607548179307,potential_interest,simple,Yanamina,2018-07-24,Pb,truth field,17824.0,False,,1.0,mg/kg,70.0,140.0,800.0,83.54639429682169,71.50524456289902,71.50524456289902,6477.460003629833,False,"Área de potencial interés contigua a los botaderos de desmonte DY -03, DY -04 y DY-05,al sur de la laguna Suytococha (bofedal), sector Yanamina"
L051,SB7I,503718,8580034,-74.9657353665294,-12.844735906285893,32718,4516.0,4508.0,10.129434896637791,273.9165899912398,potential_interest,simple,Yanamina,2018-07-24,Pb,truth field,3412.0,False,,1.0,mg/kg,70.0,140.0,800.0,105.43718509140881,98.97979591815695,98.97979591815695,6510.158946840717,False,"Área de potencial interés contigua a los botaderos de desmonte DY -03, DY -04 y DY-05,al sur de la laguna Suytococha (bofedal), sector Yanamina"
L052,SB7F,503721,8579923,-74.96570758278322,-12.845739655939022,32718,4511.0,4501.0,2.7945109775890815,180.0,potential_interest,simple,Yanamina,2018-07-24,Pb,truth field,4428.0,False,,1.0,mg/kg,70.0,140.0,800.0,87.20665112249179,203.74739262135355,87.20665112249179,6620.1092068302205,False,"Área de potencial interés contigua a los botaderos de desmonte DY -03, DY -04 y DY-05,al sur de la laguna Suytococha (bofedal), sector Yanamina"
L053,SB7D,503722,8579819,-74.96569823929283,-12.846680108172036,32718,4500.0,4494.0,5.216924580962116,206.99969365163813,potential_interest,simple,Yanamina,2018-07-24,Pb,truth field,6571.0,False,,1.0,mg/kg,70.0,140.0,800.0,17.72004514666935,305.6304958606062,17.72004514666935,6722.862874870681,False,"Área de potencial interés contigua a los botaderos de desmonte DY -03, DY -04 y DY-05,al sur de la laguna Suytococha (bofedal), sector Yanamina"
L054,SB7A,503723,8579759,-74.96568894971874,-12.847222676227805,32718,4498.0,4491.0,4.983457093280994,221.72203945890237,potential_interest,simple,Yanamina,2018-07-24,Pb,truth field,4783.0,False,,1.0,mg/kg,70.0,140.0,800.0,77.10382610480494,365.0164379860173,77.10382610480494,6782.229574016775,False,"Área de potencial interés contigua a los botaderos de desmonte DY -03, DY -04 y DY-05,al sur de la laguna Suytococha (bofedal), sector Yanamina"
L055,SB11F,503723,8584988,-74.96569535362083,-12.799937681344371,32718,4143.0,4129.0,13.655856023646944,13.81896465066032,potential_interest,simple,Santa Barbara,2018-07-24,Pb,truth field,524.0,False,,1.0,mg/kg,70.0,140.0,800.0,552.9575028878802,993.1369492673203,552.9575028878802,1829.1030631388346,False,"Área de potencial interés contigua a la desmontera 2, ubicada 1 km al norte de la ciudad de Huancavelica, Sector Santa Bárbara"
L056,SB11I,503725,8584898,-74.96567681506198,-12.800751535712367,32718,4164.0,4153.0,11.666042520516278,15.128631184780602,potential_interest,simple,Santa Barbara,2018-07-24,Pb,truth field,696.0,False,,1.0,mg/kg,70.0,140.0,800.0,468.2841018014598,984.5633549955026,468.2841018014598,1903.0578425302072,False,"Área de potencial interés contigua a la desmontera 2, ubicada 1 km al norte de la ciudad de Huancavelica, Sector Santa Bárbara"
L057,SB4B,503732,8581657,-74.96560833906184,-12.830059380308956,32718,4369.0,4354.0,18.480100347715993,332.683717802282,potential_interest,simple,Yanamina,2018-07-19,Pb,truth field,383.0,False,,1.0,mg/kg,70.0,140.0,800.0,93.2148056909416,961.2075738361616,93.2148056909416,4920.7933922409,False,"Área de potencial interés ubicada contigua al botadero de desmonte DY-18; bofedal aportante de la quebrada Carnicería, sector Yanamina"
L058,SB4A,503733,8581685,-74.96559915812166,-12.82980617978854,32718,4358.0,4345.0,14.649879899648225,336.64552947215435,potential_interest,simple,Yanamina,2018-07-19,Pb,truth field,389.0,False,,1.0,mg/kg,70.0,140.0,800.0,120.81390648431164,970.7734030143183,120.81390648431164,4893.7391882147895,False,"Área de potencial interés ubicada contigua al botadero de desmonte DY-18; bofedal aportante de la quebrada Carnicería, sector Yanamina"
L059,SB7L,503738,8580090,-74.96555111797848,-12.844229484106759,32718,4524.0,4516.0,15.378403595224352,231.59954439154282,potential_interest,simple,Yanamina,2018-07-24,Pb,truth field,58000.0,False,,1.0,mg/kg,70.0,140.0,800.0,52.630789467763066,75.23961722390672,52.630789467763066,6458.370431610005,False,"Área de potencial interés contigua a los botaderos de desmonte DY -03, DY -04 y DY-05,al sur de la laguna Suytococha (bofedal), sector Yanamina"
L060,SB4D,503740,8581614,-74.9655345633934,-12.83044821245132,32718,4367.0,4370.0,16.218115443452895,319.0397673029467,potential_interest,simple,Yanamina,2018-07-19,Pb,truth field,229.0,False,,1.0,mg/kg,70.0,140.0,800.0,49.49747468305833,938.9190593443079,49.49747468305833,4964.491826395352,False,"Área de potencial interés ubicada contigua al botadero de desmonte DY-18; bofedal aportante de la quebrada Carnicería, sector Yanamina"
L061,SB7H,503742,8579997,-74.96551413986461,-12.845070461767586,32718,4514.0,4510.0,7.653537367571345,218.0920082762951,potential_interest,simple,Yanamina,2018-07-24,Pb,truth field,5233.0,False,,1.0,mg/kg,70.0,140.0,800.0,115.96551211459379,143.0314650697531,115.96551211459379,6550.682314870827,False,"Área de potencial interés contigua a los botaderos de desmonte DY -03, DY -04 y DY-05,al sur de la laguna Suytococha (bofedal), sector Yanamina"
L062,SB11H,503742,8584949,-74.9655202350142,-12.800290329767154,32718,4152.0,4138.0,14.321246389470344,340.06387464580735,potential_interest,simple,Santa Barbara,2018-07-24,Pb,truth field,482.0,False,,1.0,mg/kg,70.0,140.0,800.0,522.0153254455275,1006.4218797303644,522.0153254455275,1871.7263046220519,False,"Área de potencial interés contigua a la desmontera 2, ubicada 1 km al norte de la ciudad de Huancavelica, Sector Santa Bárbara"
L063,SB4C,503743,8581638,-74.96550694689212,-12.830231180848704,32718,4364.0,4365.0,17.633522557672713,324.9853664243836,potential_interest,simple,Yanamina,2018-07-19,Pb,truth field,355.0,False,,1.0,mg/kg,70.0,140.0,800.0,73.10950690573696,944.174771956972,73.10950690573696,4941.783156142935,False,"Área de potencial interés ubicada contigua al botadero de desmonte DY-18; bofedal aportante de la quebrada Carnicería, sector Yanamina"
L064,SB12D,503743,8584613,-74.9655106078096,-12.803328726818043,32718,4231.0,4217.0,12.13762374614636,47.087318294747284,potential_interest,simple,Santa Barbara,2018-07-24,Pb,truth field,323.0,False,,1.0,mg/kg,70.0,140.0,800.0,237.64890069175578,1017.0752184573174,237.64890069175578,2151.396675440131,False,"Área de potencial interés contigua a la desmontera 2, ubicada 2 km al norte de la ciudad de Huancavelica, Sector
Santa Bárbara"
L065,SB7K,503744,8580069,-74.96549579692086,-12.844419376127476,32718,4523.0,4514.0,11.54387024255555,248.99350579489123,potential_interest,simple,Yanamina,2018-07-24,Pb,truth field,9716.0,False,,1.0,mg/kg,70.0,140.0,800.0,64.35060217278468,90.69729874698585,64.35060217278468,6480.090111388096,False,"Área de potencial interés contigua a los botaderos de desmonte DY -03, DY -04 y DY-05,al sur de la laguna Suytococha (bofedal), sector Yanamina"
L066,SB13B,503801,8584252,-74.96497572367258,-12.806593125069208,32718,4309.0,4310.0,12.020263587511481,76.74741437946496,potential_interest,simple,Santa Barbara,2018-07-24,Pb,truth field,229.0,False,,1.0,mg/kg,70.0,140.0,800.0,68.00735254367721,1097.843795810679,68.00735254367721,2493.886285263195,False,"Área de potencial interés contigua a la desmontera 2, ubicada 2 km al norte de la ciudad de Huancavelica, Sector Santa Bárbara"
L067,SB13C,503817,8584221,-74.96482825298429,-12.806873433727189,32718,4310.0,4307.0,8.79920101731439,3.0700345369666593,potential_interest,simple,Santa Barbara,2018-07-24,Pb,truth field,142.0,False,,1.0,mg/kg,70.0,140.0,800.0,40.718546143004666,1120.7970378262069,40.718546143004666,2528.768488764701,False,"Área de potencial interés contigua a la desmontera 2, ubicada 2 km al norte de la ciudad de Huancavelica, Sector Santa Bárbara"
L068,SB13A,503822,8584263,-74.96478223321901,-12.806493627931895,32718,4308.0,4300.0,12.662204961454663,33.607600059779855,potential_interest,simple,Santa Barbara,2018-07-24,Pb,truth field,249.0,False,,1.0,mg/kg,70.0,140.0,800.0,82.00609733428362,1115.894708294649,82.00609733428362,2494.185135631263,False,"Área de potencial interés contigua a la desmontera 2, ubicada 2 km al norte de la ciudad de Huancavelica, Sector Santa Bárbara"
L069,SB13D,503835,8584217,-74.96466238696497,-12.806909582919877,32718,4312.0,4307.0,8.79920101731439,3.0700345369666593,potential_interest,simple,Santa Barbara,2018-07-24,Pb,truth field,248.0,False,,1.0,mg/kg,70.0,140.0,800.0,48.104053883222775,1139.2251752836223,48.104053883222775,2540.8101018130437,False,"Área de potencial interés contigua a la desmontera 2, ubicada 2 km al norte de la ciudad de Huancavelica, Sector Santa Bárbara"
L070,SB13E,503845,8584200,-74.96457022049113,-12.807063298962268,32718,4315.0,4310.0,9.913411855491505,320.1800757627085,potential_interest,simple,Santa Barbara,2018-07-24,Pb,truth field,128.0,False,,1.0,mg/kg,70.0,140.0,800.0,47.75981574503821,1153.2445534230803,47.75981574503821,2560.5204762448916,False,"Área de potencial interés contigua a la desmontera 2, ubicada 2 km al norte de la ciudad de Huancavelica, Sector Santa Bárbara"
L071,HPA-03/S-1,504122,8581408,-74.96201401788463,-12.832310550701548,32718,4416.0,4409.0,14.348578626496392,345.9323236961409,unlabelled,simple,Unassigned,2018-09-08,Pb,truth field,182.0,False,,1.0,mg/kg,70.0,140.0,800.0,406.5390510147826,515.5938323913505,406.5390510147826,5261.036837174088,False,"Zona de pajonal de ichu, rodeado al este y noreste por bofedales"
L072,HPA-03/S-2 | HPA-07/S-1,504131,8581424,-74.96193110083027,-12.832165853413107,32718,4414.0,4409.0,14.348578626496392,345.9323236961409,unlabelled,simple,Unassigned,2018-09-08,Pb,truth field,579.460956406901,False,,1.0,mg/kg,70.0,140.0,800.0,409.0684539291682,510.13135563303695,409.0684539291682,5248.271746336201,True,Zona final de ladera con presencia de pastizal ralo
L073,SB5A,504310,8580835,-74.96028070509071,-12.837491835521167,32718,4508.0,4501.0,9.965424572589395,22.176544699152217,potential_interest,simple,Yanamina,2018-07-20,Pb,truth field,3755.0,False,,1.0,mg/kg,70.0,140.0,800.0,64.32728814430156,570.7889277132134,64.32728814430156,5863.865568110628,False,"Área de potencial interés ubicada contigua a los botaderos de desmonte DY-13 y DY-14, sector Yanamina"
L074,SB5C,504322,8580786,-74.96017004799732,-12.837934917295788,32718,4517.0,4513.0,13.354411255048433,26.999693651638133,potential_interest,simple,Yanamina,2018-07-20,Pb,truth field,3629.0,False,,1.0,mg/kg,70.0,140.0,800.0,28.653097563788805,605.9414163101908,28.653097563788805,5914.248467063949,False,"Área de potencial interés ubicada contigua a los botaderos de desmonte DY-13 y DY-14, sector Yanamina"
L075,SB5B,504343,8580820,-74.95997656843673,-12.837627431784398,32718,4508.0,4501.0,8.068828436907648,341.23844718718937,potential_interest,simple,Yanamina,2018-07-20,Pb,truth field,2956.0,False,,1.0,mg/kg,70.0,140.0,800.0,66.48308055437865,565.9911660087992,66.48308055437865,5887.771592252687,False,"Área de potencial interés ubicada contigua a los botaderos de desmonte DY-13 y DY-14, sector Yanamina"
L076,SB5E,504344,8580765,-74.9599672741314,-12.838124785845938,32718,4525.0,4510.0,10.802890386669025,16.403827229696162,potential_interest,simple,Yanamina,2018-07-20,Pb,truth field,2930.0,False,,1.0,mg/kg,70.0,140.0,800.0,14.866068747318506,613.6709215858284,14.866068747318506,5940.693058797538,False,"Área de potencial interés ubicada contigua a los botaderos de desmonte DY-13 y DY-14, sector Yanamina"
L077,NFSB-4,504351,8584773,-74.95990849948657,-12.801881077699838,32718,4199.0,4193.0,22.11918229980773,118.71007139767552,background,composite,Santa Barbara,2018-07-25,Pb,truth field,73.0,False,,1.0,mg/kg,70.0,140.0,800.0,806.5494405180627,1608.9064609230707,806.5494405180627,2406.8545079354994,False,Parcelas ubicadas en el sector Santa Bárbara
L078,SB5D,504361,8580785,-74.9598106370607,-12.837943905402684,32718,4515.0,4510.0,8.361133594433927,340.21835740229136,potential_interest,simple,Yanamina,2018-07-20,Pb,truth field,2073.0,False,,1.0,mg/kg,70.0,140.0,800.0,31.78049716414141,588.102882155835,31.78049716414141,5926.50298433465,False,"Área de potencial interés ubicada contigua a los botaderos de desmonte DY-13 y DY-14, sector Yanamina"
L079,NFSB-3,504395,8584773,-74.95950306953617,-12.801881015697255,32718,4189.0,4174.0,17.131390730601275,138.78116585511867,background,composite,Santa Barbara,2018-07-25,Pb,truth field,86.0,False,,1.0,mg/kg,70.0,140.0,800.0,837.2251787900314,1652.8823309600716,837.2251787900314,2438.573407084306,False,Parcelas ubicadas en el sector Santa Bárbara
L080,NFSB-5,504395,8584817,-74.95950313303119,-12.801483130234883,32718,4196.0,4189.0,14.64826267601103,137.00626003428306,background,composite,Santa Barbara,2018-07-25,Pb,truth field,72.0,False,,1.0,mg/kg,70.0,140.0,800.0,868.7427697540855,1652.0302660665755,868.7427697540855,2408.4899207046387,False,Parcelas ubicadas en el sector Santa Bárbara
L081,NFY-15,504405,8581013,-74.95940548015933,-12.835882078466964,32718,4493.0,4475.0,6.649457856745024,12.318042996826037,background,composite,Yanamina,2018-07-23,Pb,truth field,689.0,False,,1.0,mg/kg,70.0,140.0,800.0,263.97348351681086,370.600863463646,263.97348351681086,5722.397953848453,False,"Parcelas ubicadas sobre el bofedal del paraje Cumallipata, sector Yanamina "
L082,NFSB-2,504439,8584773,-74.95909763958792,-12.80188095307082,32718,4182.0,4168.0,15.144643258137434,150.65410618155724,background,composite,Santa Barbara,2018-07-25,Pb,truth field,80.0,False,,1.0,mg/kg,70.0,140.0,800.0,869.0466040437648,1696.8594520466331,869.0466040437648,2470.6687153700077,False,Parcelas ubicadas en el sector Santa Bárbara
L083,NFSB-11,504439,8584860,-74.95909776638969,-12.801094224989876,32718,4202.0,4190.0,16.19218688113056,134.45977622386044,background,composite,Santa Barbara,2018-07-25,Pb,truth field,29.0,False,,1.0,mg/kg,70.0,140.0,800.0,930.2134163728235,1696.3210191470246,930.2134163728235,2412.390056916873,False,Parcelas ubicadas en el sector Santa Bárbara
L084,NFSB-6,504440,8584816,-74.95908848795824,-12.801492109031432,32718,4189.0,4184.0,14.031007517668728,133.12837677809904,background,composite,Santa Barbara,2018-07-25,Pb,truth field,49.0,False,,1.0,mg/kg,70.0,140.0,800.0,899.4576143432218,1697.0356507746087,899.4576143432218,2442.3931587928605,False,Parcelas ubicadas en el sector Santa Bárbara
L085,NFY-14,504449,8581028,-74.9590000177867,-12.835746373107328,32718,4492.0,4478.0,6.666088825278639,334.8112269478744,background,composite,Yanamina,2018-07-23,Pb,truth field,138.0,False,,1.0,mg/kg,70.0,140.0,800.0,290.0017241328058,333.16962646675944,290.0017241328058,5722.004612846876,False,"Parcelas ubicadas sobre el bofedal del paraje Cumallipata, sector Yanamina "
L086,SB6B,504483,8581394,-74.95868722935931,-12.83243664859473,32718,4453.0,4435.0,1.2099628131529876,281.10394170963525,potential_interest,simple,Yanamina,2018-07-23,Pb,truth field,439.0,False,,1.0,mg/kg,70.0,140.0,800.0,158.93709447451215,168.0773631397161,158.93709447451215,5387.950057546948,False,"Área de potencial interés ubicada en· el bofedal del paraje Cumallipata, contigua al botadero de desmonte DY-15 y  bocamina BY-06; sector Yanamina."
L087,NFSB-1,504483,8584772,-74.95869220816984,-12.801889932671722,32718,4173.0,4163.0,14.51299025948978,144.79751140277082,background,composite,Santa Barbara,2018-07-25,Pb,truth field,150.0,False,,1.0,mg/kg,70.0,140.0,800.0,901.2397017442141,1740.8690358553683,901.2397017442141,2503.7968274775344,False,Parcelas ubicadas en el sector Santa Bárbara
L088,NFSB-7,504483,8584816,-74.95869227293623,-12.801492047213662,32718,4183.0,4173.0,12.44569453021487,122.309468312076,background,composite,Santa Barbara,2018-07-25,Pb,truth field,48.0,False,,1.0,mg/kg,70.0,140.0,800.0,930.5444642788436,1740.034769767547,930.5444642788436,2474.488631956842,False,Parcelas ubicadas en el sector Santa Bárbara
L089,NFSB-10,504483,8584860,-74.95869233770047,-12.8010941617436,32718,4194.0,4177.0,14.414338425746744,129.27510483422822,background,composite,Santa Barbara,2018-07-25,Pb,truth field,52.0,False,,1.0,mg/kg,70.0,140.0,800.0,960.9708632419612,1740.3129028999354,960.9708632419612,2445.6208671993127,False,Parcelas ubicadas en el sector Santa Bárbara
L090,SB6A,504491,8581435,-74.95861356655124,-12.83206588095476,32718,4455.0,4435.0,3.135699354991769,26.999693651638133,potential_interest,simple,Yanamina,2018-07-23,Pb,truth field,202.0,False,,1.0,mg/kg,70.0,140.0,800.0,179.6941846582688,186.1316738225926,179.6941846582688,5352.261039212821,False,"Área de potencial interés ubicada en· el bofedal del paraje Cumallipata, contigua al botadero de desmonte DY-15 y  bocamina BY-06; sector Yanamina."
L091,NFY-13,504493,8581028,-74.95859453365824,-12.83574630954204,32718,4493.0,4480.0,5.632457622719263,335.1464829457472,background,composite,Yanamina,2018-07-23,Pb,truth field,162.0,False,,1.0,mg/kg,70.0,140.0,800.0,301.3585903869342,311.746692043396,301.3585903869342,5736.1705369357915,False,"Parcelas ubicadas sobre el bofedal del paraje Cumallipata, sector Yanamina "
L092,SB6D,504521,8581360,-74.95833699249846,-12.832744049554446,32718,4455.0,4438.0,6.423394273023185,263.777316353365,potential_interest,simple,Yanamina,2018-07-23,Pb,truth field,26.0,False,,1.0,mg/kg,70.0,140.0,800.0,108.55873986004075,118.53269591129698,108.55873986004075,5433.014259752845,False,"Área de potencial interés ubicada en· el bofedal del paraje Cumallipata, contigua al botadero de desmonte DY-15 y  bocamina BY-06; sector Yanamina."
L093,NFSB-8,504527,8584816,-74.95828684361355,-12.801491983341519,32718,4176.0,4167.0,11.439261942747423,122.87191669350793,background,composite,Santa Barbara,2018-07-25,Pb,truth field,47.0,False,,1.0,mg/kg,70.0,140.0,800.0,963.303171384793,1784.0339122337332,963.303171384793,2507.6685644344966,False,Parcelas ubicadas en el sector Santa Bárbara
L094,NFSB-9,504527,8584860,-74.95828690901342,-12.801094097873515,32718,4184.0,4170.0,13.105692790968945,131.60057028821885,background,composite,Santa Barbara,2018-07-25,Pb,truth field,72.0,False,,1.0,mg/kg,70.0,140.0,800.0,992.7260447877853,1784.3051869004921,992.7260447877853,2479.187178381262,False,Parcelas ubicadas en el sector Santa Bárbara
L095,NFSB-12,504527,8584903,-74.95828697292481,-12.800705255245468,32718,4196.0,4177.0,14.678005669066339,139.54696774696325,background,composite,Santa Barbara,2018-07-25,Pb,truth field,56.0,False,,1.0,mg/kg,70.0,140.0,800.0,1022.4920537588544,1785.6181002666835,1022.4920537588544,2451.796385235992,False,Parcelas ubicadas en el sector Santa Bárbara
L096,SB6C,504528,8581408,-74.95827255597534,-12.8323099834774,32718,4455.0,4437.0,6.221861426415022,299.0152973301201,potential_interest,simple,Yanamina,2018-07-23,Pb,truth field,72.0,False,,1.0,mg/kg,70.0,140.0,800.0,134.9518432626987,140.71602609511115,134.9518432626987,5390.518275125792,False,"Área de potencial interés ubicada en· el bofedal del paraje Cumallipata, contigua al botadero de desmonte DY-15 y  bocamina BY-06; sector Yanamina."
L097,NFY-12,504537,8581014,-74.95818902861596,-12.83587284494121,32718,4498.0,4481.0,3.9865520492539863,314.45977622386044,background,composite,Yanamina,2018-07-23,Pb,truth field,135.0,False,,1.0,mg/kg,70.0,140.0,800.0,300.048329440442,308.71669860893496,300.048329440442,5763.844918759333,False,"Parcelas ubicadas sobre el bofedal del paraje Cumallipata, sector Yanamina "
L098,SB6E,504555,8581362,-74.95802367057195,-12.832725914051892,32718,4458.0,4443.0,11.66117966968472,259.78258960172616,potential_interest,simple,Yanamina,2018-07-23,Pb,truth field,40.0,False,,1.0,mg/kg,70.0,140.0,800.0,82.73451516749222,90.21086409075129,82.73451516749222,5443.093021655085,False,"Área de potencial interés ubicada en· el bofedal del paraje Cumallipata, contigua al botadero de desmonte DY-15 y  bocamina BY-06; sector Yanamina."
L099,SB6F,504557,8581322,-74.9580051796866,-12.833087624301559,32718,4459.0,4440.0,10.833612260099889,274.87734924529724,potential_interest,simple,Yanamina,2018-07-23,Pb,truth field,17.0,False,,1.0,mg/kg,70.0,140.0,800.0,59.77457653551382,72.18032973047436,59.77457653551382,5481.220679589928,False,"Área de potencial interés ubicada en· el bofedal del paraje Cumallipata, contigua al botadero de desmonte DY-15 y  bocamina BY-06; sector Yanamina."
L100,NFSB-13,504571,8584904,-74.95788154636189,-12.800696147901688,32718,4191.0,4172.0,12.600274015102363,190.68664906536983,background,composite,Santa Barbara,2018-07-25,Pb,truth field,68.0,False,,1.0,mg/kg,70.0,140.0,800.0,1054.9127926042038,1829.6209990049852,1054.9127926042038,2485.435201572643,False,Parcelas ubicadas en el sector Santa Bárbara
L101,SB6G,504590,8581317,-74.95770106223297,-12.83313278969335,32718,4464.0,4450.0,14.650786678732015,267.3245466300252,potential_interest,simple,Yanamina,2018-07-23,Pb,truth field,69.0,False,,1.0,mg/kg,70.0,140.0,800.0,27.294688127912362,38.8329756778952,27.294688127912362,5497.600106586241,False,"Área de potencial interés ubicada en· el bofedal del paraje Cumallipata, contigua al botadero de desmonte DY-15 y  bocamina BY-06; sector Yanamina."
L102,NFY-1,504596,8581217,-74.95764561820009,-12.83403706372296,32718,4459.0,4460.0,12.084739295765347,351.0899804078108,background,composite,Yanamina,2018-07-23,Pb,truth field,66.0,False,,1.0,mg/kg,70.0,140.0,800.0,88.84255736976509,97.40636529508737,88.84255736976509,5593.228599268573,False,"Parcelas ubicadas en el bofedal del paraje Cumallipata, sector Yanamina"
L103,NFSB-14,504615,8584903,-74.95747611679974,-12.800705125637917,32718,4193.0,4175.0,12.86076071002064,204.68189851105188,background,composite,Santa Barbara,2018-07-25,Pb,truth field,83.0,False,,1.0,mg/kg,70.0,140.0,800.0,1086.8238127681966,1873.542099873926,1086.8238127681966,2520.622302804394,False,Parcelas ubicadas en el sector Santa Bárbara
L104,NFSB-15,504615,8584947,-74.95747618346647,-12.800307240150358,32718,4198.0,4187.0,8.330974979669108,180.0,background,composite,Santa Barbara,2018-07-25,Pb,truth field,61.0,False,,1.0,mg/kg,70.0,140.0,800.0,1116.4201717991305,1875.8422108482366,1116.4201717991305,2493.824418396773,False,Parcelas ubicadas en el sector Santa Bárbara
L105,NFY-2,504640,8581217,-74.9572401368172,-12.834036998076769,32718,4469.0,4463.0,9.945792136831605,355.9333627118279,background,composite,Yanamina,2018-07-23,Pb,truth field,26.0,False,,1.0,mg/kg,70.0,140.0,800.0,90.80198235721508,92.77930803794561,90.80198235721508,5608.87313130233,False,"Parcelas ubicadas en el bofedal del paraje Cumallipata, sector Yanamina"
L106,NFY-9,504648,8581057,-74.95716616806308,-12.835483838627287,32718,4504.0,4487.0,11.566216840390009,336.10379557981184,background,composite,Yanamina,2018-07-23,Pb,truth field,18.0,False,,1.0,mg/kg,70.0,140.0,800.0,249.3290997858052,252.79240494919938,249.3290997858052,5761.296710545394,False,"Parcelas ubicadas en el bofedal del paraje Cumallipata, sector Yanamina"
L107,NFY-11,504654,8580970,-74.9571107415007,-12.83627055561912,32718,4511.0,4498.0,5.970756843728821,317.64236929035803,background,composite,Yanamina,2018-07-23,Pb,truth field,51.0,False,,1.0,mg/kg,70.0,140.0,800.0,336.38668225719044,339.99558820667073,336.38668225719044,5844.923767865665,False,"Parcelas ubicadas sobre el bofedal del paraje Cumallipata, sector Yanamina "
L108,NFY-6,504654,8581130,-74.95711098669967,-12.834823703153232,32718,4475.0,4472.0,7.695544473264056,25.43346154226255,background,composite,Yanamina,2018-07-23,Pb,truth field,26.0,False,,1.0,mg/kg,70.0,140.0,800.0,178.53851125177448,180.87841220001906,178.53851125177448,5695.128778411931,False,"Parcelas ubicadas en el bofedal del paraje Cumallipata, sector Yanamina"
L109,NFY-10,504669,8581014,-74.95697257564193,-12.835872648613327,32718,4508.0,4495.0,8.714221612521397,349.087778878908,background,composite,Yanamina,2018-07-23,Pb,truth field,27.0,False,,1.0,mg/kg,70.0,140.0,800.0,295.16944286290885,297.8355250805384,295.16944286290885,5808.933048815054,False,"Parcelas ubicadas en el bofedal del paraje Cumallipata, sector Yanamina"
L110,NFY-5,504669,8581173,-74.95697282008562,-12.834434838935003,32718,4475.0,4467.0,7.888072032125769,3.4303977979467106,background,composite,Yanamina,2018-07-23,Pb,truth field,27.0,False,,1.0,mg/kg,70.0,140.0,800.0,142.0774436706967,142.04576727238302,142.04576727238302,5660.362013949261,False,"Parcelas ubicadas en el bofedal del paraje Cumallipata, sector Yanamina"
L111,NFY-3,504684,8581217,-74.95683465543657,-12.834036931805107,32718,4469.0,4462.0,8.344127238097997,356.7597618771666,background,composite,Yanamina,2018-07-23,Pb,truth field,32.0,False,,1.0,mg/kg,70.0,140.0,800.0,111.66467659918243,107.70329614269008,107.70329614269008,5624.818347503725,False,"Parcelas ubicadas en el bofedal del paraje Cumallipata, sector Yanamina"
L112,NFY-4,504713,8581173,-74.95656733806906,-12.834434772248963,32718,4479.0,4468.0,10.85653604539585,317.9313479906366,background,composite,Yanamina,2018-07-23,Pb,truth field,60.0,False,,1.0,mg/kg,70.0,140.0,800.0,164.20109622045769,160.37767924496225,160.37767924496225,5676.387387091288,False,"Parcelas ubicadas en el bofedal del paraje Cumallipata, sector Yanamina"
L113,NFY-8,504727,8581042,-74.95643811716764,-12.835619361392187,32718,4501.0,4493.0,5.3064449791988855,344.46836155869835,background,composite,Yanamina,2018-07-23,Pb,truth field,36.0,False,,1.0,mg/kg,70.0,140.0,800.0,285.3296339324046,284.76305940202286,284.76305940202286,5803.468991179547,False,"Parcelas ubicadas en el bofedal del paraje Cumallipata, sector Yanamina"
L114,NFY-7,504771,8581057,-74.9560326568215,-12.835483651458516,32718,4502.0,4492.0,3.9855283100289345,339.08619168309934,background,composite,Yanamina,2018-07-23,Pb,truth field,128.0,False,,1.0,mg/kg,70.0,140.0,800.0,292.67387994148027,289.74644087546613,289.74644087546613,5805.597021738119,False,"Parcelas ubicadas en el bofedal del paraje Cumallipata, sector Yanamina"
L001,SB8F,502403,8583970,-74.97785735714213,-12.80914460637278,32718,4132.0,4125.0,8.638568760131415,7.840759113543399,potential_interest,simple,Santa Barbara,2018-07-22,Sb,censoring gradient,,True,2.5,0.1,mg/kg,,,,79.81227975693966,625.511790456423,79.81227975693966,2492.0493322216385,False,"Área de potencial interés ubicada a ambos márgenes de la quebrada Santa Bárbara, contigua al depósito de relaves santa bárbara, Sector Santa Bárbara"
L002,SB8A,502414,8583994,-74.97775601576964,-12.808927569479387,32718,4123.0,4119.0,8.79220311190414,285.24771223722166,potential_interest,simple,Santa Barbara,2018-07-22,Sb,censoring gradient,,True,2.5,0.1,mg/kg,,,,79.88116173416608,599.3229513375906,79.88116173416608,2467.1752018551233,False,"Área de potencial interés ubicada a ambos márgenes de la quebrada Santa Bárbara, contigua al depósito de relaves santa bárbara, Sector Santa Bárbara"
L003,SB8B,502417,8583991,-74.97772836966361,-12.80895469568704,32718,4122.0,4119.0,8.79220311190414,285.24771223722166,potential_interest,simple,Santa Barbara,2018-07-22,Sb,censoring gradient,,True,2.5,0.1,mg/kg,,,,75.71657678474378,600.2882640865137,75.71657678474378,2469.907789875542,False,"Área de potencial interés ubicada a ambos márgenes de la quebrada Santa Bárbara, contigua al depósito de relaves santa bárbara, Sector Santa Bárbara"
L004,SB8E,502425,8583964,-74.97765463154732,-12.809198846336493,32718,4136.0,4125.0,8.638568760131415,7.840759113543399,potential_interest,simple,Santa Barbara,2018-07-22,Sb,censoring gradient,,True,2.5,0.1,mg/kg,,,,57.0087712549569,619.4295763038765,57.0087712549569,2496.1529942625552,False,"Área de potencial interés ubicada a ambos márgenes de la quebrada Santa Bárbara, contigua al depósito de relaves santa bárbara, Sector Santa Bárbara"
L005,SB8D,502437,8583932,-74.977544030912,-12.80948820805831,32718,4137.0,4127.0,10.256813074807066,331.2458746678426,potential_interest,simple,Santa Barbara,2018-07-22,Sb,censoring gradient,,True,2.5,0.1,mg/kg,,,,46.238512086787566,641.8138359368704,46.238512086787566,2527.121699148091,False,"Área de potencial interés ubicada a ambos márgenes de la quebrada Santa Bárbara, contigua al depósito de relaves santa bárbara, Sector Santa Bárbara"
L006,SB8C,502452,8583966,-74.977405839379,-12.809180739412257,32718,4135.0,4124.0,8.683742038366594,282.3019392702787,potential_interest,simple,Santa Barbara,2018-07-22,Sb,censoring gradient,,True,2.5,0.1,mg/kg,,,,32.7566787083184,604.7280380468562,32.7566787083184,2492.123496910117,False,"Área de potencial interés ubicada a ambos márgenes de la quebrada Santa Bárbara, contigua al depósito de relaves santa bárbara, Sector Santa Bárbara"
L007,SB9A,502640,8584504,-74.97567396419547,-12.804315532106001,32718,4224.0,4213.0,17.57325661129504,264.10245426498057,potential_interest,simple,Santa Barbara,2018-07-22,Sb,censoring gradient,,True,2.5,0.1,mg/kg,,,,83.2946576918352,92.02173656261873,83.2946576918352,1948.0531542153374,False,"Área de potencial interés contigua al depósito de desmonte DSB-7, Sector Santa Bárbara"
L008,SB9B,502663,8584492,-74.9754620223416,-12.804424026662744,32718,4230.0,4213.0,17.57325661129504,264.10245426498057,potential_interest,simple,Santa Barbara,2018-07-22,Sb,censoring gradient,,True,2.5,0.1,mg/kg,,,,60.207972893961475,69.72087205421343,60.207972893961475,1960.3461574035143,False,"Área de potencial interés contigua al depósito de desmonte DSB-7, Sector Santa Bárbara"
L009,SB9C,502679,8584508,-74.9753146058455,-12.804279327272463,32718,4237.0,4224.0,15.095725004835451,259.5743484800445,potential_interest,simple,Santa Barbara,2018-07-22,Sb,censoring gradient,,True,2.5,0.1,mg/kg,,,,45.35416188179427,53.33854141237835,45.35416188179427,1944.715074441955,False,"Área de potencial interés contigua al depósito de desmonte DSB-7, Sector Santa Bárbara"
L010,SB9D,502696,8584500,-74.97515795386748,-12.80435165535558,32718,4243.0,4222.0,15.120204537517571,265.6831567036818,potential_interest,simple,Santa Barbara,2018-07-22,Sb,censoring gradient,,True,2.5,0.1,mg/kg,,,,27.16615541441225,36.05551275463989,27.16615541441225,1953.2431195067497,False,"Área de potencial interés contigua al depósito de desmonte DSB-7, Sector Santa Bárbara"
L011,HPA-07/S-3,502818,8585047,-74.9740343022048,-12.799405106563837,32718,4172.0,4168.0,15.11290557580748,52.95229861705745,unlabelled,simple,Unassigned,2018-09-09,Sb,censoring gradient,22.4,False,2.5,0.1,mg/kg,,,,558.1442465886395,232.43278598338918,232.43278598338918,1417.9963601366787,False,Zona de pajonal de ichu
L012,HPA-07/S-2,502853,8585053,-74.97371180982714,-12.799350817464587,32718,4161.0,4156.0,9.304055068175138,322.6101135718888,unlabelled,simple,Unassigned,2018-09-09,Sb,censoring gradient,43.7,False,2.5,0.1,mg/kg,,,,570.9956216995013,251.3483638299641,251.3483638299641,1417.222393853772,False,Zona de pajonal de ichu
L013,SB3B,503265,8580774,-74.96991095469548,-12.838044727074738,32718,4430.0,4418.0,12.77194199717936,312.991945916185,potential_interest,simple,Yanamina,2018-07-19,Sb,censoring gradient,,True,2.5,0.1,mg/kg,,,,24.186773244895647,47.853944456021594,24.186773244895647,5713.793288806527,False,"Área de potencial interés ubicada conligua al botadero de desmonte DY-12; bofedal aportante de la quebrada Carnicería, sector Yanamina"
L014,SB3D,503276,8580817,-74.96980962912515,-12.837655873860735,32718,4426.0,4422.0,16.321447496129256,301.86101493010085,potential_interest,simple,Yanamina,2018-07-19,Sb,censoring gradient,,True,2.5,0.1,mg/kg,,,,42.05948168962618,71.55417527999327,42.05948168962618,5672.31364667532,False,"Área de potencial interés ubicada conligua al botadero de desmonte DY-12; bofedal aportante de la quebrada Carnicería, sector Yanamina"
L015,SB3C,503283,8580806,-74.96974510789836,-12.837755337546717,32718,4437.0,4422.0,16.321447496129256,301.86101493010085,potential_interest,simple,Yanamina,2018-07-19,Sb,censoring gradient,,True,2.5,0.1,mg/kg,,,,29.614185789921695,58.60034129593445,29.614185789921695,5684.045670980024,False,"Área de potencial interés ubicada conligua al botadero de desmonte DY-12; bofedal aportante de la quebrada Carnicería, sector Yanamina"
L016,SB3A,503300,8580804,-74.96958844013987,-12.837773405118815,32718,4436.0,4422.0,16.321447496129256,301.86101493010085,potential_interest,simple,Yanamina,2018-07-19,Sb,censoring gradient,,True,2.5,0.1,mg/kg,,,,29.154759474226502,51.62363799656123,29.154759474226502,5688.020136749736,False,"Área de potencial interés ubicada conligua al botadero de desmonte DY-12; bofedal aportante de la quebrada Carnicería, sector Yanamina"
L017,SB10F,503526,8583424,-74.967508748803,-12.81408092656888,32718,4369.0,4355.0,12.661059578500602,152.52930933571366,potential_interest,simple,Santa Barbara,2018-07-22,Sb,censoring gradient,,True,2.5,0.1,mg/kg,,,,63.198101237299845,1338.8502530156238,63.198101237299845,3158.783890003854,False,"Área de potencial interés contigua al depósito de desmonte DSB-12, Sector Santa Bárbara"
L018,SB10D,503536,8583371,-74.96741653959235,-12.814560185887926,32718,4358.0,4350.0,10.535857653263713,138.0396844200064,potential_interest,simple,Santa Barbara,2018-07-22,Sb,censoring gradient,,True,2.5,0.1,mg/kg,,,,116.1077086157504,1387.6516133381606,116.1077086157504,3212.4419466617146,False,"Área de potencial interés contigua al depósito de desmonte DSB-12, Sector Santa Bárbara"
L019,SB10B,503544,8583333,-74.96734277709704,-12.81490380479696,32718,4350.0,4337.0,12.942362440728141,125.74005009545424,potential_interest,simple,Santa Barbara,2018-07-22,Sb,censoring gradient,,True,2.5,0.1,mg/kg,,,,154.5477272560163,1423.342896142739,154.5477272560163,3251.153592473058,False,"Área de potencial interés contigua al depósito de desmonte DSB-12, Sector Santa Bárbara"
L020,SB10G,503549,8583443,-74.9672968314623,-12.813909086293327,32718,4374.0,4361.0,12.779117086609444,161.89944711556404,potential_interest,simple,Santa Barbara,2018-07-22,Sb,censoring gradient,,True,2.5,0.1,mg/kg,,,,47.53945729601885,1337.5238315633856,47.53945729601885,3147.239779848749,False,"Área de potencial interés contigua al depósito de desmonte DSB-12, Sector Santa Bárbara"
L021,SB10E,503551,8583396,-74.96727834709546,-12.814334097656188,32718,4362.0,4346.0,11.30225446026126,144.49874181965095,potential_interest,simple,Santa Barbara,2018-07-22,Sb,censoring gradient,,True,2.5,0.1,mg/kg,,,,93.17188417113823,1376.2256355699817,93.17188417113823,3192.7837097900156,False,"Área de potencial interés contigua al depósito de desmonte DSB-12, Sector Santa Bárbara"
L022,SB10C,503557,8583354,-74.96722300936813,-12.81471389020064,32718,4354.0,4343.0,12.13762374614636,132.9126817052527,potential_interest,simple,Santa Barbara,2018-07-22,Sb,censoring gradient,16.3,False,2.5,0.1,mg/kg,,,,135.51752654177244,1413.6933896711832,135.51752654177244,3234.7281657518292,False,"Área de potencial interés contigua al depósito de desmonte DSB-12, Sector Santa Bárbara"
L023,SB10A,503564,8583312,-74.96715845667572,-12.815093681572602,32718,4362.0,4337.0,12.942362440728141,125.74005009545424,potential_interest,simple,Santa Barbara,2018-07-22,Sb,censoring gradient,,True,2.5,0.1,mg/kg,,,,178.08424972467387,1452.0068870360085,178.08424972467387,3276.970977430185,False,"Área de potencial interés contigua al depósito de desmonte DSB-12, Sector Santa Bárbara"
L024,SB2B,503607,8580667,-74.96675908107282,-12.839011929779709,32718,4479.0,4472.0,5.9678210402163545,314.45977622386044,potential_interest,simple,Yanamina,2018-07-18,Sb,censoring gradient,,True,2.5,0.1,mg/kg,,,,103.76897416858277,311.12216250212714,103.76897416858277,5867.509805250134,False,"Área de potencial interés ubicada conligua al botadero de desmonte DY-09; sobre un bofedal aportante de la quebrada Carnicería, sector Yanamina"
L025,SB2A,503613,8580679,-74.9667038013446,-12.838903408860128,32718,4480.0,4472.0,5.9678210402163545,314.45977622386044,potential_interest,simple,Yanamina,2018-07-18,Sb,censoring gradient,230.3,False,2.5,0.1,mg/kg,,,,112.16059914247963,313.84868965793055,112.16059914247963,5856.686530097003,False,"Área de potencial interés ubicada conligua al botadero de desmonte DY-09; sobre un bofedal aportante de la quebrada Carnicería, sector Yanamina"
L026,SB11L,503620,8584781,-74.96664417505595,-12.801809673693832,32718,4207.0,4209.0,26.868575521372726,48.825330691832455,potential_interest,simple,Santa Barbara,2018-07-24,Sb,censoring gradient,,True,2.5,0.1,mg/kg,,,,327.1819065902025,878.2055568031894,327.1819065902025,1944.041283327869,False,"Área de potencial interés contigua a la desmontera 2, ubicada 1 km al norte de la ciudad de Huancavelica, Sector Santa Bárbara"
L027,SB2C,503624,8580669,-74.9666024171019,-12.838993824261376,32718,4482.0,4472.0,5.9678210402163545,314.45977622386044,potential_interest,simple,Yanamina,2018-07-18,Sb,censoring gradient,,True,2.5,0.1,mg/kg,,,,98.97979591815695,326.9740050829729,98.97979591815695,5868.403628735295,False,"Área de potencial interés ubicada conligua al botadero de desmonte DY-09; sobre un bofedal aportante de la quebrada Carnicería, sector Yanamina"
L028,SB1D,503627,8580207,-74.96657421806661,-12.843171605946889,32718,4506.0,4500.0,6.16856175579453,274.3168432963182,potential_interest,simple,Yanamina,2018-07-18,Sb,censoring gradient,464.6,False,2.5,0.1,mg/kg,,,,112.8716084761797,96.60745312862771,96.60745312862771,6324.642048606057,False,"Área de potencial interés ubicada debajo del botadero de desmonte DY-06 y contigua a la orilla este de la laguna Suytococha, sector Yanamina"
L029,SB2D,503627,8580642,-74.96657473784319,-12.839237977060506,32718,4480.0,4473.0,5.382353299572041,325.11439823150306,potential_interest,simple,Yanamina,2018-07-18,Sb,censoring gradient,255.7,False,2.5,0.1,mg/kg,,,,72.61542535852834,337.76027001410336,72.61542535852834,5895.520882077542,False,"Área de potencial interés ubicada conligua al botadero de desmonte DY-09; sobre un bofedal aportante de la quebrada Carnicería, sector Yanamina"
L030,SB1F,503632,8580183,-74.96652811024639,-12.84338862784588,32718,4503.0,4498.0,7.052860372455268,197.54971472254823,potential_interest,simple,Yanamina,2018-07-18,Sb,censoring gradient,38.7,False,2.5,0.1,mg/kg,,,,113.54734695271397,73.06161783043132,73.06161783043132,6349.130909772994,False,"Área de potencial interés ubicada debajo del botadero de desmonte DY-06 y contigua a la orilla este de la laguna Suytococha, sector Yanamina"
L031,SB1A,503639,8580246,-74.96646367499258,-12.842818921724128,32718,4496.0,4502.0,10.136458650222988,283.15107561305496,potential_interest,simple,Yanamina,2018-07-18,Sb,censoring gradient,100.8,False,2.5,0.1,mg/kg,,,,103.07764064044152,129.52219886953742,103.07764064044152,6288.057207523232,False,"Área de potencial interés ubicada debajo del botadero de desmonte DY-06 y contigua a la orilla este de la laguna Suytococha, sector Yanamina"
L032,SB1C,503662,8580236,-74.96625169937042,-12.842909322817677,32718,4514.0,4502.0,10.136458650222988,283.15107561305496,potential_interest,simple,Yanamina,2018-07-18,Sb,censoring gradient,25.9,False,2.5,0.1,mg/kg,,,,78.44743462982075,116.21101496846157,78.44743462982075,6301.665445314035,False,"Área de potencial interés ubicada debajo del botadero de desmonte DY-06 y contigua a la orilla este de la laguna Suytococha, sector Yanamina"
L033,SB1E,503664,8580207,-74.96623323273958,-12.843171562337405,32718,4516.0,4508.0,15.40321129741568,276.78332750762286,potential_interest,simple,Yanamina,2018-07-18,Sb,censoring gradient,116.0,False,2.5,0.1,mg/kg,,,,76.2954782408499,87.14355971613737,76.2954782408499,6330.600503880987,False,"Área de potencial interés ubicada debajo del botadero de desmonte DY-06 y contigua a la orilla este de la laguna Suytococha, sector Yanamina"
L034,SB11K,503667,8584812,-74.96621113956833,-12.801529290096935,32718,4192.0,4182.0,14.249695546039948,24.082076037899554,potential_interest,simple,Santa Barbara,2018-07-24,Sb,censoring gradient,,True,2.5,0.1,mg/kg,,,,368.28521555989727,924.1217452262446,368.28521555989727,1942.2288044872726,False,"Área de potencial interés contigua a la desmontera 2, ubicada 1 km al norte de la ciudad de Huancavelica, Sector Santa Bárbara"
L035,SB1B,503671,8580249,-74.96616877280393,-12.842791755438935,32718,4517.0,4507.0,12.649121409787782,274.1575315643479,potential_interest,simple,Yanamina,2018-07-18,Sb,censoring gradient,91.7,False,2.5,0.1,mg/kg,,,,73.53910524340094,129.0155029444136,73.53910524340094,6290.330686409144,False,"Área de potencial interés ubicada debajo del botadero de desmonte DY-06 y contigua a la orilla este de la laguna Suytococha, sector Yanamina"
L036,SB12A,503683,8584548,-74.96606339140882,-12.803916583914456,32718,4255.0,4246.0,24.797694055825083,51.310650958407166,potential_interest,simple,Santa Barbara,2018-07-24,Sb,censoring gradient,,True,2.5,0.1,mg/kg,,,,150.20652449211386,952.111863175751,150.20652449211386,2177.4811088639044,False,"Área de potencial interés contigua a la desmontera 2, ubicada 2 km al norte de la ciudad de Huancavelica, Sector
Santa Bárbara"
L037,SB11C,503689,8585080,-74.96600874943906,-12.799105779413015,32718,4134.0,4112.0,17.117052060340956,46.62057155245583,potential_interest,simple,Santa Barbara,2018-07-24,Sb,censoring gradient,,True,2.5,0.1,mg/kg,,,,633.8532953294476,979.247159812067,633.8532953294476,1735.3095158531653,False,"Área de potencial interés contigua a la desmontera 2, ubicada 1 km al norte de la ciudad de Huancavelica, Sector Santa Bárbara"
L038,SB11A,503692,8585128,-74.9659811649621,-12.798671718854152,32718,4095.0,4098.0,18.409928811848058,50.54421600572451,potential_interest,simple,Santa Barbara,2018-07-24,Sb,censoring gradient,,True,2.5,0.1,mg/kg,,,,681.5137562808252,995.5912816010393,681.5137562808252,1699.492417277152,False,"Área de potencial interés contigua a la desmontera 2, ubicada 1 km al norte de la ciudad de Huancavelica, Sector Santa Bárbara"
L039,SB12B,503702,8584560,-74.96588833255689,-12.803808047096277,32718,4250.0,4237.0,23.392372677409153,37.82610309895478,potential_interest,simple,Santa Barbara,2018-07-24,Sb,censoring gradient,,True,2.5,0.1,mg/kg,,,,172.62966141425406,971.7324734719942,172.62966141425406,2176.322510571999,False,"Área de potencial interés contigua a la desmontera 2, ubicada 2 km al norte de la ciudad de Huancavelica, Sector
Santa Bárbara"
L040,SB11E,503706,8585019,-74.96585203353816,-12.799657373235098,32718,4139.0,4121.0,12.46523192546263,6.459881822193694,potential_interest,simple,Santa Barbara,2018-07-24,Sb,censoring gradient,,True,2.5,0.1,mg/kg,,,,578.2179519869649,981.9536648946324,578.2179519869649,1794.1066740399153,False,"Área de potencial interés contigua a la desmontera 2, ubicada 1 km al norte de la ciudad de Huancavelica, Sector Santa Bárbara"
L041,SB7B,503707,8579765,-74.96583641252553,-12.847168438526705,32718,4498.0,4489.0,2.0916262055509325,206.99969365163813,potential_interest,simple,Yanamina,2018-07-24,Sb,censoring gradient,270.1,False,2.5,0.1,mg/kg,,,,73.76313442364011,357.02801010564986,73.76313442364011,6773.737967249047,False,"Área de potencial interés contigua a los botaderos de desmonte DY -03, DY -04 y DY-05,al sur de la laguna Suytococha (bofedal), sector Yanamina"
L042,SB11J,503707,8584847,-74.96584260997032,-12.801212742744497,32718,4175.0,4164.0,17.1577641957557,28.02784544168128,potential_interest,simple,Santa Barbara,2018-07-24,Sb,censoring gradient,,True,2.5,0.1,mg/kg,,,,414.2088845015278,964.2074465590898,414.2088845015278,1934.8170334203396,False,"Área de potencial interés contigua a la desmontera 2, ubicada 1 km al norte de la ciudad de Huancavelica, Sector Santa Bárbara"
L043,SB11G,503707,8584957,-74.96584274384789,-12.800218028943576,32718,4147.0,4135.0,16.25194266473548,15.674359220306002,potential_interest,simple,Santa Barbara,2018-07-24,Sb,censoring gradient,,True,2.5,0.1,mg/kg,,,,518.6800555255619,972.7260662694302,518.6800555255619,1844.5908879223525,False,"Área de potencial interés contigua a la desmontera 2, ubicada 1 km al norte de la ciudad de Huancavelica, Sector Santa Bárbara"
L044,SB7E,503708,8579859,-74.9658273114419,-12.846318412139535,32718,4503.0,4496.0,5.473641095238119,192.49100040431256,potential_interest,simple,Yanamina,2018-07-24,Sb,censoring gradient,81.6,False,2.5,0.1,mg/kg,,,,29.832867780352597,263.89770745499095,29.832867780352597,6681.120178285547,False,"Área de potencial interés contigua a los botaderos de desmonte DY -03, DY -04 y DY-05,al sur de la laguna Suytococha (bofedal), sector Yanamina"
L045,SB7G,503710,8579962,-74.96580900551274,-12.845386999099265,32718,4512.0,4503.0,5.020682445903572,202.17654469915223,potential_interest,simple,Yanamina,2018-07-24,Sb,censoring gradient,205.8,False,2.5,0.1,mg/kg,,,,127.1416532848303,163.23296235748464,127.1416532848303,6579.8287592428105,False,"Área de potencial interés contigua a los botaderos de desmonte DY -03, DY -04 y DY-05,al sur de la laguna Suytococha (bofedal), sector Yanamina"
L046,SB11B,503712,8585108,-74.96579685656818,-12.798852552083163,32718,4105.0,4101.0,13.345713346640432,6.017761412004106,potential_interest,simple,Santa Barbara,2018-07-24,Sb,censoring gradient,,True,2.5,0.1,mg/kg,,,,666.1088499637277,1008.9212060413836,666.1088499637277,1727.615283748859,False,"Área de potencial interés contigua a la desmontera 2, ubicada 1 km al norte de la ciudad de Huancavelica, Sector Santa Bárbara"
L047,SB12C,503715,8584594,-74.96576858699709,-12.803500574634262,32718,4241.0,4228.0,20.146939429244547,55.566303354374305,potential_interest,simple,Santa Barbara,2018-07-24,Sb,censoring gradient,,True,2.5,0.1,mg/kg,,,,204.04411287758342,987.2958016724268,204.04411287758342,2153.372036588449,False,"Área de potencial interés contigua a la desmontera 2, ubicada 2 km al norte de la ciudad de Huancavelica, Sector
Santa Bárbara"
L048,SB7C,503716,8579799,-74.9657535104818,-12.846860971810948,32718,4499.0,4491.0,4.412313855758794,212.49299499089238,potential_interest,simple,Yanamina,2018-07-24,Sb,censoring gradient,224.0,False,2.5,0.1,mg/kg,,,,38.600518131237564,324.4225639501667,38.600518131237564,6741.624102519699,False,"Área de potencial interés contigua a los botaderos de desmonte DY -03, DY -04 y DY-05,al sur de la laguna Suytococha (bofedal), sector Yanamina"
L049,SB11D,503716,8585058,-74.96575993874448,-12.799304689989606,32718,4114.0,4107.0,13.715516323265057,0.0,potential_interest,simple,Santa Barbara,2018-07-24,Sb,censoring gradient,,True,2.5,0.1,mg/kg,,,,618.4795873753636,1000.0449989875456,618.4795873753636,1769.2527169163575,False,"Área de potencial interés contigua a la desmontera 2, ubicada 1 km al norte de la ciudad de Huancavelica, Sector Santa Bárbara"
L050,SB7J,503717,8580067,-74.9657446228273,-12.84443749434135,32718,4517.0,4507.0,13.788246537724806,265.24607548179307,potential_interest,simple,Yanamina,2018-07-24,Sb,censoring gradient,1206.0,False,2.5,0.1,mg/kg,,,,83.54639429682169,71.50524456289902,71.50524456289902,6477.460003629833,False,"Área de potencial interés contigua a los botaderos de desmonte DY -03, DY -04 y DY-05,al sur de la laguna Suytococha (bofedal), sector Yanamina"
L051,SB7I,503718,8580034,-74.9657353665294,-12.844735906285893,32718,4516.0,4508.0,10.129434896637791,273.9165899912398,potential_interest,simple,Yanamina,2018-07-24,Sb,censoring gradient,570.9,False,2.5,0.1,mg/kg,,,,105.43718509140881,98.97979591815695,98.97979591815695,6510.158946840717,False,"Área de potencial interés contigua a los botaderos de desmonte DY -03, DY -04 y DY-05,al sur de la laguna Suytococha (bofedal), sector Yanamina"
L052,SB7F,503721,8579923,-74.96570758278322,-12.845739655939022,32718,4511.0,4501.0,2.7945109775890815,180.0,potential_interest,simple,Yanamina,2018-07-24,Sb,censoring gradient,220.3,False,2.5,0.1,mg/kg,,,,87.20665112249179,203.74739262135355,87.20665112249179,6620.1092068302205,False,"Área de potencial interés contigua a los botaderos de desmonte DY -03, DY -04 y DY-05,al sur de la laguna Suytococha (bofedal), sector Yanamina"
L053,SB7D,503722,8579819,-74.96569823929283,-12.846680108172036,32718,4500.0,4494.0,5.216924580962116,206.99969365163813,potential_interest,simple,Yanamina,2018-07-24,Sb,censoring gradient,68.9,False,2.5,0.1,mg/kg,,,,17.72004514666935,305.6304958606062,17.72004514666935,6722.862874870681,False,"Área de potencial interés contigua a los botaderos de desmonte DY -03, DY -04 y DY-05,al sur de la laguna Suytococha (bofedal), sector Yanamina"
L054,SB7A,503723,8579759,-74.96568894971874,-12.847222676227805,32718,4498.0,4491.0,4.983457093280994,221.72203945890237,potential_interest,simple,Yanamina,2018-07-24,Sb,censoring gradient,188.8,False,2.5,0.1,mg/kg,,,,77.10382610480494,365.0164379860173,77.10382610480494,6782.229574016775,False,"Área de potencial interés contigua a los botaderos de desmonte DY -03, DY -04 y DY-05,al sur de la laguna Suytococha (bofedal), sector Yanamina"
L055,SB11F,503723,8584988,-74.96569535362083,-12.799937681344371,32718,4143.0,4129.0,13.655856023646944,13.81896465066032,potential_interest,simple,Santa Barbara,2018-07-24,Sb,censoring gradient,,True,2.5,0.1,mg/kg,,,,552.9575028878802,993.1369492673203,552.9575028878802,1829.1030631388346,False,"Área de potencial interés contigua a la desmontera 2, ubicada 1 km al norte de la ciudad de Huancavelica, Sector Santa Bárbara"
L056,SB11I,503725,8584898,-74.96567681506198,-12.800751535712367,32718,4164.0,4153.0,11.666042520516278,15.128631184780602,potential_interest,simple,Santa Barbara,2018-07-24,Sb,censoring gradient,,True,2.5,0.1,mg/kg,,,,468.2841018014598,984.5633549955026,468.2841018014598,1903.0578425302072,False,"Área de potencial interés contigua a la desmontera 2, ubicada 1 km al norte de la ciudad de Huancavelica, Sector Santa Bárbara"
L057,SB4B,503732,8581657,-74.96560833906184,-12.830059380308956,32718,4369.0,4354.0,18.480100347715993,332.683717802282,potential_interest,simple,Yanamina,2018-07-19,Sb,censoring gradient,,True,2.5,0.1,mg/kg,,,,93.2148056909416,961.2075738361616,93.2148056909416,4920.7933922409,False,"Área de potencial interés ubicada contigua al botadero de desmonte DY-18; bofedal aportante de la quebrada Carnicería, sector Yanamina"
L058,SB4A,503733,8581685,-74.96559915812166,-12.82980617978854,32718,4358.0,4345.0,14.649879899648225,336.64552947215435,potential_interest,simple,Yanamina,2018-07-19,Sb,censoring gradient,,True,2.5,0.1,mg/kg,,,,120.81390648431164,970.7734030143183,120.81390648431164,4893.7391882147895,False,"Área de potencial interés ubicada contigua al botadero de desmonte DY-18; bofedal aportante de la quebrada Carnicería, sector Yanamina"
L059,SB7L,503738,8580090,-74.96555111797848,-12.844229484106759,32718,4524.0,4516.0,15.378403595224352,231.59954439154282,potential_interest,simple,Yanamina,2018-07-24,Sb,censoring gradient,3170.0,False,2.5,0.1,mg/kg,,,,52.630789467763066,75.23961722390672,52.630789467763066,6458.370431610005,False,"Área de potencial interés contigua a los botaderos de desmonte DY -03, DY -04 y DY-05,al sur de la laguna Suytococha (bofedal), sector Yanamina"
L060,SB4D,503740,8581614,-74.9655345633934,-12.83044821245132,32718,4367.0,4370.0,16.218115443452895,319.0397673029467,potential_interest,simple,Yanamina,2018-07-19,Sb,censoring gradient,,True,2.5,0.1,mg/kg,,,,49.49747468305833,938.9190593443079,49.49747468305833,4964.491826395352,False,"Área de potencial interés ubicada contigua al botadero de desmonte DY-18; bofedal aportante de la quebrada Carnicería, sector Yanamina"
L061,SB7H,503742,8579997,-74.96551413986461,-12.845070461767586,32718,4514.0,4510.0,7.653537367571345,218.0920082762951,potential_interest,simple,Yanamina,2018-07-24,Sb,censoring gradient,108.0,False,2.5,0.1,mg/kg,,,,115.96551211459379,143.0314650697531,115.96551211459379,6550.682314870827,False,"Área de potencial interés contigua a los botaderos de desmonte DY -03, DY -04 y DY-05,al sur de la laguna Suytococha (bofedal), sector Yanamina"
L062,SB11H,503742,8584949,-74.9655202350142,-12.800290329767154,32718,4152.0,4138.0,14.321246389470344,340.06387464580735,potential_interest,simple,Santa Barbara,2018-07-24,Sb,censoring gradient,,True,2.5,0.1,mg/kg,,,,522.0153254455275,1006.4218797303644,522.0153254455275,1871.7263046220519,False,"Área de potencial interés contigua a la desmontera 2, ubicada 1 km al norte de la ciudad de Huancavelica, Sector Santa Bárbara"
L063,SB4C,503743,8581638,-74.96550694689212,-12.830231180848704,32718,4364.0,4365.0,17.633522557672713,324.9853664243836,potential_interest,simple,Yanamina,2018-07-19,Sb,censoring gradient,,True,2.5,0.1,mg/kg,,,,73.10950690573696,944.174771956972,73.10950690573696,4941.783156142935,False,"Área de potencial interés ubicada contigua al botadero de desmonte DY-18; bofedal aportante de la quebrada Carnicería, sector Yanamina"
L064,SB12D,503743,8584613,-74.9655106078096,-12.803328726818043,32718,4231.0,4217.0,12.13762374614636,47.087318294747284,potential_interest,simple,Santa Barbara,2018-07-24,Sb,censoring gradient,,True,2.5,0.1,mg/kg,,,,237.64890069175578,1017.0752184573174,237.64890069175578,2151.396675440131,False,"Área de potencial interés contigua a la desmontera 2, ubicada 2 km al norte de la ciudad de Huancavelica, Sector
Santa Bárbara"
L065,SB7K,503744,8580069,-74.96549579692086,-12.844419376127476,32718,4523.0,4514.0,11.54387024255555,248.99350579489123,potential_interest,simple,Yanamina,2018-07-24,Sb,censoring gradient,473.4,False,2.5,0.1,mg/kg,,,,64.35060217278468,90.69729874698585,64.35060217278468,6480.090111388096,False,"Área de potencial interés contigua a los botaderos de desmonte DY -03, DY -04 y DY-05,al sur de la laguna Suytococha (bofedal), sector Yanamina"
L066,SB13B,503801,8584252,-74.96497572367258,-12.806593125069208,32718,4309.0,4310.0,12.020263587511481,76.74741437946496,potential_interest,simple,Santa Barbara,2018-07-24,Sb,censoring gradient,,True,2.5,0.1,mg/kg,,,,68.00735254367721,1097.843795810679,68.00735254367721,2493.886285263195,False,"Área de potencial interés contigua a la desmontera 2, ubicada 2 km al norte de la ciudad de Huancavelica, Sector Santa Bárbara"
L067,SB13C,503817,8584221,-74.96482825298429,-12.806873433727189,32718,4310.0,4307.0,8.79920101731439,3.0700345369666593,potential_interest,simple,Santa Barbara,2018-07-24,Sb,censoring gradient,,True,2.5,0.1,mg/kg,,,,40.718546143004666,1120.7970378262069,40.718546143004666,2528.768488764701,False,"Área de potencial interés contigua a la desmontera 2, ubicada 2 km al norte de la ciudad de Huancavelica, Sector Santa Bárbara"
L068,SB13A,503822,8584263,-74.96478223321901,-12.806493627931895,32718,4308.0,4300.0,12.662204961454663,33.607600059779855,potential_interest,simple,Santa Barbara,2018-07-24,Sb,censoring gradient,,True,2.5,0.1,mg/kg,,,,82.00609733428362,1115.894708294649,82.00609733428362,2494.185135631263,False,"Área de potencial interés contigua a la desmontera 2, ubicada 2 km al norte de la ciudad de Huancavelica, Sector Santa Bárbara"
L069,SB13D,503835,8584217,-74.96466238696497,-12.806909582919877,32718,4312.0,4307.0,8.79920101731439,3.0700345369666593,potential_interest,simple,Santa Barbara,2018-07-24,Sb,censoring gradient,,True,2.5,0.1,mg/kg,,,,48.104053883222775,1139.2251752836223,48.104053883222775,2540.8101018130437,False,"Área de potencial interés contigua a la desmontera 2, ubicada 2 km al norte de la ciudad de Huancavelica, Sector Santa Bárbara"
L070,SB13E,503845,8584200,-74.96457022049113,-12.807063298962268,32718,4315.0,4310.0,9.913411855491505,320.1800757627085,potential_interest,simple,Santa Barbara,2018-07-24,Sb,censoring gradient,,True,2.5,0.1,mg/kg,,,,47.75981574503821,1153.2445534230803,47.75981574503821,2560.5204762448916,False,"Área de potencial interés contigua a la desmontera 2, ubicada 2 km al norte de la ciudad de Huancavelica, Sector Santa Bárbara"
L071,HPA-03/S-1,504122,8581408,-74.96201401788463,-12.832310550701548,32718,4416.0,4409.0,14.348578626496392,345.9323236961409,unlabelled,simple,Unassigned,2018-09-08,Sb,censoring gradient,,True,2.5,0.1,mg/kg,,,,406.5390510147826,515.5938323913505,406.5390510147826,5261.036837174088,False,"Zona de pajonal de ichu, rodeado al este y noreste por bofedales"
L072,HPA-03/S-2 | HPA-07/S-1,504131,8581424,-74.96193110083027,-12.832165853413107,32718,4414.0,4409.0,14.348578626496392,345.9323236961409,unlabelled,simple,Unassigned,2018-09-08,Sb,censoring gradient,19.08166659388011,False,2.5,0.1,mg/kg,,,,409.0684539291682,510.13135563303695,409.0684539291682,5248.271746336201,True,Zona final de ladera con presencia de pastizal ralo
L073,SB5A,504310,8580835,-74.96028070509071,-12.837491835521167,32718,4508.0,4501.0,9.965424572589395,22.176544699152217,potential_interest,simple,Yanamina,2018-07-20,Sb,censoring gradient,199.1,False,2.5,0.1,mg/kg,,,,64.32728814430156,570.7889277132134,64.32728814430156,5863.865568110628,False,"Área de potencial interés ubicada contigua a los botaderos de desmonte DY-13 y DY-14, sector Yanamina"
L074,SB5C,504322,8580786,-74.96017004799732,-12.837934917295788,32718,4517.0,4513.0,13.354411255048433,26.999693651638133,potential_interest,simple,Yanamina,2018-07-20,Sb,censoring gradient,241.8,False,2.5,0.1,mg/kg,,,,28.653097563788805,605.9414163101908,28.653097563788805,5914.248467063949,False,"Área de potencial interés ubicada contigua a los botaderos de desmonte DY-13 y DY-14, sector Yanamina"
L075,SB5B,504343,8580820,-74.95997656843673,-12.837627431784398,32718,4508.0,4501.0,8.068828436907648,341.23844718718937,potential_interest,simple,Yanamina,2018-07-20,Sb,censoring gradient,42.1,False,2.5,0.1,mg/kg,,,,66.48308055437865,565.9911660087992,66.48308055437865,5887.771592252687,False,"Área de potencial interés ubicada contigua a los botaderos de desmonte DY-13 y DY-14, sector Yanamina"
L076,SB5E,504344,8580765,-74.9599672741314,-12.838124785845938,32718,4525.0,4510.0,10.802890386669025,16.403827229696162,potential_interest,simple,Yanamina,2018-07-20,Sb,censoring gradient,,True,2.5,0.1,mg/kg,,,,14.866068747318506,613.6709215858284,14.866068747318506,5940.693058797538,False,"Área de potencial interés ubicada contigua a los botaderos de desmonte DY-13 y DY-14, sector Yanamina"
L077,NFSB-4,504351,8584773,-74.95990849948657,-12.801881077699838,32718,4199.0,4193.0,22.11918229980773,118.71007139767552,background,composite,Santa Barbara,2018-07-25,Sb,censoring gradient,,True,2.5,0.1,mg/kg,,,,806.5494405180627,1608.9064609230707,806.5494405180627,2406.8545079354994,False,Parcelas ubicadas en el sector Santa Bárbara
L078,SB5D,504361,8580785,-74.9598106370607,-12.837943905402684,32718,4515.0,4510.0,8.361133594433927,340.21835740229136,potential_interest,simple,Yanamina,2018-07-20,Sb,censoring gradient,,True,2.5,0.1,mg/kg,,,,31.78049716414141,588.102882155835,31.78049716414141,5926.50298433465,False,"Área de potencial interés ubicada contigua a los botaderos de desmonte DY-13 y DY-14, sector Yanamina"
L079,NFSB-3,504395,8584773,-74.95950306953617,-12.801881015697255,32718,4189.0,4174.0,17.131390730601275,138.78116585511867,background,composite,Santa Barbara,2018-07-25,Sb,censoring gradient,,True,2.5,0.1,mg/kg,,,,837.2251787900314,1652.8823309600716,837.2251787900314,2438.573407084306,False,Parcelas ubicadas en el sector Santa Bárbara
L080,NFSB-5,504395,8584817,-74.95950313303119,-12.801483130234883,32718,4196.0,4189.0,14.64826267601103,137.00626003428306,background,composite,Santa Barbara,2018-07-25,Sb,censoring gradient,,True,2.5,0.1,mg/kg,,,,868.7427697540855,1652.0302660665755,868.7427697540855,2408.4899207046387,False,Parcelas ubicadas en el sector Santa Bárbara
L081,NFY-15,504405,8581013,-74.95940548015933,-12.835882078466964,32718,4493.0,4475.0,6.649457856745024,12.318042996826037,background,composite,Yanamina,2018-07-23,Sb,censoring gradient,,True,2.5,0.1,mg/kg,,,,263.97348351681086,370.600863463646,263.97348351681086,5722.397953848453,False,"Parcelas ubicadas sobre el bofedal del paraje Cumallipata, sector Yanamina "
L082,NFSB-2,504439,8584773,-74.95909763958792,-12.80188095307082,32718,4182.0,4168.0,15.144643258137434,150.65410618155724,background,composite,Santa Barbara,2018-07-25,Sb,censoring gradient,,True,2.5,0.1,mg/kg,,,,869.0466040437648,1696.8594520466331,869.0466040437648,2470.6687153700077,False,Parcelas ubicadas en el sector Santa Bárbara
L083,NFSB-11,504439,8584860,-74.95909776638969,-12.801094224989876,32718,4202.0,4190.0,16.19218688113056,134.45977622386044,background,composite,Santa Barbara,2018-07-25,Sb,censoring gradient,,True,2.5,0.1,mg/kg,,,,930.2134163728235,1696.3210191470246,930.2134163728235,2412.390056916873,False,Parcelas ubicadas en el sector Santa Bárbara
L084,NFSB-6,504440,8584816,-74.95908848795824,-12.801492109031432,32718,4189.0,4184.0,14.031007517668728,133.12837677809904,background,composite,Santa Barbara,2018-07-25,Sb,censoring gradient,,True,2.5,0.1,mg/kg,,,,899.4576143432218,1697.0356507746087,899.4576143432218,2442.3931587928605,False,Parcelas ubicadas en el sector Santa Bárbara
L085,NFY-14,504449,8581028,-74.9590000177867,-12.835746373107328,32718,4492.0,4478.0,6.666088825278639,334.8112269478744,background,composite,Yanamina,2018-07-23,Sb,censoring gradient,,True,2.5,0.1,mg/kg,,,,290.0017241328058,333.16962646675944,290.0017241328058,5722.004612846876,False,"Parcelas ubicadas sobre el bofedal del paraje Cumallipata, sector Yanamina "
L086,SB6B,504483,8581394,-74.95868722935931,-12.83243664859473,32718,4453.0,4435.0,1.2099628131529876,281.10394170963525,potential_interest,simple,Yanamina,2018-07-23,Sb,censoring gradient,,True,2.5,0.1,mg/kg,,,,158.93709447451215,168.0773631397161,158.93709447451215,5387.950057546948,False,"Área de potencial interés ubicada en· el bofedal del paraje Cumallipata, contigua al botadero de desmonte DY-15 y  bocamina BY-06; sector Yanamina."
L087,NFSB-1,504483,8584772,-74.95869220816984,-12.801889932671722,32718,4173.0,4163.0,14.51299025948978,144.79751140277082,background,composite,Santa Barbara,2018-07-25,Sb,censoring gradient,,True,2.5,0.1,mg/kg,,,,901.2397017442141,1740.8690358553683,901.2397017442141,2503.7968274775344,False,Parcelas ubicadas en el sector Santa Bárbara
L088,NFSB-7,504483,8584816,-74.95869227293623,-12.801492047213662,32718,4183.0,4173.0,12.44569453021487,122.309468312076,background,composite,Santa Barbara,2018-07-25,Sb,censoring gradient,,True,2.5,0.1,mg/kg,,,,930.5444642788436,1740.034769767547,930.5444642788436,2474.488631956842,False,Parcelas ubicadas en el sector Santa Bárbara
L089,NFSB-10,504483,8584860,-74.95869233770047,-12.8010941617436,32718,4194.0,4177.0,14.414338425746744,129.27510483422822,background,composite,Santa Barbara,2018-07-25,Sb,censoring gradient,,True,2.5,0.1,mg/kg,,,,960.9708632419612,1740.3129028999354,960.9708632419612,2445.6208671993127,False,Parcelas ubicadas en el sector Santa Bárbara
L090,SB6A,504491,8581435,-74.95861356655124,-12.83206588095476,32718,4455.0,4435.0,3.135699354991769,26.999693651638133,potential_interest,simple,Yanamina,2018-07-23,Sb,censoring gradient,,True,2.5,0.1,mg/kg,,,,179.6941846582688,186.1316738225926,179.6941846582688,5352.261039212821,False,"Área de potencial interés ubicada en· el bofedal del paraje Cumallipata, contigua al botadero de desmonte DY-15 y  bocamina BY-06; sector Yanamina."
L091,NFY-13,504493,8581028,-74.95859453365824,-12.83574630954204,32718,4493.0,4480.0,5.632457622719263,335.1464829457472,background,composite,Yanamina,2018-07-23,Sb,censoring gradient,,True,2.5,0.1,mg/kg,,,,301.3585903869342,311.746692043396,301.3585903869342,5736.1705369357915,False,"Parcelas ubicadas sobre el bofedal del paraje Cumallipata, sector Yanamina "
L092,SB6D,504521,8581360,-74.95833699249846,-12.832744049554446,32718,4455.0,4438.0,6.423394273023185,263.777316353365,potential_interest,simple,Yanamina,2018-07-23,Sb,censoring gradient,,True,2.5,0.1,mg/kg,,,,108.55873986004075,118.53269591129698,108.55873986004075,5433.014259752845,False,"Área de potencial interés ubicada en· el bofedal del paraje Cumallipata, contigua al botadero de desmonte DY-15 y  bocamina BY-06; sector Yanamina."
L093,NFSB-8,504527,8584816,-74.95828684361355,-12.801491983341519,32718,4176.0,4167.0,11.439261942747423,122.87191669350793,background,composite,Santa Barbara,2018-07-25,Sb,censoring gradient,,True,2.5,0.1,mg/kg,,,,963.303171384793,1784.0339122337332,963.303171384793,2507.6685644344966,False,Parcelas ubicadas en el sector Santa Bárbara
L094,NFSB-9,504527,8584860,-74.95828690901342,-12.801094097873515,32718,4184.0,4170.0,13.105692790968945,131.60057028821885,background,composite,Santa Barbara,2018-07-25,Sb,censoring gradient,,True,2.5,0.1,mg/kg,,,,992.7260447877853,1784.3051869004921,992.7260447877853,2479.187178381262,False,Parcelas ubicadas en el sector Santa Bárbara
L095,NFSB-12,504527,8584903,-74.95828697292481,-12.800705255245468,32718,4196.0,4177.0,14.678005669066339,139.54696774696325,background,composite,Santa Barbara,2018-07-25,Sb,censoring gradient,,True,2.5,0.1,mg/kg,,,,1022.4920537588544,1785.6181002666835,1022.4920537588544,2451.796385235992,False,Parcelas ubicadas en el sector Santa Bárbara
L096,SB6C,504528,8581408,-74.95827255597534,-12.8323099834774,32718,4455.0,4437.0,6.221861426415022,299.0152973301201,potential_interest,simple,Yanamina,2018-07-23,Sb,censoring gradient,,True,2.5,0.1,mg/kg,,,,134.9518432626987,140.71602609511115,134.9518432626987,5390.518275125792,False,"Área de potencial interés ubicada en· el bofedal del paraje Cumallipata, contigua al botadero de desmonte DY-15 y  bocamina BY-06; sector Yanamina."
L097,NFY-12,504537,8581014,-74.95818902861596,-12.83587284494121,32718,4498.0,4481.0,3.9865520492539863,314.45977622386044,background,composite,Yanamina,2018-07-23,Sb,censoring gradient,,True,2.5,0.1,mg/kg,,,,300.048329440442,308.71669860893496,300.048329440442,5763.844918759333,False,"Parcelas ubicadas sobre el bofedal del paraje Cumallipata, sector Yanamina "
L098,SB6E,504555,8581362,-74.95802367057195,-12.832725914051892,32718,4458.0,4443.0,11.66117966968472,259.78258960172616,potential_interest,simple,Yanamina,2018-07-23,Sb,censoring gradient,,True,2.5,0.1,mg/kg,,,,82.73451516749222,90.21086409075129,82.73451516749222,5443.093021655085,False,"Área de potencial interés ubicada en· el bofedal del paraje Cumallipata, contigua al botadero de desmonte DY-15 y  bocamina BY-06; sector Yanamina."
L099,SB6F,504557,8581322,-74.9580051796866,-12.833087624301559,32718,4459.0,4440.0,10.833612260099889,274.87734924529724,potential_interest,simple,Yanamina,2018-07-23,Sb,censoring gradient,,True,2.5,0.1,mg/kg,,,,59.77457653551382,72.18032973047436,59.77457653551382,5481.220679589928,False,"Área de potencial interés ubicada en· el bofedal del paraje Cumallipata, contigua al botadero de desmonte DY-15 y  bocamina BY-06; sector Yanamina."
L100,NFSB-13,504571,8584904,-74.95788154636189,-12.800696147901688,32718,4191.0,4172.0,12.600274015102363,190.68664906536983,background,composite,Santa Barbara,2018-07-25,Sb,censoring gradient,,True,2.5,0.1,mg/kg,,,,1054.9127926042038,1829.6209990049852,1054.9127926042038,2485.435201572643,False,Parcelas ubicadas en el sector Santa Bárbara
L101,SB6G,504590,8581317,-74.95770106223297,-12.83313278969335,32718,4464.0,4450.0,14.650786678732015,267.3245466300252,potential_interest,simple,Yanamina,2018-07-23,Sb,censoring gradient,,True,2.5,0.1,mg/kg,,,,27.294688127912362,38.8329756778952,27.294688127912362,5497.600106586241,False,"Área de potencial interés ubicada en· el bofedal del paraje Cumallipata, contigua al botadero de desmonte DY-15 y  bocamina BY-06; sector Yanamina."
L102,NFY-1,504596,8581217,-74.95764561820009,-12.83403706372296,32718,4459.0,4460.0,12.084739295765347,351.0899804078108,background,composite,Yanamina,2018-07-23,Sb,censoring gradient,,True,2.5,0.1,mg/kg,,,,88.84255736976509,97.40636529508737,88.84255736976509,5593.228599268573,False,"Parcelas ubicadas en el bofedal del paraje Cumallipata, sector Yanamina"
L103,NFSB-14,504615,8584903,-74.95747611679974,-12.800705125637917,32718,4193.0,4175.0,12.86076071002064,204.68189851105188,background,composite,Santa Barbara,2018-07-25,Sb,censoring gradient,,True,2.5,0.1,mg/kg,,,,1086.8238127681966,1873.542099873926,1086.8238127681966,2520.622302804394,False,Parcelas ubicadas en el sector Santa Bárbara
L104,NFSB-15,504615,8584947,-74.95747618346647,-12.800307240150358,32718,4198.0,4187.0,8.330974979669108,180.0,background,composite,Santa Barbara,2018-07-25,Sb,censoring gradient,,True,2.5,0.1,mg/kg,,,,1116.4201717991305,1875.8422108482366,1116.4201717991305,2493.824418396773,False,Parcelas ubicadas en el sector Santa Bárbara
L105,NFY-2,504640,8581217,-74.9572401368172,-12.834036998076769,32718,4469.0,4463.0,9.945792136831605,355.9333627118279,background,composite,Yanamina,2018-07-23,Sb,censoring gradient,,True,2.5,0.1,mg/kg,,,,90.80198235721508,92.77930803794561,90.80198235721508,5608.87313130233,False,"Parcelas ubicadas en el bofedal del paraje Cumallipata, sector Yanamina"
L106,NFY-9,504648,8581057,-74.95716616806308,-12.835483838627287,32718,4504.0,4487.0,11.566216840390009,336.10379557981184,background,composite,Yanamina,2018-07-23,Sb,censoring gradient,,True,2.5,0.1,mg/kg,,,,249.3290997858052,252.79240494919938,249.3290997858052,5761.296710545394,False,"Parcelas ubicadas en el bofedal del paraje Cumallipata, sector Yanamina"
L107,NFY-11,504654,8580970,-74.9571107415007,-12.83627055561912,32718,4511.0,4498.0,5.970756843728821,317.64236929035803,background,composite,Yanamina,2018-07-23,Sb,censoring gradient,,True,2.5,0.1,mg/kg,,,,336.38668225719044,339.99558820667073,336.38668225719044,5844.923767865665,False,"Parcelas ubicadas sobre el bofedal del paraje Cumallipata, sector Yanamina "
L108,NFY-6,504654,8581130,-74.95711098669967,-12.834823703153232,32718,4475.0,4472.0,7.695544473264056,25.43346154226255,background,composite,Yanamina,2018-07-23,Sb,censoring gradient,,True,2.5,0.1,mg/kg,,,,178.53851125177448,180.87841220001906,178.53851125177448,5695.128778411931,False,"Parcelas ubicadas en el bofedal del paraje Cumallipata, sector Yanamina"
L109,NFY-10,504669,8581014,-74.95697257564193,-12.835872648613327,32718,4508.0,4495.0,8.714221612521397,349.087778878908,background,composite,Yanamina,2018-07-23,Sb,censoring gradient,,True,2.5,0.1,mg/kg,,,,295.16944286290885,297.8355250805384,295.16944286290885,5808.933048815054,False,"Parcelas ubicadas en el bofedal del paraje Cumallipata, sector Yanamina"
L110,NFY-5,504669,8581173,-74.95697282008562,-12.834434838935003,32718,4475.0,4467.0,7.888072032125769,3.4303977979467106,background,composite,Yanamina,2018-07-23,Sb,censoring gradient,,True,2.5,0.1,mg/kg,,,,142.0774436706967,142.04576727238302,142.04576727238302,5660.362013949261,False,"Parcelas ubicadas en el bofedal del paraje Cumallipata, sector Yanamina"
L111,NFY-3,504684,8581217,-74.95683465543657,-12.834036931805107,32718,4469.0,4462.0,8.344127238097997,356.7597618771666,background,composite,Yanamina,2018-07-23,Sb,censoring gradient,,True,2.5,0.1,mg/kg,,,,111.66467659918243,107.70329614269008,107.70329614269008,5624.818347503725,False,"Parcelas ubicadas en el bofedal del paraje Cumallipata, sector Yanamina"
L112,NFY-4,504713,8581173,-74.95656733806906,-12.834434772248963,32718,4479.0,4468.0,10.85653604539585,317.9313479906366,background,composite,Yanamina,2018-07-23,Sb,censoring gradient,,True,2.5,0.1,mg/kg,,,,164.20109622045769,160.37767924496225,160.37767924496225,5676.387387091288,False,"Parcelas ubicadas en el bofedal del paraje Cumallipata, sector Yanamina"
L113,NFY-8,504727,8581042,-74.95643811716764,-12.835619361392187,32718,4501.0,4493.0,5.3064449791988855,344.46836155869835,background,composite,Yanamina,2018-07-23,Sb,censoring gradient,,True,2.5,0.1,mg/kg,,,,285.3296339324046,284.76305940202286,284.76305940202286,5803.468991179547,False,"Parcelas ubicadas en el bofedal del paraje Cumallipata, sector Yanamina"
L114,NFY-7,504771,8581057,-74.9560326568215,-12.835483651458516,32718,4502.0,4492.0,3.9855283100289345,339.08619168309934,background,composite,Yanamina,2018-07-23,Sb,censoring gradient,,True,2.5,0.1,mg/kg,,,,292.67387994148027,289.74644087546613,289.74644087546613,5805.597021738119,False,"Parcelas ubicadas en el bofedal del paraje Cumallipata, sector Yanamina"
